5e:71:d5:52:64:5b,15:41:03
02:6c:c4:38:66:a8,15:41:04
de:99:25:fd:7b:ca,15:41:04
02:28:5c:dc:09:3e,15:41:04
16:a7:3b:fe:d7:95,15:41:04
02:6c:c4:38:66:a8,15:41:04
c2:99:4b:de:ca:a0,15:41:04
ba:7c:7d:ae:96:32,15:41:04
0e:9b:1e:e9:4c:ab,15:41:04
3a:68:a3:38:e7:c3,15:41:04
0e:9b:1e:e9:4c:ab,15:41:04
c2:64:43:ce:4d:3b,15:41:04
76:2b:05:80:ee:98,15:41:04
6a:6b:de:65:42:8a,15:41:04
fa:0d:7b:a8:05:89,15:41:04
86:27:34:34:84:e5,15:41:04
62:a5:59:b8:8c:5d,15:41:04
86:27:34:34:84:e5,15:41:04
5e:76:a5:10:1f:85,15:41:04
92:4f:e6:31:1b:10,15:41:04
46:b5:b8:3f:37:13,15:41:04
ee:cd:1c:c7:f9:53,15:41:04
86:95:aa:4b:3b:3f,15:41:04
86:95:aa:4b:3b:3f,15:41:04
26:a8:2d:64:71:f9,15:41:04
7e:1a:4f:8d:07:b6,15:41:04
12:d9:df:65:27:e2,15:41:04
