7,0.628539361054709,0.0,7,0.8571428571428571,0.0,2.0,0.0,0,0,0,0,0,Normal
7,0.6400954789890506,0.0,7,1.0,17.1,3.0,0.0,-1,0,0,0,0,Normal
7,0.6400954789890506,0.0,7,1.0,31.7,6.0,0.0,0,0,0,0,0,Normal
6,0.0,0.0,6,1.0,20.5,7.0,0.0,-1,0,0,0,0,Normal
7,0.0,0.0,7,1.0,9.8,7.0,0.0,-1,0,0,0,0,Normal
7,0.0,0.0,7,1.0,5.0,8.0,0.0,0,0,0,0,0,Normal
7,0.0,0.0,7,1.0,5.0,9.0,0.0,-1,0,0,0,0,Normal
7,0.0,0.0,7,1.0,33.3,10.0,0.0,0,0,0,0,0,Normal
7,0.0,0.0,7,1.0,14.6,8.0,0.0,0,0,0,0,0,Normal
7,0.8813963377120598,0.0,7,1.0,2.5,7.0,0.0,-1,0,0,0,0,Normal
7,0.8620067027323834,0.0,7,1.0,2.4,8.0,0.0,0,0,0,0,0,Normal
7,0.8620067027323834,0.0,7,1.0,7.3,6.0,0.0,0,0,0,0,0,Normal
7,0.8813963377120598,0.0,7,1.0,0.0,4.0,0.0,0,0,0,0,0,Normal
7,0.8620067027323834,0.0,7,1.0,2.6,4.0,0.0,0,0,0,0,0,Normal
7,0.8620067027323834,0.0,7,1.0,4.9,2.0,0.0,0,0,0,0,0,Normal
6,0.0,0.0,6,0.6666666666666666,2.7,2.0,0.0,0,0,0,0,0,Normal
6,0.0,0.0,6,0.6666666666666666,2.6,2.0,0.0,0,0,0,0,0,Normal
7,0.0,0.0,7,1.0,2.5,0.0,0.0,0,0,0,0,0,Normal
7,0.0,0.0,7,1.0,2.6,0.0,0.0,0,0,0,0,0,Normal
7,0.0,0.0,7,1.0,5.0,0.0,0.0,0,0,0,0,0,Normal
7,0.0,0.0,7,0.8571428571428571,0.0,1.0,0.0,-1,0,0,0,0,Normal
7,0.4714045207910317,0.0,7,1.0,0.0,3.0,0.0,-1,0,0,0,0,Normal
7,0.4714045207910317,0.0,7,1.0,2.5,5.0,0.0,-1,0,0,0,0,Normal
7,0.4714045207910317,0.0,7,1.0,2.6,7.0,0.0,-1,0,0,0,0,Normal
7,0.4714045207910317,0.0,7,1.0,4.9,8.0,0.0,0,0,0,0,0,Normal
7,0.4714045207910317,0.0,7,1.0,2.5,10.0,0.0,0,0,0,0,0,Normal
7,0.4714045207910317,0.0,7,1.0,0.0,10.0,0.0,0,0,0,0,0,Normal
6,0.0,0.0,6,0.8333333333333334,12.8,12.0,0.0,0,0,0,0,0,Normal
7,0.0,0.0,7,0.8571428571428571,0.0,12.0,0.0,0,0,0,0,0,Normal
7,0.0,0.0,7,0.8571428571428571,0.0,10.0,0.0,0,0,0,0,0,Normal
7,0.0,0.0,7,1.0,5.0,8.0,0.0,0,0,0,0,0,Normal
7,0.0,0.0,7,1.0,5.1,6.0,0.0,0,0,0,0,0,Normal
7,0.0,0.0,7,1.0,2.5,7.0,0.0,-1,0,0,0,0,Normal
7,0.6400954789890505,0.0,7,1.0,0.0,6.0,0.0,0,0,0,0,0,Normal
7,0.6400954789890505,0.0,7,1.0,2.5,4.0,0.0,0,0,0,0,0,Normal
7,0.6400954789890505,0.0,7,1.0,2.6,2.0,0.0,0,0,0,0,0,Normal
7,0.6555547773570889,0.0,7,1.0,14.6,2.0,0.0,0,0,0,0,0,Normal
7,0.6400954789890505,0.0,7,1.0,7.7,2.0,0.0,0,0,0,0,0,Normal
7,0.6555547773570889,0.0,7,1.0,5.0,2.0,0.0,0,0,0,0,0,Normal
7,0.6555547773570889,0.0,7,1.0,5.1,2.0,0.0,0,0,0,0,0,Normal
7,0.0,0.0,7,1.0,2.5,2.0,0.0,0,0,0,0,0,Normal
7,0.0,0.0,7,1.0,2.6,2.0,0.0,0,0,0,0,0,Normal
7,0.0,0.0,7,1.0,2.4,2.0,0.0,0,0,0,0,0,Normal
7,0.0,0.0,7,1.0,5.0,4.0,0.0,0,0,0,0,0,Normal
7,0.0,0.0,7,1.0,5.0,4.0,0.0,0,0,0,0,0,Normal
7,0.9537935951882998,0.0,7,1.0,4.9,4.0,0.0,0,0,0,0,0,Normal
7,0.9537935951882998,0.0,7,1.0,10.0,6.0,0.0,-2,0,0,0,0,Normal
7,0.9537935951882998,0.0,7,1.0,2.5,7.0,0.0,-1,0,0,0,0,Normal
7,0.9537935951882998,0.0,7,1.0,16.7,8.0,0.0,0,0,0,0,0,Normal
7,0.9537935951882998,0.0,7,1.0,2.6,9.0,0.0,-1,0,0,0,0,Normal
7,0.9162456945817024,0.0,7,0.8571428571428571,7.3,8.0,0.0,0,0,0,0,0,Normal
7,0.9537935951882998,0.0,7,1.0,5.0,9.0,0.0,-1,0,0,0,0,Normal
6,0.0,0.0,6,0.6666666666666666,2.5,10.0,0.0,0,0,0,0,0,Normal
6,0.0,0.0,6,0.6666666666666666,2.6,6.0,0.0,0,0,0,0,0,Normal
7,0.0,0.0,7,1.0,2.5,4.0,0.0,0,0,0,0,0,Normal
7,0.0,0.0,7,1.0,22.0,4.0,0.0,0,0,0,0,0,Normal
7,0.0,0.0,7,1.0,2.5,2.0,0.0,0,0,0,0,0,Normal
7,0.0,0.0,7,1.0,5.0,2.0,0.0,0,0,0,0,0,Normal
7,0.74535599249993,0.0,7,1.0,7.5,1.0,0.0,-1,0,0,0,0,Normal
7,0.74535599249993,0.0,7,1.0,0.0,2.0,0.0,0,0,0,0,0,Normal
7,0.74535599249993,0.0,7,1.0,2.6,3.0,0.0,-1,0,0,0,0,Normal
7,0.7496555682941201,0.0,7,1.0,2.5,4.0,0.0,0,0,0,0,0,Normal
7,0.74535599249993,0.0,7,1.0,17.1,4.0,0.0,0,0,0,0,0,Normal
7,0.7483314773547882,0.0,7,1.0,5.0,6.0,0.0,0,0,0,0,0,Normal
4,0.0,0.0,4,0.5,5.0,6.0,0.0,0,0,0,0,0,Normal
5,0.0,0.0,5,0.4,7.9,8.0,0.0,0,0,0,0,0,Normal
5,0.0,0.0,5,0.4,4.9,7.0,0.0,-1,0,0,0,0,Normal
7,0.0,0.0,7,1.0,7.3,8.0,0.0,0,0,0,0,0,Normal
7,0.0,0.0,7,1.0,4.9,6.0,0.0,0,0,0,0,0,Normal
7,0.0,0.0,7,1.0,5.1,6.0,0.0,0,0,0,0,0,Normal
7,0.6400954789890505,0.0,7,1.0,2.5,6.0,0.0,0,0,0,0,0,Normal
7,0.6400954789890505,0.0,7,1.0,4.9,4.0,0.0,0,0,0,0,0,Normal
7,0.6400954789890505,0.0,7,1.0,4.9,2.0,0.0,0,0,0,0,0,Normal
7,0.6400954789890505,0.0,7,1.0,2.5,4.0,0.0,0,0,0,0,0,Normal
7,0.6400954789890505,0.0,7,1.0,2.5,2.0,0.0,0,0,0,0,0,Normal
7,0.6400954789890505,0.0,7,1.0,0.0,3.0,0.0,-1,0,0,0,0,Normal
6,0.0,0.0,6,1.0,2.5,4.0,0.0,0,0,0,0,0,Normal
7,0.0,0.0,7,1.0,5.0,6.0,0.0,0,0,0,0,0,Normal
7,0.0,0.0,7,1.0,0.0,6.0,0.0,0,0,0,0,0,Normal
7,0.0,0.0,7,1.0,7.1,7.0,0.0,-1,0,0,0,0,Normal
7,0.0,0.0,7,0.8571428571428571,0.0,6.0,0.0,0,0,0,0,0,Normal
7,0.0,0.0,7,1.0,5.0,6.0,0.0,0,0,0,0,0,Normal
7,0.8620067027323834,0.0,7,1.0,0.0,6.0,0.0,0,0,0,0,0,Normal
7,0.8620067027323834,0.0,7,1.0,18.2,6.0,0.0,-2,0,0,0,0,Normal
7,0.8620067027323834,0.0,7,1.0,4.9,6.0,0.0,0,0,0,0,0,Normal
7,0.8620067027323834,0.0,7,1.0,2.5,6.0,0.0,0,0,0,0,0,Normal
7,0.8620067027323834,0.0,7,1.0,5.0,6.0,0.0,0,0,0,0,0,Normal
7,0.8813963377120598,0.0,7,1.0,0.0,6.0,0.0,0,0,0,0,0,Normal
6,0.0,0.0,6,0.8333333333333334,2.6,6.0,0.0,0,0,0,0,0,Normal
6,0.0,0.0,6,0.6666666666666666,0.0,8.0,0.0,0,0,0,0,0,Normal
6,0.0,0.0,6,0.6666666666666666,15.8,8.0,0.0,0,0,0,0,0,Normal
7,0.0,0.0,7,1.0,5.0,4.0,0.0,0,0,0,0,0,Normal
7,0.0,0.0,7,1.0,14.3,4.0,0.0,0,0,0,0,0,Normal
7,0.0,0.0,7,1.0,2.6,4.0,0.0,0,0,0,0,0,Normal
7,0.0,0.0,7,1.0,2.5,4.0,0.0,0,0,0,0,0,Normal
7,0.4714045207910317,0.0,7,1.0,2.5,3.0,0.0,-1,0,0,0,0,Normal
7,0.4714045207910317,0.0,7,1.0,0.0,2.0,0.0,0,0,0,0,0,Normal
7,0.4714045207910317,0.0,7,1.0,12.8,4.0,0.0,0,0,0,0,0,Normal
7,0.48104569292083466,0.0,7,1.0,2.6,4.0,0.0,0,0,0,0,0,Normal
7,0.4714045207910317,0.0,7,1.0,2.6,5.0,0.0,-1,0,0,0,0,Normal
7,0.48104569292083466,0.0,7,1.0,7.3,6.0,0.0,0,0,0,0,0,Normal
6,0.0,0.0,6,0.8333333333333334,2.5,6.0,0.0,0,0,0,0,0,Normal
7,0.0,0.0,7,0.8571428571428571,5.0,10.0,0.0,0,0,0,0,0,Normal
7,0.0,0.0,7,0.8571428571428571,5.0,8.0,0.0,0,0,0,0,0,Normal
7,0.0,0.0,7,1.0,2.5,6.0,0.0,0,0,0,0,0,Normal
7,0.0,0.0,7,1.0,2.6,6.0,0.0,0,0,0,0,0,Normal
7,0.0,0.0,7,1.0,2.5,6.0,0.0,0,0,0,0,0,Normal
7,0.82915619758885,0.0,7,1.0,2.6,5.0,0.0,-1,0,0,0,0,Normal
7,0.82915619758885,0.0,7,1.0,5.0,6.0,0.0,0,0,0,0,0,Normal
7,0.82915619758885,0.0,7,1.0,7.3,2.0,0.0,0,0,0,0,0,Normal
7,0.82915619758885,0.0,7,1.0,2.5,4.0,0.0,0,0,0,0,0,Normal
7,0.82915619758885,0.0,7,1.0,0.0,4.0,0.0,0,0,0,0,0,Normal
7,0.82915619758885,0.0,7,1.0,7.3,4.0,0.0,0,0,0,0,0,Normal
7,0.82915619758885,0.0,7,1.0,2.5,5.0,0.0,-1,0,0,0,0,Normal
7,0.0,0.0,7,1.0,2.6,4.0,0.0,0,0,0,0,0,Normal
7,0.0,0.0,7,1.0,0.0,4.0,0.0,0,0,0,0,0,Normal
7,0.0,0.0,7,1.0,5.0,4.0,0.0,0,0,0,0,0,Normal
7,0.0,0.0,7,0.8571428571428571,2.5,3.0,0.0,-1,0,0,0,0,Normal
7,0.0,0.0,7,1.0,2.5,4.0,0.0,0,0,0,0,0,Normal
7,0.9537935951882998,0.0,7,1.0,9.3,4.0,0.0,0,0,0,0,0,Normal
7,0.9537935951882998,0.0,7,1.0,2.6,6.0,0.0,-2,0,0,0,0,Normal
7,0.9537935951882998,0.0,7,1.0,5.1,8.0,0.0,0,0,0,0,0,Normal
7,0.9537935951882998,0.0,7,1.0,0.0,8.0,0.0,0,0,0,0,0,Normal
7,0.9537935951882998,0.0,7,1.0,4.9,8.0,0.0,0,0,0,0,0,Normal
7,0.9534625892455924,0.0,7,1.0,0.0,8.0,0.0,0,0,0,0,0,Normal
7,0.9534625892455924,0.0,7,1.0,7.3,7.0,0.0,-1,0,0,0,0,Normal
6,0.0,0.0,6,1.0,7.3,8.0,0.0,0,0,0,0,0,Normal
7,0.0,0.0,7,1.0,0.0,10.0,0.0,0,0,0,0,0,Normal
7,0.0,0.0,7,1.0,4.9,4.0,0.0,0,0,0,0,0,Normal
7,0.0,0.0,7,1.0,2.4,4.0,0.0,0,0,0,0,0,Normal
7,0.0,0.0,7,1.0,4.9,4.0,0.0,0,0,0,0,0,Normal
7,0.4930066485916347,0.0,7,1.0,0.0,4.0,0.0,0,0,0,0,0,Normal
7,0.49792959773196915,0.0,7,1.0,12.5,5.0,0.0,-1,0,0,0,0,Normal
7,0.4930066485916347,0.0,7,1.0,5.0,4.0,0.0,0,0,0,0,0,Normal
7,0.4930066485916347,0.0,7,1.0,0.0,2.0,0.0,0,0,0,0,0,Normal
7,0.49792959773196915,0.0,7,1.0,2.5,2.0,0.0,0,0,0,0,0,Normal
7,0.4930066485916347,0.0,7,1.0,2.5,2.0,0.0,0,0,0,0,0,Normal
7,0.4930066485916347,0.0,7,1.0,7.5,2.0,0.0,0,0,0,0,0,Normal
6,0.0,0.0,6,1.0,0.0,4.0,0.0,-2,0,0,0,0,Normal
6,0.0,0.0,6,1.0,14.6,6.0,0.0,0,0,0,0,0,Normal
6,0.0,0.0,6,1.0,5.0,6.0,0.0,0,0,0,0,0,Normal
7,0.0,0.0,7,1.0,0.0,6.0,0.0,0,0,0,0,0,Normal
7,0.0,0.0,7,1.0,2.6,6.0,0.0,0,0,0,0,0,Normal
7,0.0,0.0,7,1.0,0.0,6.0,0.0,0,0,0,0,0,Normal
7,0.0,0.0,7,0.8571428571428571,5.0,6.0,0.0,0,0,0,0,0,Normal
7,0.0,0.0,7,1.0,0.0,6.0,0.0,0,0,0,0,0,Normal
7,0.0,0.0,7,1.0,15.0,0.0,0.0,0,0,0,0,0,Normal
6,0.0,0.0,6,1.0,5.0,3.0,0.0,-3,0,0,0,0,Normal
7,0.0,0.0,7,1.0,2.4,6.0,0.0,0,0,0,0,0,Normal
7,0.0,0.0,7,1.0,7.5,7.0,0.0,-1,0,0,0,0,Normal
7,0.0,0.0,7,1.0,2.4,8.0,0.0,0,0,0,0,0,Normal
7,0.0,0.0,7,1.0,4.9,8.0,0.0,0,0,0,0,0,Normal
7,0.0,0.0,7,1.0,2.6,9.0,0.0,-1,0,0,0,0,Normal
7,0.0,0.0,7,1.0,10.3,10.0,0.0,0,0,0,0,0,Normal
7,0.0,0.0,7,1.0,20.0,10.0,0.0,0,0,0,0,0,Normal
7,0.0,0.0,7,1.0,2.5,4.0,0.0,0,0,0,0,0,Normal
7,0.0,0.0,7,1.0,5.1,4.0,0.0,0,0,0,0,0,Normal
7,0.0,0.0,7,1.0,0.0,3.0,0.0,-1,0,0,0,0,Normal
7,0.0,0.0,7,1.0,7.3,4.0,0.0,0,0,0,0,0,Normal
7,0.0,0.0,7,1.0,0.0,4.0,0.0,0,0,0,0,0,Normal
7,0.0,0.0,7,1.0,15.0,2.0,0.0,0,0,0,0,0,Normal
7,0.0,0.0,7,1.0,2.6,4.0,0.0,0,0,0,0,0,Normal
7,0.0,0.0,7,1.0,2.5,4.0,0.0,0,0,0,0,0,Normal
7,0.0,0.0,7,1.0,7.3,4.0,0.0,0,0,0,0,0,Normal
7,0.0,0.0,7,1.0,2.5,4.0,0.0,0,0,0,0,0,Normal
7,0.0,0.0,7,1.0,4.9,2.0,0.0,0,0,0,0,0,Normal
7,0.0,0.0,7,1.0,4.9,2.0,0.0,0,0,0,0,0,Normal
7,0.0,0.0,7,1.0,10.3,3.0,0.0,-1,0,0,0,0,Normal
7,0.5527707983925666,0.0,7,1.0,12.5,4.0,0.0,0,0,0,0,0,Normal
7,0.5527707983925666,0.0,7,1.0,2.5,4.0,0.0,0,0,0,0,0,Normal
7,0.5527707983925666,0.0,7,1.0,2.6,4.0,0.0,0,0,0,0,0,Normal
7,0.6998542122237653,0.0,7,0.8571428571428571,2.5,5.0,0.0,-1,0,0,0,0,Normal
7,0.5527707983925666,0.0,7,1.0,5.0,6.0,0.0,0,0,0,0,0,Normal
7,0.5749595745760688,0.0,7,1.0,5.0,9.0,0.0,-1,0,0,0,0,Normal
6,0.0,0.0,6,1.0,2.5,10.0,0.0,0,0,0,0,0,Normal
7,0.0,0.0,7,1.0,2.6,8.0,0.0,0,0,0,0,0,Normal
7,0.0,0.0,7,1.0,5.0,8.0,0.0,0,0,0,0,0,Normal
7,0.0,0.0,7,1.0,5.0,8.0,0.0,0,0,0,0,0,Normal
7,0.0,0.0,7,1.0,4.9,10.0,0.0,0,0,0,0,0,Normal
7,0.0,0.0,7,1.0,2.5,8.0,0.0,0,0,0,0,0,Normal
7,0.0,0.0,7,1.0,7.5,6.0,0.0,0,0,0,0,0,Normal
7,0.9537935951882998,0.0,7,1.0,2.5,6.0,0.0,0,0,0,0,0,Normal
7,0.9537935951882998,0.0,7,1.0,2.5,4.0,0.0,0,0,0,0,0,Normal
7,0.9537935951882998,0.0,7,1.0,2.5,4.0,0.0,0,0,0,0,0,Normal
7,0.9537935951882998,0.0,7,1.0,5.0,4.0,0.0,0,0,0,0,0,Normal
7,0.9537935951882998,0.0,7,1.0,0.0,2.0,0.0,0,0,0,0,0,Normal
7,0.9537935951882998,0.0,7,1.0,17.1,2.0,0.0,0,0,0,0,0,Normal
6,0.0,0.0,6,0.6666666666666666,7.3,3.0,0.0,-1,0,0,0,0,Normal
7,0.0,0.0,7,1.0,5.0,2.0,0.0,0,0,0,0,0,Normal
7,0.0,0.0,7,1.0,2.5,2.0,0.0,0,0,0,0,0,Normal
7,0.0,0.0,7,1.0,2.5,2.0,0.0,0,0,0,0,0,Normal
7,0.0,0.0,7,1.0,5.0,2.0,0.0,0,0,0,0,0,Normal
7,0.0,0.0,7,1.0,2.5,2.0,0.0,0,0,0,0,0,Normal
7,0.9537935951882998,0.0,7,1.0,13.2,3.0,0.0,-1,0,0,0,0,Normal
7,0.9537935951882998,0.0,7,1.0,2.6,4.0,0.0,0,0,0,0,0,Normal
7,0.9537935951882998,0.0,7,1.0,2.5,3.0,0.0,-1,0,0,0,0,Normal
7,0.9537935951882998,0.0,7,1.0,4.9,4.0,0.0,0,0,0,0,0,Normal
7,0.9537935951882998,0.0,7,1.0,2.5,6.0,0.0,0,0,0,0,0,Normal
7,0.7284313590846836,0.0,7,0.8571428571428571,5.0,9.0,0.0,-1,0,0,0,0,Normal
6,0.0,0.0,6,1.0,2.4,11.0,0.0,-1,0,0,0,0,Normal
6,0.0,0.0,6,1.0,7.7,12.0,0.0,0,0,0,0,0,Normal
6,0.0,0.0,6,1.0,17.9,10.0,0.0,0,0,0,0,0,Normal
7,0.0,0.0,7,1.0,2.5,10.0,0.0,0,0,0,0,0,Normal
7,0.0,0.0,7,1.0,5.0,8.0,0.0,0,0,0,0,0,Normal
7,0.0,0.0,7,1.0,2.4,8.0,0.0,0,0,0,0,0,Normal
7,0.6428243465332248,0.0,7,1.0,4.9,5.0,0.0,-1,0,0,0,0,Normal
7,0.6236095644623235,0.0,7,1.0,2.5,2.0,0.0,0,0,0,0,0,Normal
7,0.6236095644623235,0.0,7,1.0,12.8,2.0,0.0,0,0,0,0,0,Normal
7,0.66332495807108,0.0,7,1.0,2.6,4.0,0.0,0,0,0,0,0,Normal
7,0.6236095644623235,0.0,7,1.0,4.9,4.0,0.0,0,0,0,0,0,Normal
7,0.6428243465332248,0.0,7,1.0,5.0,4.0,0.0,0,0,0,0,0,Normal
7,0.0,0.0,7,1.0,2.6,4.0,0.0,0,0,0,0,0,Normal
7,0.0,0.0,7,1.0,2.5,6.0,0.0,0,0,0,0,0,Normal
7,0.0,0.0,7,1.0,0.0,4.0,0.0,0,0,0,0,0,Normal
7,0.0,0.0,7,1.0,14.3,4.0,0.0,0,0,0,0,0,Normal
7,0.0,0.0,7,1.0,2.6,4.0,0.0,0,0,0,0,0,Normal
7,0.0,0.0,7,1.0,2.5,2.0,0.0,0,0,0,0,0,Normal
7,0.0,0.0,7,1.0,2.6,2.0,0.0,0,0,0,0,0,Normal
7,0.3726779962499649,0.0,7,1.0,0.0,4.0,0.0,0,0,0,0,0,Normal
7,0.3726779962499649,0.0,7,1.0,7.5,2.0,0.0,0,0,0,0,0,Normal
7,0.3726779962499649,0.0,7,1.0,2.4,2.0,0.0,0,0,0,0,0,Normal
7,0.3726779962499649,0.0,7,1.0,12.8,4.0,0.0,-2,0,0,0,0,Normal
7,0.3726779962499649,0.0,7,1.0,5.0,6.0,0.0,0,0,0,0,0,Normal
7,0.3726779962499649,0.0,7,1.0,2.5,7.0,0.0,-1,0,0,0,0,Normal
7,0.0,0.0,7,1.0,7.5,8.0,0.0,0,0,0,0,0,Normal
7,0.0,0.0,7,1.0,90.0,8.0,0.0,0,0,0,0,0,Normal
7,0.0,0.0,7,1.0,2.5,6.0,0.0,0,0,0,0,0,Normal
7,0.0,0.0,7,1.0,2.6,6.0,0.0,0,0,0,0,0,Normal
6,0.0,0.0,6,1.0,2.4,8.0,0.0,-2,0,0,0,0,Normal
7,0.0,0.0,7,1.0,4.9,6.0,0.0,0,0,0,0,0,Normal
7,0.5951190357119042,0.0,7,1.0,0.0,7.0,0.0,-1,0,0,0,0,Normal
7,0.5951190357119042,0.0,7,1.0,15.0,6.0,0.0,0,0,0,0,0,Normal
7,0.5951190357119042,0.0,7,1.0,2.5,6.0,0.0,0,0,0,0,0,Normal
7,0.616575453011388,0.0,7,1.0,7.1,6.0,0.0,0,0,0,0,0,Normal
7,0.5951190357119042,0.0,7,1.0,2.6,6.0,0.0,0,0,0,0,0,Normal
7,0.616575453011388,0.0,7,1.0,5.0,8.0,0.0,0,0,0,0,0,Normal
7,0.0,0.0,7,1.0,5.0,5.0,0.0,-1,0,0,0,0,Normal
7,0.0,0.0,7,1.0,4.8,6.0,0.0,0,0,0,0,0,Normal
7,0.0,0.0,7,1.0,17.1,4.0,0.0,0,0,0,0,0,Normal
7,0.0,0.0,7,1.0,5.0,4.0,0.0,0,0,0,0,0,Normal
7,0.0,0.0,7,1.0,7.1,4.0,0.0,0,0,0,0,0,Normal
7,0.0,0.0,7,1.0,7.3,5.0,0.0,-1,0,0,0,0,Normal
7,1.0,0.0,7,1.0,14.6,4.0,0.0,0,0,0,0,0,Normal
7,1.0,0.0,7,1.0,2.6,4.0,0.0,0,0,0,0,0,Normal
7,0.9897433186107869,0.0,7,1.0,0.0,2.0,0.0,0,0,0,0,0,Normal
7,0.9897433186107869,0.0,7,1.0,7.5,3.0,0.0,-1,0,0,0,0,Normal
7,0.9897433186107869,0.0,7,1.0,4.9,4.0,0.0,0,0,0,0,0,Normal
7,0.9897433186107869,0.0,7,1.0,5.0,5.0,0.0,-1,0,0,0,0,Normal
7,0.9897433186107869,0.0,7,1.0,2.5,9.0,0.0,-1,0,0,0,0,Normal
7,0.0,0.0,7,1.0,0.0,8.0,0.0,0,0,0,0,0,Normal
7,0.0,0.0,7,1.0,7.7,8.0,0.0,0,0,0,0,0,Normal
7,0.0,0.0,7,1.0,2.5,8.0,0.0,0,0,0,0,0,Normal
7,0.0,0.0,7,0.8571428571428571,2.5,8.0,0.0,0,0,0,0,0,Normal
7,0.0,0.0,7,1.0,7.1,6.0,0.0,0,0,0,0,0,Normal
7,0.924211375534118,0.0,7,1.0,2.5,7.0,0.0,-1,0,0,0,0,Normal
7,0.924211375534118,0.0,7,1.0,7.3,4.0,0.0,0,0,0,0,0,Normal
7,0.924211375534118,0.0,7,1.0,2.5,2.0,0.0,0,0,0,0,0,Normal
7,0.924211375534118,0.0,7,1.0,22.5,3.0,0.0,-1,0,0,0,0,Normal
7,0.924211375534118,0.0,7,1.0,5.0,4.0,0.0,0,0,0,0,0,Normal
7,0.9359663764533637,0.0,7,1.0,2.5,4.0,0.0,0,0,0,0,0,Normal
6,0.0,0.0,6,0.8333333333333334,2.5,6.0,0.0,0,0,0,0,0,Normal
6,0.0,0.0,6,0.6666666666666666,2.5,6.0,0.0,0,0,0,0,0,Normal
7,0.0,0.0,7,1.0,4.9,4.0,0.0,0,0,0,0,0,Normal
7,0.0,0.0,7,1.0,7.1,6.0,0.0,0,0,0,0,0,Normal
7,0.0,0.0,7,1.0,10.5,6.0,0.0,0,0,0,0,0,Normal
7,0.0,0.0,7,1.0,5.0,5.0,0.0,1,0,0,0,0,Normal
7,0.49792959773196915,0.0,7,1.0,7.1,5.0,0.0,1,0,0,0,0,Normal
7,0.49792959773196915,0.0,7,1.0,5.0,6.0,0.0,0,0,0,0,0,Normal
7,0.49792959773196915,0.0,7,1.0,2.5,7.0,0.0,-1,0,0,0,0,Normal
7,0.49792959773196915,0.0,7,1.0,2.5,10.0,0.0,0,0,0,0,0,Normal
7,0.5,0.0,7,1.0,0.0,9.0,0.0,1,0,0,0,0,Normal
7,0.49792959773196915,0.0,7,1.0,15.0,10.0,0.0,0,0,0,0,0,Normal
7,0.4930066485916347,0.0,7,1.0,7.3,10.0,0.0,0,0,0,0,0,Normal
6,0.0,0.0,6,0.8333333333333334,5.0,10.0,0.0,0,0,0,0,0,Normal
7,0.0,0.0,7,0.8571428571428571,2.5,8.0,0.0,0,0,0,0,0,Normal
7,0.0,0.0,7,0.8571428571428571,7.7,8.0,0.0,0,0,0,0,0,Normal
7,0.0,0.0,7,1.0,5.0,2.0,0.0,0,0,0,0,0,Normal
7,0.0,0.0,7,1.0,0.0,2.0,0.0,0,0,0,0,0,Normal
7,0.0,0.0,7,1.0,7.3,2.0,0.0,0,0,0,0,0,Normal
7,0.7993052538854533,0.0,7,1.0,7.3,1.0,0.0,-1,0,0,0,0,Normal
7,0.7993052538854533,0.0,7,1.0,2.6,2.0,0.0,0,0,0,0,0,Normal
7,0.7993052538854533,0.0,7,1.0,7.1,2.0,0.0,0,0,0,0,0,Normal
7,0.7370277311900889,0.0,7,0.8571428571428571,4.9,2.0,0.0,0,0,0,0,0,Normal
7,0.7993052538854533,0.0,7,1.0,2.5,4.0,0.0,0,0,0,0,0,Normal
7,0.7993052538854533,0.0,7,1.0,0.0,4.0,0.0,0,0,0,0,0,Normal
6,0.0,0.0,6,1.0,15.0,5.0,0.0,-1,0,0,0,0,Normal
7,0.0,0.0,7,1.0,2.5,6.0,0.0,0,0,0,0,0,Normal
7,0.0,0.0,7,1.0,2.6,4.0,0.0,0,0,0,0,0,Normal
7,0.0,0.0,7,1.0,5.0,4.0,0.0,0,0,0,0,0,Normal
7,0.0,0.0,7,1.0,0.0,6.0,0.0,0,0,0,0,0,Normal
7,0.0,0.0,7,1.0,15.0,4.0,0.0,0,0,0,0,0,Normal
7,0.82915619758885,0.0,7,1.0,19.5,4.0,0.0,0,0,0,0,0,Normal
7,0.82915619758885,0.0,7,1.0,5.0,6.0,0.0,0,0,0,0,0,Normal
7,0.82915619758885,0.0,7,1.0,5.0,4.0,0.0,0,0,0,0,0,Normal
7,0.82915619758885,0.0,7,1.0,2.5,4.0,0.0,0,0,0,0,0,Normal
7,0.82915619758885,0.0,7,1.0,2.6,5.0,0.0,-1,0,0,0,0,Normal
7,0.82915619758885,0.0,7,1.0,0.0,4.0,0.0,0,0,0,0,0,Normal
6,0.0,0.0,6,0.8333333333333334,15.0,8.0,0.0,-2,0,0,0,0,Normal
6,0.0,0.0,6,0.6666666666666666,5.0,10.0,0.0,0,0,0,0,0,Normal
7,0.0,0.0,7,1.0,4.8,10.0,0.0,0,0,0,0,0,Normal
7,0.0,0.0,7,1.0,5.0,8.0,0.0,0,0,0,0,0,Normal
7,0.0,0.0,7,1.0,2.5,9.0,0.0,-1,0,0,0,0,Normal
7,0.0,0.0,7,1.0,2.5,10.0,0.0,0,0,0,0,0,Normal
7,0.82915619758885,0.0,7,1.0,0.0,8.0,0.0,0,0,0,0,0,Normal
7,0.82915619758885,0.0,7,1.0,12.5,10.0,0.0,0,0,0,0,0,Normal
7,0.7999999999999999,0.0,7,1.0,5.0,4.0,0.0,0,0,0,0,0,Normal
7,0.7880950133074057,0.0,7,1.0,2.5,4.0,0.0,0,0,0,0,0,Normal
7,0.7999999999999999,0.0,7,1.0,5.0,4.0,0.0,0,0,0,0,0,Normal
7,0.7759356446042894,0.0,7,1.0,0.0,4.0,0.0,0,0,0,0,0,Normal
4,0.0,0.0,4,0.75,5.0,3.0,0.0,-1,0,0,0,0,Normal
6,0.0,0.0,6,0.8333333333333334,5.1,4.0,0.0,0,0,0,0,0,Normal
7,0.0,0.0,7,0.8571428571428571,12.5,2.0,0.0,0,0,0,0,0,Normal
7,0.0,0.0,7,0.8571428571428571,2.6,2.0,0.0,0,0,0,0,0,Normal
7,0.0,0.0,7,1.0,5.0,2.0,0.0,0,0,0,0,0,Normal
7,0.0,0.0,7,1.0,2.6,2.0,0.0,0,0,0,0,0,Normal
7,0.0,0.0,7,1.0,2.5,2.0,0.0,0,0,0,0,0,Normal
7,2.824817133326455,0.0,7,1.0,2.5,4.0,0.0,0,0,0,0,0,Normal
7,2.824817133326455,0.0,7,1.0,0.0,2.0,0.0,0,0,0,0,0,Normal
7,2.824817133326455,0.0,7,1.0,14.6,2.0,0.0,0,0,0,0,0,Normal
7,2.9931050242098776,0.0,7,0.8571428571428571,2.6,2.0,0.0,0,0,0,0,0,Normal
7,2.768071932270226,0.0,7,1.0,0.0,6.0,0.0,0,0,0,0,0,Normal
7,2.7128168017763383,0.0,7,1.0,2.5,8.0,0.0,0,0,0,0,0,Normal
6,0.0,0.0,6,1.0,2.6,9.0,0.0,-1,0,0,0,0,Normal
7,0.0,0.0,7,1.0,2.6,10.0,0.0,0,0,0,0,0,Normal
7,0.0,0.0,7,1.0,0.0,12.0,0.0,0,0,0,0,0,Normal
7,0.0,0.0,7,1.0,19.5,12.0,0.0,0,0,0,0,0,Normal
7,0.0,0.0,7,1.0,5.0,13.0,0.0,1,0,0,0,0,Normal
7,0.0,0.0,7,1.0,2.5,9.0,0.0,1,0,0,0,0,Normal
7,0.8355984993230935,0.0,7,1.0,2.6,9.0,0.0,1,0,0,0,0,Normal
7,0.8355984993230935,0.0,7,1.0,0.0,7.0,0.0,1,0,0,0,0,Normal
7,0.8355984993230935,0.0,7,1.0,7.5,6.0,0.0,0,0,0,0,0,Normal
7,0.8355984993230935,0.0,7,1.0,2.6,5.0,0.0,1,0,0,0,0,Normal
7,0.8355984993230935,0.0,7,1.0,12.5,3.0,0.0,1,0,0,0,0,Normal
7,0.8498365855987975,0.0,7,1.0,5.0,2.0,0.0,0,0,0,0,0,Normal
7,0.8498365855987975,0.0,7,1.0,0.0,2.0,0.0,0,0,0,0,0,Normal
6,0.0,0.0,6,1.0,2.6,2.0,0.0,0,0,0,0,0,Normal
6,0.0,0.0,6,1.0,0.0,2.0,0.0,0,0,0,0,0,Normal
7,0.0,0.0,7,1.0,2.6,0.0,0.0,0,0,0,0,0,Normal
7,0.0,0.0,7,1.0,4.9,0.0,0.0,0,0,0,0,0,Normal
7,0.0,0.0,7,1.0,10.3,0.0,0.0,0,0,0,0,0,Normal
7,0.6400954789890506,0.0,7,1.0,2.6,0.0,0.0,0,0,0,0,0,Normal
7,0.6400954789890506,0.0,7,1.0,2.5,2.0,0.0,0,0,0,0,0,Normal
7,0.6400954789890506,0.0,7,1.0,7.3,2.0,0.0,0,0,0,0,0,Normal
7,0.6400954789890506,0.0,7,1.0,2.6,2.0,0.0,0,0,0,0,0,Normal
7,0.6400954789890506,0.0,7,1.0,5.0,2.0,0.0,0,0,0,0,0,Normal
7,0.6400954789890506,0.0,7,1.0,2.5,5.0,0.0,-1,0,0,0,0,Normal
5,0.0,0.0,5,1.0,5.0,7.0,0.0,-1,0,0,0,0,Normal
7,0.0,0.0,7,0.8571428571428571,2.5,8.0,0.0,0,0,0,0,0,Normal
7,0.0,0.0,7,0.8571428571428571,7.1,9.0,0.0,-1,0,0,0,0,Normal
7,0.0,0.0,7,0.8571428571428571,5.0,10.0,0.0,0,0,0,0,0,Normal
7,0.0,0.0,7,1.0,2.5,11.0,0.0,-1,0,0,0,0,Normal
7,0.0,0.0,7,1.0,2.6,12.0,0.0,0,0,0,0,0,Normal
7,0.46351240544347894,0.0,7,1.0,2.5,10.0,0.0,0,0,0,0,0,Normal
7,0.4556450995538137,0.0,7,1.0,50.0,8.0,0.0,0,0,0,0,0,Normal
7,0.46351240544347894,0.0,7,1.0,5.1,6.0,0.0,0,0,0,0,0,Normal
7,0.44034738238635557,0.0,7,1.0,2.5,7.0,0.0,-1,0,0,0,0,Normal
7,0.4479032082388083,0.0,7,1.0,5.0,4.0,0.0,0,0,0,0,0,Normal
7,0.4556450995538137,0.0,7,1.0,4.9,4.0,0.0,0,0,0,0,0,Normal
7,0.4479032082388083,0.0,7,1.0,14.6,2.0,0.0,0,0,0,0,0,Normal
7,0.0,0.0,7,1.0,2.6,2.0,0.0,0,0,0,0,0,Normal
7,0.0,0.0,7,1.0,4.9,2.0,0.0,0,0,0,0,0,Normal
7,0.0,0.0,7,1.0,2.6,3.0,0.0,-1,0,0,0,0,Normal
7,0.0,0.0,7,1.0,2.5,4.0,0.0,0,0,0,0,0,Normal
7,0.0,0.0,7,1.0,4.9,2.0,0.0,0,0,0,0,0,Normal
7,0.0,0.0,7,1.0,2.5,2.0,0.0,0,0,0,0,0,Normal
7,0.9860132971832694,0.0,7,1.0,15.0,4.0,0.0,0,0,0,0,0,Normal
7,0.9270248108869579,0.0,7,1.0,5.0,6.0,0.0,0,0,0,0,0,Normal
7,0.9270248108869579,0.0,7,1.0,10.0,6.0,0.0,0,0,0,0,0,Normal
7,0.9270248108869579,0.0,7,1.0,7.5,4.0,0.0,0,0,0,0,0,Normal
7,0.9270248108869579,0.0,7,1.0,5.0,7.0,0.0,-3,0,0,0,0,Normal
7,0.9270248108869579,0.0,7,1.0,9.5,10.0,0.0,0,0,0,0,0,Normal
6,0.0,0.0,6,1.0,2.4,10.0,0.0,0,0,0,0,0,Normal
6,0.0,0.0,6,1.0,15.0,10.0,0.0,0,0,0,0,0,Normal
7,0.0,0.0,7,1.0,5.0,6.0,0.0,0,0,0,0,0,Normal
7,0.0,0.0,7,1.0,2.5,6.0,0.0,0,0,0,0,0,Normal
7,0.0,0.0,7,1.0,2.6,6.0,0.0,0,0,0,0,0,Normal
7,0.0,0.0,7,0.8571428571428571,5.0,4.0,0.0,0,0,0,0,0,Normal
7,0.9537935951882999,0.0,7,1.0,5.0,1.0,0.0,-1,0,0,0,0,Normal
7,0.9537935951882999,0.0,7,1.0,2.4,2.0,0.0,0,0,0,0,0,Normal
7,0.9537935951882999,0.0,7,1.0,15.0,2.0,0.0,0,0,0,0,0,Normal
7,0.9537935951882999,0.0,7,1.0,5.0,2.0,0.0,0,0,0,0,0,Normal
7,0.9534625892455924,0.0,7,1.0,2.6,3.0,0.0,-1,0,0,0,0,Normal
7,0.9537935951882999,0.0,7,1.0,2.5,4.0,0.0,0,0,0,0,0,Normal
7,0.9534625892455924,0.0,7,1.0,0.0,5.0,0.0,-1,0,0,0,0,Normal
6,0.0,0.0,6,1.0,4.9,7.0,0.0,-1,0,0,0,0,Normal
6,0.0,0.0,6,1.0,2.5,7.0,0.0,-1,0,0,0,0,Normal
7,0.0,0.0,7,1.0,12.5,8.0,0.0,0,0,0,0,0,Normal
7,0.0,0.0,7,1.0,2.6,8.0,0.0,0,0,0,0,0,Normal
7,0.0,0.0,7,1.0,7.3,8.0,0.0,0,0,0,0,0,Normal
7,0.6454972243679028,0.0,7,1.0,5.0,6.0,0.0,0,0,0,0,0,Normal
7,0.6454972243679028,0.0,7,1.0,0.0,6.0,0.0,0,0,0,0,0,Normal
7,0.6454972243679028,0.0,7,1.0,4.9,2.0,0.0,0,0,0,0,0,Normal
7,0.6454972243679028,0.0,7,1.0,2.5,0.0,0.0,0,0,0,0,0,Normal
7,0.6454972243679028,0.0,7,1.0,14.6,3.0,0.0,-1,0,0,0,0,Normal
7,0.6454972243679028,0.0,7,1.0,2.6,4.0,0.0,0,0,0,0,0,Normal
5,0.0,0.0,5,1.0,2.5,4.0,0.0,0,0,0,0,0,Normal
7,0.0,0.0,7,1.0,5.0,4.0,0.0,0,0,0,0,0,Normal
7,0.0,0.0,7,1.0,2.5,4.0,0.0,0,0,0,0,0,Normal
7,0.0,0.0,7,1.0,2.6,4.0,0.0,0,0,0,0,0,Normal
7,0.0,0.0,7,1.0,0.0,5.0,0.0,-1,0,0,0,0,Normal
7,0.0,0.0,7,1.0,15.0,4.0,0.0,0,0,0,0,0,Normal
7,0.0,0.0,7,1.0,2.6,3.0,0.0,-1,0,0,0,0,Normal
7,0.3726779962499649,0.0,7,1.0,0.0,6.0,0.0,0,0,0,0,0,Normal
7,0.41573970964154905,0.0,7,0.8571428571428571,20.5,6.0,0.0,0,0,0,0,0,Normal
7,0.3726779962499649,0.0,7,1.0,7.1,7.0,0.0,-1,0,0,0,0,Normal
7,0.38569460791993493,0.0,7,1.0,5.0,8.0,0.0,0,0,0,0,0,Normal
7,0.3726779962499649,0.0,7,1.0,0.0,9.0,0.0,-1,0,0,0,0,Normal
7,0.3726779962499649,0.0,7,1.0,10.3,8.0,0.0,0,0,0,0,0,Normal
7,0.0,0.0,7,1.0,5.1,8.0,0.0,0,0,0,0,0,Normal
7,0.0,0.0,7,1.0,0.0,4.0,0.0,0,0,0,0,0,Normal
7,0.0,0.0,7,1.0,4.9,4.0,0.0,0,0,0,0,0,Normal
7,0.0,0.0,7,1.0,2.5,4.0,0.0,0,0,0,0,0,Normal
7,0.0,0.0,7,1.0,2.6,2.0,0.0,0,0,0,0,0,Normal
7,0.0,0.0,7,1.0,0.0,4.0,0.0,0,0,0,0,0,Normal
7,0.7453559924999298,0.0,7,1.0,12.5,3.0,0.0,-1,0,0,0,0,Normal
7,0.7713892158398699,0.0,7,1.0,2.6,4.0,0.0,0,0,0,0,0,Normal
7,0.7453559924999298,0.0,7,1.0,2.5,4.0,0.0,0,0,0,0,0,Normal
7,0.7453559924999298,0.0,7,1.0,2.6,4.0,0.0,0,0,0,0,0,Normal
7,0.7713892158398699,0.0,7,1.0,7.1,4.0,0.0,0,0,0,0,0,Normal
7,0.7453559924999298,0.0,7,1.0,5.0,4.0,0.0,0,0,0,0,0,Normal
7,0.0,0.0,7,1.0,0.0,7.0,0.0,-1,0,0,0,0,Normal
7,0.0,0.0,7,1.0,17.1,6.0,0.0,0,0,0,0,0,Normal
7,0.0,0.0,7,1.0,7.5,6.0,0.0,0,0,0,0,0,Normal
7,0.0,0.0,7,1.0,2.5,6.0,0.0,0,0,0,0,0,Normal
7,0.0,0.0,7,1.0,2.5,6.0,0.0,0,0,0,0,0,Normal
7,0.0,0.0,7,1.0,2.6,6.0,0.0,0,0,0,0,0,Normal
7,0.9860132971832694,0.0,7,1.0,4.9,7.0,0.0,-1,0,0,0,0,Normal
7,0.9860132971832694,0.0,7,1.0,2.5,7.0,0.0,-1,0,0,0,0,Normal
7,0.9860132971832694,0.0,7,1.0,14.6,6.0,0.0,0,0,0,0,0,Normal
7,0.9860132971832694,0.0,7,1.0,7.5,4.0,0.0,0,0,0,0,0,Normal
7,0.9860132971832694,0.0,7,1.0,5.0,4.0,0.0,0,0,0,0,0,Normal
7,0.9860132971832694,0.0,7,1.0,17.5,6.0,0.0,-2,0,0,0,0,Normal
4,0.0,0.0,4,1.0,4.9,8.0,0.0,0,0,0,0,0,Normal
6,0.0,0.0,6,1.0,13.2,8.0,0.0,0,0,0,0,0,Normal
7,0.0,0.0,7,1.0,2.6,6.0,0.0,0,0,0,0,0,Normal
7,0.0,0.0,7,1.0,27.5,4.0,0.0,0,0,0,0,0,Normal
7,0.0,0.0,7,1.0,7.3,4.0,0.0,0,0,0,0,0,Normal
7,0.0,0.0,7,1.0,0.0,4.0,0.0,0,0,0,0,0,Normal
7,0.8975274678557507,0.0,7,1.0,4.9,4.0,0.0,0,0,0,0,0,Normal
7,0.8975274678557507,0.0,7,1.0,5.0,2.0,0.0,0,0,0,0,0,Normal
7,0.8975274678557507,0.0,7,1.0,17.5,2.0,0.0,0,0,0,0,0,Normal
7,0.8975274678557507,0.0,7,1.0,2.6,2.0,0.0,0,0,0,0,0,Normal
7,0.8999540851465149,0.0,7,1.0,5.0,3.0,0.0,-1,0,0,0,0,Normal
7,0.8975274678557507,0.0,7,1.0,2.5,5.0,0.0,-1,0,0,0,0,Normal
7,0.8975274678557507,0.0,7,1.0,5.1,8.0,0.0,0,0,0,0,0,Normal
6,0.0,0.0,6,1.0,5.1,8.0,0.0,0,0,0,0,0,Normal
6,0.0,0.0,6,1.0,0.0,7.0,0.0,-1,0,0,0,0,Normal
7,0.0,0.0,7,1.0,4.9,8.0,0.0,0,0,0,0,0,Normal
7,0.0,0.0,7,1.0,5.0,8.0,0.0,0,0,0,0,0,Normal
7,0.0,0.0,7,1.0,2.5,8.0,0.0,0,0,0,0,0,Normal
7,0.0,0.0,7,1.0,2.6,6.0,0.0,0,0,0,0,0,Normal
7,0.7993052538854533,0.0,7,1.0,2.6,2.0,0.0,0,0,0,0,0,Normal
7,0.7993052538854533,0.0,7,1.0,4.9,2.0,0.0,0,0,0,0,0,Normal
7,0.7993052538854533,0.0,7,1.0,4.9,3.0,0.0,-1,0,0,0,0,Normal
7,0.7993052538854533,0.0,7,1.0,12.8,2.0,0.0,0,0,0,0,0,Normal
7,0.7993052538854533,0.0,7,1.0,7.3,4.0,0.0,-2,0,0,0,0,Normal
7,0.7993052538854533,0.0,7,1.0,4.9,6.0,0.0,0,0,0,0,0,Normal
6,0.0,0.0,6,0.8333333333333334,2.6,7.0,0.0,-1,0,0,0,0,Normal
6,0.0,0.0,6,0.8333333333333334,2.5,8.0,0.0,0,0,0,0,0,Normal
7,0.0,0.0,7,0.8571428571428571,5.0,8.0,0.0,0,0,0,0,0,Normal
7,0.0,0.0,7,1.0,0.0,8.0,0.0,0,0,0,0,0,Normal
7,0.0,0.0,7,1.0,14.6,6.0,0.0,0,0,0,0,0,Normal
7,0.0,0.0,7,1.0,2.6,3.0,0.0,-1,0,0,0,0,Normal
7,0.7592027982620249,0.0,7,1.0,4.8,4.0,0.0,0,0,0,0,0,Normal
7,0.7713892158398701,0.0,7,1.0,5.0,2.0,0.0,0,0,0,0,0,Normal
7,0.7592027982620249,0.0,7,1.0,0.0,2.0,0.0,0,0,0,0,0,Normal
7,0.7592027982620249,0.0,7,1.0,2.6,3.0,0.0,-1,0,0,0,0,Normal
7,0.7713892158398701,0.0,7,1.0,2.4,4.0,0.0,0,0,0,0,0,Normal
7,0.7592027982620249,0.0,7,1.0,7.7,6.0,0.0,0,0,0,0,0,Normal
6,0.0,0.0,6,0.8333333333333334,5.0,6.0,0.0,0,0,0,0,0,Normal
7,0.0,0.0,7,1.0,4.9,4.0,0.0,0,0,0,0,0,Normal
7,0.0,0.0,7,1.0,2.5,4.0,0.0,0,0,0,0,0,Normal
7,0.0,0.0,7,1.0,0.0,5.0,0.0,-1,0,0,0,0,Normal
7,0.0,0.0,7,0.8571428571428571,2.5,6.0,0.0,0,0,0,0,0,Normal
7,0.0,0.0,7,1.0,2.4,4.0,0.0,0,0,0,0,0,Normal
7,0.7592027982620249,0.0,7,1.0,7.5,3.0,0.0,-1,0,0,0,0,Normal
7,0.7592027982620249,0.0,7,1.0,5.0,5.0,0.0,-1,0,0,0,0,Normal
7,0.7592027982620249,0.0,7,1.0,2.6,6.0,0.0,0,0,0,0,0,Normal
7,0.7592027982620249,0.0,7,1.0,2.5,6.0,0.0,0,0,0,0,0,Normal
7,0.7713892158398701,0.0,7,1.0,2.5,7.0,0.0,-1,0,0,0,0,Normal
7,0.7592027982620249,0.0,7,1.0,2.5,6.0,0.0,0,0,0,0,0,Normal
7,0.7592027982620249,0.0,7,1.0,2.5,8.0,0.0,0,0,0,0,0,Normal
6,0.0,0.0,6,1.0,4.9,8.0,0.0,0,0,0,0,0,Normal
6,0.0,0.0,6,1.0,5.0,7.0,0.0,-1,0,0,0,0,Normal
7,0.0,0.0,7,1.0,0.0,6.0,0.0,0,0,0,0,0,Normal
7,0.0,0.0,7,1.0,7.3,6.0,0.0,0,0,0,0,0,Normal
7,0.0,0.0,7,1.0,0.0,6.0,0.0,0,0,0,0,0,Normal
7,0.0,0.0,7,1.0,2.6,6.0,0.0,0,0,0,0,0,Normal
7,1.0,0.0,7,1.0,0.0,4.0,0.0,0,0,0,0,0,Normal
7,1.0,0.0,7,1.0,17.1,4.0,0.0,0,0,0,0,0,Normal
7,1.0,0.0,7,1.0,5.0,4.0,0.0,0,0,0,0,0,Normal
7,0.9958591954639383,0.0,7,1.0,4.9,2.0,0.0,0,0,0,0,0,Normal
7,1.0,0.0,7,1.0,7.7,4.0,0.0,0,0,0,0,0,Normal
7,1.0,0.0,7,1.0,0.0,4.0,0.0,0,0,0,0,0,Normal
5,0.0,0.0,5,0.2,5.0,3.0,0.0,-1,0,0,0,0,Normal
6,0.0,0.0,6,0.8333333333333334,2.5,6.0,0.0,0,0,0,0,0,Normal
7,0.0,0.0,7,0.8571428571428571,7.9,6.0,0.0,0,0,0,0,0,Normal
7,0.0,0.0,7,1.0,2.5,6.0,0.0,0,0,0,0,0,Normal
7,0.0,0.0,7,1.0,2.5,6.0,0.0,0,0,0,0,0,Normal
7,0.0,0.0,7,1.0,5.0,5.0,0.0,-1,0,0,0,0,Normal
7,0.82915619758885,0.0,7,1.0,0.0,6.0,0.0,0,0,0,0,0,Normal
7,0.82915619758885,0.0,7,1.0,5.0,4.0,0.0,0,0,0,0,0,Normal
7,0.82915619758885,0.0,7,1.0,2.4,4.0,0.0,0,0,0,0,0,Normal
7,0.82915619758885,0.0,7,1.0,14.6,4.0,0.0,0,0,0,0,0,Normal
7,0.82915619758885,0.0,7,1.0,2.6,4.0,0.0,0,0,0,0,0,Normal
7,0.82915619758885,0.0,7,1.0,4.9,4.0,0.0,0,0,0,0,0,Normal
6,0.0,0.0,6,0.8333333333333334,5.0,5.0,0.0,-1,0,0,0,0,Normal
7,0.0,0.0,7,1.0,2.5,6.0,0.0,0,0,0,0,0,Normal
7,0.0,0.0,7,1.0,2.6,6.0,0.0,0,0,0,0,0,Normal
7,0.0,0.0,7,1.0,2.5,4.0,0.0,0,0,0,0,0,Normal
7,0.0,0.0,7,0.8571428571428571,15.0,4.0,0.0,0,0,0,0,0,Normal
7,0.0,0.0,7,1.0,5.0,5.0,0.0,-1,0,0,0,0,Normal
7,0.74535599249993,0.0,7,1.0,2.5,7.0,0.0,-1,0,0,0,0,Normal
7,0.74535599249993,0.0,7,1.0,0.0,9.0,0.0,-1,0,0,0,0,Normal
7,0.74535599249993,0.0,7,1.0,0.0,6.0,0.0,0,0,0,0,0,Normal
7,0.74535599249993,0.0,7,1.0,2.6,6.0,0.0,0,0,0,0,0,Normal
7,0.7496555682941201,0.0,7,1.0,2.5,6.0,0.0,0,0,0,0,0,Normal
7,0.74535599249993,0.0,7,1.0,17.1,8.0,0.0,0,0,0,0,0,Normal
6,0.0,0.0,6,0.8333333333333334,5.1,10.0,0.0,0,0,0,0,0,Normal
6,0.0,0.0,6,0.6666666666666666,2.6,8.0,0.0,0,0,0,0,0,Normal
7,0.0,0.0,7,0.7142857142857143,2.6,4.0,0.0,0,0,0,0,0,Normal
7,0.0,0.0,7,1.0,2.4,4.0,0.0,0,0,0,0,0,Normal
7,0.0,0.0,7,1.0,5.0,4.0,0.0,0,0,0,0,0,Normal
7,0.0,0.0,7,1.0,2.4,4.0,0.0,0,0,0,0,0,Normal
7,0.0,0.0,7,1.0,17.1,2.0,0.0,0,0,0,0,0,Normal
7,0.9537935951882999,0.0,7,1.0,7.3,0.0,0.0,0,0,0,0,0,Normal
7,0.9537935951882999,0.0,7,1.0,2.5,0.0,0.0,0,0,0,0,0,Normal
7,0.9537935951882999,0.0,7,1.0,2.5,2.0,0.0,0,0,0,0,0,Normal
7,0.9534625892455924,0.0,7,1.0,2.4,2.0,0.0,0,0,0,0,0,Normal
7,0.9537935951882999,0.0,7,1.0,2.5,2.0,0.0,0,0,0,0,0,Normal
7,0.9537935951882999,0.0,7,1.0,0.0,4.0,0.0,0,0,0,0,0,Normal
5,0.0,0.0,5,0.2,10.5,7.0,0.0,-1,0,0,0,0,Normal
6,0.0,0.0,6,0.8333333333333334,7.3,10.0,0.0,0,0,0,0,0,Normal
7,0.0,0.0,7,0.8571428571428571,4.9,10.0,0.0,0,0,0,0,0,Normal
7,0.0,0.0,7,1.0,5.0,8.0,0.0,0,0,0,0,0,Normal
7,0.0,0.0,7,1.0,0.0,8.0,0.0,0,0,0,0,0,Normal
7,0.0,0.0,7,1.0,7.7,9.0,0.0,-1,0,0,0,0,Normal
7,0.82915619758885,0.0,7,1.0,0.0,10.0,0.0,0,0,0,0,0,Normal
7,0.82915619758885,0.0,7,1.0,17.1,6.0,0.0,0,0,0,0,0,Normal
7,0.82915619758885,0.0,7,1.0,5.0,2.0,0.0,0,0,0,0,0,Normal
7,0.82915619758885,0.0,7,1.0,12.2,3.0,0.0,-1,0,0,0,0,Normal
7,0.82915619758885,0.0,7,1.0,2.6,6.0,0.0,0,0,0,0,0,Normal
7,0.82915619758885,0.0,7,1.0,2.5,6.0,0.0,0,0,0,0,0,Normal
7,0.8331955809010617,0.0,7,1.0,5.0,6.0,0.0,0,0,0,0,0,Normal
7,0.0,0.0,7,1.0,7.3,4.0,0.0,0,0,0,0,0,Normal
7,0.0,0.0,7,1.0,2.5,4.0,0.0,0,0,0,0,0,Normal
7,0.0,0.0,7,1.0,4.9,4.0,0.0,0,0,0,0,0,Normal
7,0.0,0.0,7,1.0,2.6,4.0,0.0,0,0,0,0,0,Normal
7,0.0,0.0,7,1.0,5.0,4.0,0.0,0,0,0,0,0,Normal
7,0.7592027982620247,0.0,7,1.0,2.4,3.0,0.0,-1,0,0,0,0,Normal
7,0.7592027982620247,0.0,7,1.0,5.0,5.0,0.0,-1,0,0,0,0,Normal
7,0.7592027982620247,0.0,7,1.0,2.5,6.0,0.0,0,0,0,0,0,Normal
7,0.7592027982620247,0.0,7,1.0,0.0,6.0,0.0,0,0,0,0,0,Normal
7,0.7592027982620247,0.0,7,1.0,5.0,6.0,0.0,0,0,0,0,0,Normal
7,0.7592027982620247,0.0,7,1.0,0.0,4.0,0.0,0,0,0,0,0,Normal
6,0.0,0.0,6,0.8333333333333334,5.1,4.0,0.0,0,0,0,0,0,Normal
6,0.0,0.0,6,0.6666666666666666,2.4,5.0,0.0,-1,0,0,0,0,Normal
7,0.0,0.0,7,1.0,12.8,2.0,0.0,0,0,0,0,0,Normal
7,0.0,0.0,7,1.0,7.3,2.0,0.0,0,0,0,0,0,Normal
7,0.0,0.0,7,1.0,4.9,4.0,0.0,-2,0,0,0,0,Normal
7,0.0,0.0,7,1.0,2.6,6.0,0.0,0,0,0,0,0,Normal
7,0.7592027982620247,0.0,7,1.0,4.8,6.0,0.0,0,0,0,0,0,Normal
7,0.7592027982620247,0.0,7,1.0,2.6,6.0,0.0,0,0,0,0,0,Normal
7,0.7820295697311479,0.0,7,1.0,4.8,6.0,0.0,0,0,0,0,0,Normal
7,0.7592027982620247,0.0,7,1.0,15.0,4.0,0.0,0,0,0,0,0,Normal
7,0.7820295697311479,0.0,7,1.0,2.5,6.0,0.0,0,0,0,0,0,Normal
7,0.8314794192830981,0.0,7,1.0,4.9,6.0,0.0,0,0,0,0,0,Normal
7,0.7592027982620247,0.0,7,1.0,5.1,3.0,0.0,-1,0,0,0,0,Normal
6,0.0,0.0,6,0.8333333333333334,5.0,6.0,0.0,-2,0,0,0,0,Normal
7,0.0,0.0,7,0.8571428571428571,9.5,8.0,0.0,0,0,0,0,0,Normal
7,0.0,0.0,7,0.8571428571428571,0.0,10.0,0.0,0,0,0,0,0,Normal
7,0.0,0.0,7,1.0,2.6,10.0,0.0,0,0,0,0,0,Normal
7,0.0,0.0,7,1.0,2.5,8.0,0.0,0,0,0,0,0,Normal
7,0.0,0.0,7,1.0,2.5,8.0,0.0,0,0,0,0,0,Normal
7,0.6236095644623235,0.0,7,1.0,7.5,8.0,0.0,0,0,0,0,0,Normal
7,0.6236095644623235,0.0,7,1.0,52.6,6.0,0.0,0,0,0,0,0,Normal
7,0.6236095644623235,0.0,7,1.0,12.5,2.0,0.0,0,0,0,0,0,Normal
7,0.66332495807108,0.0,7,0.8571428571428571,2.5,2.0,0.0,0,0,0,0,0,Normal
7,0.6236095644623235,0.0,7,1.0,2.5,2.0,0.0,0,0,0,0,0,Normal
7,0.6236095644623235,0.0,7,1.0,2.6,2.0,0.0,0,0,0,0,0,Normal
6,0.0,0.0,6,1.0,2.5,2.0,0.0,0,0,0,0,0,Normal
7,0.0,0.0,7,1.0,2.5,2.0,0.0,0,0,0,0,0,Normal
7,0.0,0.0,7,1.0,4.9,2.0,0.0,0,0,0,0,0,Normal
7,0.0,0.0,7,1.0,12.8,2.0,0.0,0,0,0,0,0,Normal
7,0.0,0.0,7,1.0,2.6,0.0,0.0,0,0,0,0,0,Normal
7,0.0,0.0,7,1.0,2.5,0.0,0.0,0,0,0,0,0,Normal
7,0.9537935951882999,0.0,7,1.0,5.1,1.0,0.0,-1,0,0,0,0,Normal
7,0.9537935951882999,0.0,7,1.0,2.5,6.0,0.0,0,0,0,0,0,Normal
7,0.9537935951882999,0.0,7,1.0,5.0,6.0,0.0,0,0,0,0,0,Normal
7,0.9537935951882999,0.0,7,1.0,7.3,8.0,0.0,0,0,0,0,0,Normal
7,0.9534625892455924,0.0,7,1.0,15.8,12.0,0.0,0,0,0,0,0,Normal
7,0.9537935951882999,0.0,7,1.0,7.3,12.0,0.0,0,0,0,0,0,Normal
6,0.0,0.0,6,0.8333333333333334,2.5,12.0,0.0,0,0,0,0,0,Normal
6,0.0,0.0,6,0.6666666666666666,2.6,12.0,0.0,0,0,0,0,0,Normal
7,0.0,0.0,7,1.0,0.0,6.0,0.0,0,0,0,0,0,Normal
7,0.0,0.0,7,1.0,2.6,6.0,0.0,0,0,0,0,0,Normal
7,0.0,0.0,7,1.0,0.0,4.0,0.0,0,0,0,0,0,Normal
7,0.0,0.0,7,1.0,12.8,1.0,0.0,-1,0,0,0,0,Normal
7,0.9537935951882999,0.0,7,1.0,9.5,2.0,0.0,0,0,0,0,0,Normal
7,0.9537935951882999,0.0,7,1.0,2.5,4.0,0.0,0,0,0,0,0,Normal
7,0.9537935951882999,0.0,7,1.0,2.6,4.0,0.0,0,0,0,0,0,Normal
7,0.9537935951882999,0.0,7,1.0,0.0,4.0,0.0,0,0,0,0,0,Normal
7,0.9537935951882999,0.0,7,1.0,2.5,4.0,0.0,0,0,0,0,0,Normal
7,0.9537935951882999,0.0,7,1.0,2.4,4.0,0.0,0,0,0,0,0,Normal
4,0.0,0.0,4,0.5,15.0,2.0,0.0,0,0,0,0,0,Normal
6,0.0,0.0,6,0.8333333333333334,2.5,3.0,0.0,-1,0,0,0,0,Normal
6,0.0,0.0,6,0.8333333333333334,2.5,3.0,0.0,-1,0,0,0,0,Normal
7,0.0,0.0,7,0.8571428571428571,2.5,4.0,0.0,0,0,0,0,0,Normal
7,0.0,0.0,7,1.0,2.5,4.0,0.0,0,0,0,0,0,Normal
7,0.0,0.0,7,1.0,2.5,4.0,0.0,0,0,0,0,0,Normal
7,0.0,0.0,7,1.0,2.5,5.0,0.0,-1,0,0,0,0,Normal
7,0.616575453011388,0.0,7,1.0,5.0,6.0,0.0,0,0,0,0,0,Normal
7,0.6236095644623236,0.0,7,1.0,7.1,6.0,0.0,0,0,0,0,0,Normal
7,0.6236095644623236,0.0,7,1.0,0.0,5.0,0.0,-1,0,0,0,0,Normal
7,0.6,0.0,7,1.0,7.3,6.0,0.0,0,0,0,0,0,Normal
7,0.6236095644623236,0.0,7,1.0,0.0,6.0,0.0,0,0,0,0,0,Normal
7,0.6236095644623236,0.0,7,1.0,5.0,6.0,0.0,0,0,0,0,0,Normal
6,0.0,0.0,6,1.0,2.5,4.0,0.0,0,0,0,0,0,Normal
7,0.0,0.0,7,1.0,0.0,6.0,0.0,0,0,0,0,0,Normal
7,0.0,0.0,7,1.0,2.6,8.0,0.0,0,0,0,0,0,Normal
7,0.0,0.0,7,1.0,4.9,8.0,0.0,0,0,0,0,0,Normal
7,0.0,0.0,7,1.0,2.5,6.0,0.0,0,0,0,0,0,Normal
7,0.0,0.0,7,1.0,2.5,4.0,0.0,0,0,0,0,0,Normal
7,0.8498365855987975,0.0,7,1.0,2.6,4.0,0.0,0,0,0,0,0,Normal
7,0.8498365855987975,0.0,7,1.0,2.4,6.0,0.0,0,0,0,0,0,Normal
7,0.8498365855987975,0.0,7,1.0,7.7,4.0,0.0,0,0,0,0,0,Normal
7,0.8498365855987975,0.0,7,1.0,15.0,4.0,0.0,0,0,0,0,0,Normal
7,0.8498365855987975,0.0,7,1.0,2.5,4.0,0.0,-2,0,0,0,0,Normal
7,0.8498365855987975,0.0,7,1.0,5.3,7.0,0.0,-1,0,0,0,0,Normal
6,0.0,0.0,6,0.6666666666666666,0.0,8.0,0.0,0,0,0,0,0,Normal
6,0.0,0.0,6,0.6666666666666666,14.6,8.0,0.0,0,0,0,0,0,Normal
7,0.0,0.0,7,1.0,4.9,6.0,0.0,0,0,0,0,0,Normal
7,0.0,0.0,7,1.0,2.4,6.0,0.0,0,0,0,0,0,Normal
7,0.0,0.0,7,1.0,5.0,6.0,0.0,0,0,0,0,0,Normal
7,0.0,0.0,7,1.0,30.0,6.0,0.0,0,0,0,0,0,Normal
7,0.924211375534118,0.0,7,1.0,12.5,2.0,0.0,0,0,0,0,0,Normal
7,0.924211375534118,0.0,7,1.0,2.5,0.0,0.0,0,0,0,0,0,Normal
7,0.924211375534118,0.0,7,1.0,2.6,0.0,0.0,0,0,0,0,0,Normal
7,0.9359663764533636,0.0,7,1.0,7.3,3.0,0.0,-1,0,0,0,0,Normal
7,0.924211375534118,0.0,7,1.0,7.5,4.0,0.0,0,0,0,0,0,Normal
7,0.924211375534118,0.0,7,1.0,2.6,4.0,0.0,0,0,0,0,0,Normal
7,0.9359663764533636,0.0,7,1.0,2.4,6.0,0.0,0,0,0,0,0,Normal
6,0.0,0.0,6,1.0,10.5,7.0,0.0,-1,0,0,0,0,Normal
6,0.0,0.0,6,1.0,7.3,8.0,0.0,0,0,0,0,0,Normal
7,0.0,0.0,7,1.0,2.5,8.0,0.0,0,0,0,0,0,Normal
7,0.0,0.0,7,1.0,12.5,8.0,0.0,0,0,0,0,0,Normal
7,0.0,0.0,7,1.0,2.5,4.0,0.0,0,0,0,0,0,Normal
7,0.9428090415820634,0.0,7,1.0,14.6,4.0,0.0,0,0,0,0,0,Normal
7,0.9428090415820634,0.0,7,1.0,2.5,6.0,0.0,0,0,0,0,0,Normal
7,0.9428090415820634,0.0,7,1.0,15.0,6.0,0.0,-2,0,0,0,0,Normal
7,0.9428090415820634,0.0,7,1.0,7.3,6.0,0.0,0,0,0,0,0,Normal
7,0.9428090415820634,0.0,7,1.0,4.9,6.0,0.0,0,0,0,0,0,Normal
7,0.9620913858416692,0.0,7,1.0,2.6,6.0,0.0,0,0,0,0,0,Normal
7,0.9428090415820634,0.0,7,1.0,2.5,6.0,0.0,0,0,0,0,0,Normal
7,0.0,0.0,7,1.0,2.6,6.0,0.0,0,0,0,0,0,Normal
7,0.0,0.0,7,1.0,2.5,5.0,0.0,-1,0,0,0,0,Normal
7,0.0,0.0,7,1.0,15.0,6.0,0.0,0,0,0,0,0,Normal
7,0.0,0.0,7,1.0,2.5,2.0,0.0,0,0,0,0,0,Normal
7,0.0,0.0,7,1.0,2.5,3.0,0.0,-1,0,0,0,0,Normal
7,0.0,0.0,7,1.0,2.6,4.0,0.0,0,0,0,0,0,Normal
7,0.77138921583987,0.0,7,1.0,2.4,4.0,0.0,0,0,0,0,0,Normal
7,0.74535599249993,0.0,7,1.0,2.6,4.0,0.0,0,0,0,0,0,Normal
7,0.74535599249993,0.0,7,1.0,2.5,6.0,0.0,0,0,0,0,0,Normal
7,0.8000000000000002,0.0,7,1.0,12.8,4.0,0.0,0,0,0,0,0,Normal
7,0.74535599249993,0.0,7,1.0,7.3,5.0,0.0,-1,0,0,0,0,Normal
7,0.77138921583987,0.0,7,1.0,7.3,8.0,0.0,0,0,0,0,0,Normal
7,0.0,0.0,7,1.0,7.5,6.0,0.0,0,0,0,0,0,Normal
7,0.0,0.0,7,1.0,4.9,6.0,0.0,0,0,0,0,0,Normal
6,0.0,0.0,6,0.8333333333333334,5.0,7.0,0.0,-1,0,0,0,0,Normal
7,0.0,0.0,7,1.0,0.0,6.0,0.0,0,0,0,0,0,Normal
7,0.0,0.0,7,1.0,14.6,8.0,0.0,0,0,0,0,0,Normal
6,0.0,0.0,6,1.0,5.1,6.0,0.0,0,0,0,0,0,Normal
7,0.28747978728803447,0.0,7,1.0,5.0,6.0,0.0,0,0,0,0,0,Normal
7,0.2763853991962833,0.0,7,1.0,2.5,4.0,0.0,0,0,0,0,0,Normal
7,0.2763853991962833,0.0,7,1.0,2.5,4.0,0.0,0,0,0,0,0,Normal
7,0.28747978728803447,0.0,7,1.0,5.0,4.0,0.0,0,0,0,0,0,Normal
7,0.2763853991962833,0.0,7,1.0,0.0,2.0,0.0,0,0,0,0,0,Normal
7,0.2763853991962833,0.0,7,1.0,17.1,2.0,0.0,0,0,0,0,0,Normal
7,0.2763853991962833,0.0,7,1.0,7.3,0.0,0.0,0,0,0,0,0,Normal
7,0.0,0.0,7,1.0,2.5,2.0,0.0,0,0,0,0,0,Normal
7,0.0,0.0,7,1.0,5.0,3.0,0.0,-1,0,0,0,0,Normal
7,0.0,0.0,7,1.0,0.0,4.0,0.0,0,0,0,0,0,Normal
7,0.0,0.0,7,1.0,12.2,4.0,0.0,0,0,0,0,0,Normal
7,0.0,0.0,7,1.0,2.5,4.0,0.0,0,0,0,0,0,Normal
7,0.8660254037844386,0.0,7,1.0,16.7,5.0,0.0,-1,0,0,0,0,Normal
7,0.8660254037844386,0.0,7,1.0,7.3,8.0,0.0,0,0,0,0,0,Normal
7,0.8660254037844386,0.0,7,1.0,2.5,7.0,0.0,-1,0,0,0,0,Normal
7,0.9165151389911681,0.0,7,1.0,9.5,8.0,0.0,0,0,0,0,0,Normal
7,0.8660254037844386,0.0,7,1.0,2.4,7.0,0.0,-1,0,0,0,0,Normal
7,0.8907235428302466,0.0,7,1.0,4.9,9.0,0.0,-1,0,0,0,0,Normal
7,0.8660254037844386,0.0,7,1.0,2.4,11.0,0.0,-1,0,0,0,0,Normal
6,0.0,0.0,6,1.0,12.8,12.0,0.0,0,0,0,0,0,Normal
7,0.0,0.0,7,1.0,2.6,8.0,0.0,0,0,0,0,0,Normal
7,0.0,0.0,7,1.0,0.0,6.0,0.0,0,0,0,0,0,Normal
7,0.0,0.0,7,1.0,4.9,6.0,0.0,0,0,0,0,0,Normal
6,0.0,0.0,6,0.8333333333333334,4.8,6.0,0.0,0,0,0,0,0,Normal
7,0.0,0.0,7,1.0,4.9,4.0,0.0,0,0,0,0,0,Normal
7,0.9860132971832694,0.0,7,1.0,0.0,2.0,0.0,0,0,0,0,0,Normal
7,0.9860132971832694,0.0,7,1.0,5.3,0.0,0.0,0,0,0,0,0,Normal
7,0.9958591954639383,0.0,7,1.0,2.5,1.0,0.0,-1,0,0,0,0,Normal
7,0.9860132971832694,0.0,7,1.0,2.5,2.0,0.0,0,0,0,0,0,Normal
7,0.9860132971832694,0.0,7,1.0,2.6,2.0,0.0,0,0,0,0,0,Normal
7,0.9958591954639383,0.0,7,1.0,4.9,2.0,0.0,0,0,0,0,0,Normal
6,0.0,0.0,6,0.6666666666666666,7.3,3.0,0.0,-1,0,0,0,0,Normal
6,0.0,0.0,6,0.6666666666666666,0.0,4.0,0.0,0,0,0,0,0,Normal
7,0.0,0.0,7,1.0,19.0,4.0,0.0,0,0,0,0,0,Normal
7,0.0,0.0,7,1.0,5.0,4.0,0.0,0,0,0,0,0,Normal
7,0.0,0.0,7,1.0,4.8,2.0,0.0,0,0,0,0,0,Normal
7,0.0,0.0,7,1.0,2.6,2.0,0.0,0,0,0,0,0,Normal
7,0.759202798262025,0.0,7,1.0,2.6,4.0,0.0,0,0,0,0,0,Normal
7,0.759202798262025,0.0,7,1.0,5.0,4.0,0.0,-2,0,0,0,0,Normal
7,0.759202798262025,0.0,7,1.0,0.0,6.0,0.0,0,0,0,0,0,Normal
7,0.759202798262025,0.0,7,1.0,10.0,9.0,0.0,-1,0,0,0,0,Normal
7,0.759202798262025,0.0,7,1.0,5.1,12.0,0.0,0,0,0,0,0,Normal
7,0.759202798262025,0.0,7,1.0,2.5,12.0,0.0,0,0,0,0,0,Normal
5,0.0,0.0,5,0.2,9.8,12.0,0.0,0,0,0,0,0,Normal
7,0.0,0.0,7,0.8571428571428571,2.5,10.0,0.0,0,0,0,0,0,Normal
7,0.0,0.0,7,0.8571428571428571,2.6,10.0,0.0,0,0,0,0,0,Normal
7,0.0,0.0,7,1.0,4.9,6.0,0.0,0,0,0,0,0,Normal
7,0.0,0.0,7,1.0,15.0,5.0,0.0,-1,0,0,0,0,Normal
7,0.0,0.0,7,1.0,9.3,4.0,0.0,0,0,0,0,0,Normal
7,0.6871842709362768,0.0,7,1.0,2.5,3.0,0.0,-1,0,0,0,0,Normal
7,0.6871842709362768,0.0,7,1.0,7.3,4.0,0.0,0,0,0,0,0,Normal
7,0.6871842709362768,0.0,7,1.0,2.5,4.0,0.0,0,0,0,0,0,Normal
7,0.6871842709362768,0.0,7,1.0,5.0,4.0,0.0,0,0,0,0,0,Normal
7,0.6871842709362768,0.0,7,1.0,0.0,4.0,0.0,0,0,0,0,0,Normal
7,0.6324555320336759,0.0,7,1.0,13.2,4.0,0.0,0,0,0,0,0,Normal
4,0.0,0.0,4,1.0,9.5,2.0,0.0,0,0,0,0,0,Normal
7,0.0,0.0,7,1.0,5.0,3.0,0.0,-1,0,0,0,0,Normal
7,0.0,0.0,7,1.0,2.6,4.0,0.0,0,0,0,0,0,Normal
7,0.0,0.0,7,1.0,9.5,4.0,0.0,0,0,0,0,0,Normal
7,0.0,0.0,7,1.0,2.6,4.0,0.0,0,0,0,0,0,Normal
7,0.0,0.0,7,1.0,0.0,4.0,0.0,0,0,0,0,0,Normal
7,0.0,0.0,7,1.0,15.4,4.0,0.0,0,0,0,0,0,Normal
7,0.82915619758885,0.0,7,1.0,2.6,4.0,0.0,0,0,0,0,0,Normal
7,0.82915619758885,0.0,7,1.0,2.5,4.0,0.0,0,0,0,0,0,Normal
7,0.82915619758885,0.0,7,1.0,5.1,4.0,0.0,0,0,0,0,0,Normal
7,0.8331955809010617,0.0,7,1.0,0.0,2.0,0.0,0,0,0,0,0,Normal
7,0.82915619758885,0.0,7,1.0,4.9,2.0,0.0,0,0,0,0,0,Normal
7,0.82915619758885,0.0,7,1.0,2.5,4.0,0.0,-2,0,0,0,0,Normal
5,0.0,0.0,5,0.2,12.8,10.0,0.0,-2,0,0,0,0,Normal
5,0.0,0.0,5,0.2,2.6,12.0,0.0,0,0,0,0,0,Normal
7,0.0,0.0,7,1.0,0.0,12.0,0.0,0,0,0,0,0,Normal
7,0.0,0.0,7,1.0,2.6,12.0,0.0,0,0,0,0,0,Normal
7,0.0,0.0,7,1.0,0.0,10.0,0.0,0,0,0,0,0,Normal
7,0.0,0.0,7,0.8571428571428571,2.6,10.0,0.0,0,0,0,0,0,Normal
7,0.8975274678557507,0.0,7,1.0,2.5,10.0,0.0,0,0,0,0,0,Normal
7,0.8975274678557507,0.0,7,1.0,15.0,5.0,0.0,-1,0,0,0,0,Normal
7,0.8975274678557507,0.0,7,1.0,5.0,3.0,0.0,-1,0,0,0,0,Normal
7,0.8975274678557507,0.0,7,1.0,2.4,4.0,0.0,0,0,0,0,0,Normal
7,0.8975274678557507,0.0,7,1.0,2.6,4.0,0.0,0,0,0,0,0,Normal
7,0.8975274678557507,0.0,7,1.0,2.5,4.0,0.0,0,0,0,0,0,Normal
7,0.8975274678557507,0.0,7,1.0,7.3,4.0,0.0,0,0,0,0,0,Normal
6,0.0,0.0,6,1.0,17.1,4.0,0.0,0,0,0,0,0,Normal
6,0.0,0.0,6,1.0,17.9,4.0,0.0,0,0,0,0,0,Normal
7,0.0,0.0,7,1.0,40.0,0.0,0.0,0,0,0,0,0,Normal
7,0.0,0.0,7,1.0,2.6,0.0,0.0,0,0,0,0,0,Normal
7,0.0,0.0,7,1.0,7.3,0.0,0.0,0,0,0,0,0,Normal
7,0.8442764761416073,0.0,7,1.0,7.7,0.0,0.0,0,0,0,0,0,Normal
7,0.8442764761416073,0.0,7,1.0,9.8,3.0,0.0,-1,0,0,0,0,Normal
7,0.8187552203212657,0.0,7,1.0,10.0,4.0,0.0,0,0,0,0,0,Normal
6,0.8442764761416073,0.0,6,1.0,10.0,6.0,0.0,0,0,0,0,0,Normal
7,0.8314794192830981,0.0,7,1.0,56.8,6.0,0.0,0,0,0,0,0,Normal
7,0.8314794192830981,0.0,7,1.0,20.0,8.0,0.0,0,0,0,0,0,Normal
7,0.0,0.0,7,1.0,15.0,8.0,0.0,0,0,0,0,0,Normal
7,0.0,0.0,7,1.0,2.6,8.0,0.0,0,0,0,0,0,Normal
7,0.0,0.0,7,1.0,2.5,6.0,0.0,0,0,0,0,0,Normal
7,0.0,0.0,7,1.0,7.5,5.0,0.0,-1,0,0,0,0,Normal
7,0.0,0.0,7,1.0,12.2,6.0,0.0,0,0,0,0,0,Normal
7,0.7284313590846835,0.0,7,1.0,12.5,6.0,0.0,0,0,0,0,0,Normal
7,0.6959705453537527,0.0,7,1.0,7.3,4.0,0.0,0,0,0,0,0,Normal
7,0.6959705453537527,0.0,7,1.0,0.0,4.0,0.0,0,0,0,0,0,Normal
7,0.6959705453537527,0.0,7,1.0,5.0,4.0,0.0,0,0,0,0,0,Normal
7,0.6959705453537527,0.0,7,1.0,2.5,8.0,0.0,0,0,0,0,0,Normal
7,0.7118052168020875,0.0,7,1.0,5.0,8.0,0.0,0,0,0,0,0,Normal
7,0.6959705453537527,0.0,7,1.0,4.9,4.0,0.0,0,0,0,0,0,Normal
7,0.0,0.0,7,1.0,2.5,4.0,0.0,0,0,0,0,0,Normal
7,0.0,0.0,7,1.0,7.7,6.0,0.0,0,0,0,0,0,Normal
7,0.0,0.0,7,1.0,0.0,6.0,0.0,0,0,0,0,0,Normal
7,0.0,0.0,7,1.0,5.0,6.0,0.0,0,0,0,0,0,Normal
7,0.0,0.0,7,1.0,2.6,2.0,0.0,0,0,0,0,0,Normal
7,0.0,0.0,7,1.0,7.3,4.0,0.0,0,0,0,0,0,Normal
7,0.7637626158259734,0.0,7,1.0,5.0,4.0,0.0,0,0,0,0,0,Normal
7,0.7637626158259734,0.0,7,1.0,0.0,4.0,0.0,0,0,0,0,0,Normal
7,0.7637626158259734,0.0,7,1.0,7.3,3.0,0.0,-1,0,0,0,0,Normal
7,0.8,0.0,7,1.0,2.5,4.0,0.0,0,0,0,0,0,Normal
7,0.7637626158259734,0.0,7,1.0,2.4,5.0,0.0,-1,0,0,0,0,Normal
7,0.7637626158259734,0.0,7,1.0,2.5,7.0,0.0,-1,0,0,0,0,Normal
7,0.0,0.0,7,1.0,7.3,6.0,0.0,0,0,0,0,0,Normal
7,0.0,0.0,7,1.0,7.5,6.0,0.0,0,0,0,0,0,Normal
7,0.0,0.0,7,1.0,40.0,6.0,0.0,0,0,0,0,0,Normal
7,0.0,0.0,7,0.8571428571428571,7.9,4.0,0.0,0,0,0,0,0,Normal
7,0.0,0.0,7,1.0,51.2,4.0,0.0,0,0,0,0,0,Normal
7,0.0,0.0,7,1.0,12.5,6.0,0.0,0,0,0,0,0,Normal
7,1.0,0.0,7,1.0,12.5,4.0,0.0,0,0,0,0,0,Normal
7,1.0,0.0,7,1.0,2.6,5.0,0.0,-1,0,0,0,0,Normal
7,0.9897433186107869,0.0,7,1.0,4.9,6.0,0.0,0,0,0,0,0,Normal
7,0.9897433186107869,0.0,7,1.0,5.0,6.0,0.0,0,0,0,0,0,Normal
7,0.9897433186107869,0.0,7,1.0,2.5,6.0,0.0,0,0,0,0,0,Normal
7,0.9897433186107869,0.0,7,1.0,2.6,8.0,0.0,0,0,0,0,0,Normal
6,0.0,0.0,6,1.0,0.0,6.0,0.0,0,0,0,0,0,Normal
7,0.0,0.0,7,1.0,12.5,7.0,0.0,-1,0,0,0,0,Normal
7,0.0,0.0,7,1.0,2.6,6.0,0.0,0,0,0,0,0,Normal
7,0.0,0.0,7,1.0,2.5,4.0,0.0,0,0,0,0,0,Normal
7,0.0,0.0,7,1.0,7.3,4.0,0.0,0,0,0,0,0,Normal
7,0.0,0.0,7,1.0,5.0,4.0,0.0,0,0,0,0,0,Normal
7,2.2317278996962306,0.0,7,1.0,2.6,4.0,0.0,0,0,0,0,0,Normal
7,2.2317278996962306,0.0,7,1.0,0.0,3.0,0.0,-1,0,0,0,0,Normal
7,2.2317278996962306,0.0,7,1.0,19.0,4.0,0.0,0,0,0,0,0,Normal
7,2.2317278996962306,0.0,7,1.0,7.5,2.0,0.0,0,0,0,0,0,Normal
7,2.302398328327168,0.0,7,1.0,5.0,2.0,0.0,0,0,0,0,0,Normal
7,2.302398328327168,0.0,7,1.0,2.5,3.0,0.0,-1,0,0,0,0,Normal
5,0.0,0.0,5,0.6,4.8,6.0,0.0,0,0,0,0,0,Normal
5,0.0,0.0,5,0.2,2.6,7.0,0.0,-1,0,0,0,0,Normal
6,0.0,0.0,6,0.6666666666666666,0.0,8.0,0.0,0,0,0,0,0,Normal
7,0.0,0.0,7,1.0,12.8,6.0,0.0,0,0,0,0,0,Normal
7,0.0,0.0,7,1.0,5.0,6.0,0.0,0,0,0,0,0,Normal
7,0.0,0.0,7,1.0,56.4,6.0,0.0,0,0,0,0,0,Normal
7,1.165922381636102,0.0,7,1.0,2.6,10.0,0.0,0,0,0,0,0,Normal
7,1.165922381636102,0.0,7,1.0,2.5,8.0,0.0,0,0,0,0,0,Normal
7,1.165922381636102,0.0,7,1.0,74.4,4.0,0.0,0,0,0,0,0,Normal
7,1.165922381636102,0.0,7,1.0,2.5,6.0,0.0,0,0,0,0,0,Normal
7,1.165922381636102,0.0,7,1.0,2.5,6.0,0.0,0,0,0,0,0,Normal
7,1.165922381636102,0.0,7,1.0,5.0,6.0,0.0,0,0,0,0,0,Normal
7,1.165922381636102,0.0,7,1.0,2.6,6.0,0.0,0,0,0,0,0,Normal
7,0.0,0.0,7,0.8571428571428571,17.9,2.0,0.0,0,0,0,0,0,Normal
7,0.0,0.0,7,0.8571428571428571,2.6,2.0,0.0,0,0,0,0,0,Normal
7,0.0,0.0,7,0.8571428571428571,17.5,3.0,0.0,-1,0,0,0,0,Normal
7,0.0,0.0,7,1.0,2.6,4.0,0.0,0,0,0,0,0,Normal
7,0.0,0.0,7,1.0,2.5,3.0,0.0,-1,0,0,0,0,Normal
7,0.0,0.0,7,1.0,5.0,4.0,0.0,0,0,0,0,0,Normal
7,0.8975274678557507,0.0,7,1.0,2.5,4.0,0.0,0,0,0,0,0,Normal
7,0.8975274678557507,0.0,7,1.0,2.6,7.0,0.0,-1,0,0,0,0,Normal
7,0.8975274678557507,0.0,7,1.0,4.9,8.0,0.0,0,0,0,0,0,Normal
7,0.8975274678557507,0.0,7,1.0,17.5,8.0,0.0,0,0,0,0,0,Normal
7,0.8944271909999159,0.0,7,1.0,5.0,6.0,0.0,0,0,0,0,0,Normal
7,0.8975274678557507,0.0,7,1.0,5.0,8.0,0.0,0,0,0,0,0,Normal
6,0.0,0.0,6,1.0,2.5,6.0,0.0,0,0,0,0,0,Normal
7,0.0,0.0,7,1.0,7.7,6.0,0.0,0,0,0,0,0,Normal
7,0.0,0.0,7,1.0,2.6,2.0,0.0,0,0,0,0,0,Normal
7,0.0,0.0,7,1.0,0.0,2.0,0.0,0,0,0,0,0,Normal
7,0.0,0.0,7,1.0,15.0,2.0,0.0,0,0,0,0,0,Normal
7,0.0,0.0,7,1.0,7.3,2.0,0.0,0,0,0,0,0,Normal
7,0.9797958971132712,0.0,7,1.0,26.3,0.0,0.0,0,0,0,0,0,Normal
7,0.9428090415820634,0.0,7,1.0,5.0,2.0,0.0,-2,0,0,0,0,Normal
7,0.9428090415820634,0.0,7,1.0,4.9,4.0,0.0,0,0,0,0,0,Normal
7,0.9797958971132712,0.0,7,1.0,14.6,6.0,0.0,0,0,0,0,0,Normal
7,0.9428090415820634,0.0,7,1.0,2.5,6.0,0.0,0,0,0,0,0,Normal
7,0.9428090415820634,0.0,7,1.0,0.0,8.0,0.0,0,0,0,0,0,Normal
5,0.0,0.0,5,0.2,7.3,8.0,0.0,0,0,0,0,0,Normal
5,0.0,0.0,5,0.2,0.0,11.0,0.0,-1,0,0,0,0,Normal
5,0.0,0.0,5,0.2,4.9,12.0,0.0,0,0,0,0,0,Normal
7,0.0,0.0,7,1.0,0.0,8.0,0.0,0,0,0,0,0,Normal
7,0.0,0.0,7,1.0,12.8,6.0,0.0,0,0,0,0,0,Normal
7,0.0,0.0,7,1.0,5.1,6.0,0.0,0,0,0,0,0,Normal
7,0.5,0.0,7,1.0,22.0,6.0,0.0,0,0,0,0,0,Normal
7,0.5,0.0,7,1.0,5.0,4.0,0.0,0,0,0,0,0,Normal
7,0.5,0.0,7,1.0,0.0,0.0,0.0,0,0,0,0,0,Normal
7,0.5,0.0,7,1.0,2.6,0.0,0.0,0,0,0,0,0,Normal
7,0.5,0.0,7,1.0,5.0,0.0,0.0,0,0,0,0,0,Normal
7,0.5,0.0,7,1.0,12.5,2.0,0.0,0,0,0,0,0,Normal
5,0.0,0.0,5,0.2,5.1,2.0,0.0,0,0,0,0,0,Normal
7,0.0,0.0,7,0.8571428571428571,4.9,2.0,0.0,0,0,0,0,0,Normal
7,0.0,0.0,7,0.8571428571428571,5.0,5.0,0.0,-1,0,0,0,0,Normal
7,0.0,0.0,7,1.0,2.5,6.0,0.0,0,0,0,0,0,Normal
7,0.0,0.0,7,1.0,5.0,6.0,0.0,0,0,0,0,0,Normal
7,0.0,0.0,7,1.0,2.4,6.0,0.0,0,0,0,0,0,Normal
7,0.7637626158259734,0.0,7,1.0,10.3,5.0,0.0,-1,0,0,0,0,Normal
7,0.7637626158259734,0.0,7,1.0,7.5,8.0,0.0,-2,0,0,0,0,Normal
7,0.7637626158259734,0.0,7,1.0,2.5,10.0,0.0,0,0,0,0,0,Normal
7,0.8,0.0,7,1.0,5.0,7.0,0.0,-1,0,0,0,0,Normal
7,0.7637626158259734,0.0,7,1.0,0.0,8.0,0.0,0,0,0,0,0,Normal
7,0.8,0.0,7,1.0,12.5,8.0,0.0,0,0,0,0,0,Normal
7,0.7637626158259734,0.0,7,1.0,0.0,8.0,0.0,0,0,0,0,0,Normal
7,0.0,0.0,7,1.0,12.5,10.0,0.0,0,0,0,0,0,Normal
7,0.0,0.0,7,1.0,7.3,6.0,0.0,0,0,0,0,0,Normal
7,0.0,0.0,7,1.0,2.5,4.0,0.0,0,0,0,0,0,Normal
7,0.0,0.0,7,1.0,2.5,2.0,0.0,0,0,0,0,0,Normal
7,0.0,0.0,7,1.0,2.5,2.0,0.0,0,0,0,0,0,Normal
7,0.0,0.0,7,1.0,4.9,2.0,0.0,0,0,0,0,0,Normal
7,0.9607689228305228,0.0,7,1.0,0.0,2.0,0.0,0,0,0,0,0,Normal
7,0.9607689228305228,0.0,7,1.0,2.6,1.0,0.0,-1,0,0,0,0,Normal
7,0.9607689228305228,0.0,7,1.0,7.1,2.0,0.0,0,0,0,0,0,Normal
7,0.9607689228305228,0.0,7,1.0,5.1,2.0,0.0,0,0,0,0,0,Normal
7,0.9607689228305228,0.0,7,1.0,2.6,2.0,0.0,0,0,0,0,0,Normal
7,0.9607689228305228,0.0,7,1.0,4.9,3.0,0.0,-1,0,0,0,0,Normal
5,0.0,0.0,5,0.2,5.0,4.0,0.0,0,0,0,0,0,Normal
5,0.0,0.0,5,0.2,2.5,7.0,0.0,-1,0,0,0,0,Normal
7,0.0,0.0,7,1.0,12.5,6.0,0.0,0,0,0,0,0,Normal
7,0.0,0.0,7,1.0,5.1,6.0,0.0,0,0,0,0,0,Normal
7,0.0,0.0,7,1.0,5.0,7.0,0.0,-1,0,0,0,0,Normal
7,0.0,0.0,7,1.0,5.0,8.0,0.0,0,0,0,0,0,Normal
7,0.8975274678557507,0.0,7,1.0,0.0,9.0,0.0,-1,0,0,0,0,Normal
7,0.8975274678557507,0.0,7,1.0,5.0,9.0,0.0,-1,0,0,0,0,Normal
7,0.8975274678557507,0.0,7,1.0,5.0,8.0,0.0,0,0,0,0,0,Normal
7,0.8975274678557507,0.0,7,1.0,4.9,6.0,0.0,0,0,0,0,0,Normal
7,0.8975274678557507,0.0,7,1.0,5.0,6.0,0.0,0,0,0,0,0,Normal
7,0.8944271909999159,0.0,7,1.0,2.6,6.0,0.0,0,0,0,0,0,Normal
7,0.8975274678557507,0.0,7,1.0,2.6,4.0,0.0,0,0,0,0,0,Normal
6,0.0,0.0,6,1.0,7.3,5.0,0.0,-1,0,0,0,0,Normal
6,0.0,0.0,6,1.0,17.1,4.0,0.0,0,0,0,0,0,Normal
7,0.0,0.0,7,1.0,5.0,2.0,0.0,0,0,0,0,0,Normal
7,0.0,0.0,7,1.0,4.9,3.0,0.0,-1,0,0,0,0,Normal
7,0.0,0.0,7,1.0,5.0,4.0,0.0,0,0,0,0,0,Normal
7,0.74535599249993,0.0,7,1.0,10.0,4.0,0.0,0,0,0,0,0,Normal
7,0.74535599249993,0.0,7,1.0,7.7,5.0,0.0,-1,0,0,0,0,Normal
7,0.74535599249993,0.0,7,1.0,0.0,6.0,0.0,0,0,0,0,0,Normal
7,0.74535599249993,0.0,7,1.0,15.0,5.0,0.0,-1,0,0,0,0,Normal
7,0.74535599249993,0.0,7,1.0,5.0,6.0,0.0,0,0,0,0,0,Normal
7,0.7483314773547882,0.0,7,1.0,2.6,7.0,0.0,-1,0,0,0,0,Normal
5,0.0,0.0,5,1.0,5.0,8.0,0.0,0,0,0,0,0,Normal
7,0.0,0.0,7,1.0,2.5,8.0,0.0,0,0,0,0,0,Normal
7,0.0,0.0,7,1.0,4.9,6.0,0.0,0,0,0,0,0,Normal
7,0.0,0.0,7,1.0,2.5,6.0,0.0,0,0,0,0,0,Normal
7,0.0,0.0,7,1.0,15.0,6.0,0.0,0,0,0,0,0,Normal
7,0.0,0.0,7,1.0,5.0,4.0,0.0,0,0,0,0,0,Normal
7,0.0,0.0,7,1.0,0.0,4.0,0.0,0,0,0,0,0,Normal
7,0.7637626158259734,0.0,7,1.0,5.0,0.0,0.0,0,0,0,0,0,Normal
7,0.8,0.0,7,0.8571428571428571,2.5,1.0,0.0,-1,0,0,0,0,Normal
7,0.7637626158259734,0.0,7,1.0,2.5,2.0,0.0,0,0,0,0,0,Normal
7,0.7637626158259734,0.0,7,1.0,2.5,2.0,0.0,0,0,0,0,0,Normal
6,0.8,0.0,6,1.0,12.5,3.0,0.0,-1,0,0,0,0,Normal
7,0.7637626158259734,0.0,7,1.0,5.0,5.0,0.0,-1,0,0,0,0,Normal
7,0.0,0.0,7,1.0,2.5,6.0,0.0,0,0,0,0,0,Normal
7,0.0,0.0,7,1.0,2.5,8.0,0.0,0,0,0,0,0,Normal
7,0.0,0.0,7,1.0,2.4,6.0,0.0,0,0,0,0,0,Normal
7,0.0,0.0,7,1.0,2.5,6.0,0.0,0,0,0,0,0,Normal
7,0.0,0.0,7,1.0,0.0,6.0,0.0,0,0,0,0,0,Normal
7,0.0,0.0,7,1.0,12.8,6.0,0.0,0,0,0,0,0,Normal
7,0.7637626158259734,0.0,7,1.0,5.0,4.0,0.0,0,0,0,0,0,Normal
7,0.7637626158259734,0.0,7,1.0,4.9,6.0,0.0,0,0,0,0,0,Normal
7,0.7637626158259734,0.0,7,1.0,2.6,4.0,0.0,0,0,0,0,0,Normal
7,0.7637626158259734,0.0,7,1.0,2.5,5.0,0.0,-1,0,0,0,0,Normal
7,0.7637626158259734,0.0,7,1.0,2.6,7.0,0.0,-1,0,0,0,0,Normal
7,0.7637626158259734,0.0,7,1.0,0.0,8.0,0.0,0,0,0,0,0,Normal
7,0.0,0.0,7,1.0,62.5,6.0,0.0,0,0,0,0,0,Normal
7,0.0,0.0,7,1.0,5.1,6.0,0.0,0,0,0,0,0,Normal
7,0.0,0.0,7,1.0,2.5,4.0,0.0,0,0,0,0,0,Normal
7,0.0,0.0,7,1.0,5.0,4.0,0.0,0,0,0,0,0,Normal
7,0.0,0.0,7,1.0,2.5,4.0,0.0,0,0,0,0,0,Normal
7,0.0,0.0,7,1.0,7.5,2.0,0.0,0,0,0,0,0,Normal
7,1.0,0.0,7,1.0,2.6,1.0,0.0,-1,0,0,0,0,Normal
7,1.0,0.0,7,1.0,5.0,5.0,0.0,-1,0,0,0,0,Normal
7,1.0,0.0,7,1.0,5.1,6.0,0.0,0,0,0,0,0,Normal
7,1.0,0.0,7,1.0,0.0,6.0,0.0,0,0,0,0,0,Normal
7,0.9797958971132713,0.0,7,0.8571428571428571,5.0,6.0,0.0,0,0,0,0,0,Normal
7,1.0,0.0,7,1.0,0.0,6.0,0.0,0,0,0,0,0,Normal
6,0.0,0.0,6,1.0,17.1,7.0,0.0,-1,0,0,0,0,Normal
6,0.0,0.0,6,1.0,2.6,7.0,0.0,-1,0,0,0,0,Normal
7,0.0,0.0,7,1.0,4.9,8.0,0.0,0,0,0,0,0,Normal
7,0.0,0.0,7,1.0,9.5,4.0,0.0,0,0,0,0,0,Normal
7,0.0,0.0,7,1.0,2.5,4.0,0.0,0,0,0,0,0,Normal
7,0.0,0.0,7,1.0,2.6,4.0,0.0,0,0,0,0,0,Normal
7,0.8975274678557507,0.0,7,1.0,2.4,5.0,0.0,-1,0,0,0,0,Normal
7,0.8975274678557507,0.0,7,1.0,10.3,6.0,0.0,0,0,0,0,0,Normal
7,0.8975274678557507,0.0,7,1.0,10.3,4.0,0.0,0,0,0,0,0,Normal
7,0.8975274678557507,0.0,7,1.0,2.5,2.0,0.0,0,0,0,0,0,Normal
7,0.8975274678557507,0.0,7,1.0,2.6,2.0,0.0,0,0,0,0,0,Normal
7,0.8975274678557507,0.0,7,1.0,0.0,2.0,0.0,0,0,0,0,0,Normal
7,0.8944271909999159,0.0,7,1.0,15.0,3.0,0.0,-1,0,0,0,0,Normal
6,0.0,0.0,6,1.0,7.5,8.0,0.0,-2,0,0,0,0,Normal
6,0.0,0.0,6,1.0,4.9,8.0,0.0,0,0,0,0,0,Normal
7,0.0,0.0,7,1.0,2.6,8.0,0.0,0,0,0,0,0,Normal
7,0.0,0.0,7,1.0,2.5,8.0,0.0,0,0,0,0,0,Normal
7,0.0,0.0,7,1.0,2.5,8.0,0.0,0,0,0,0,0,Normal
7,0.0,0.0,7,1.0,0.0,8.0,0.0,0,0,0,0,0,Normal
7,0.7483314773547882,0.0,7,1.0,15.0,9.0,0.0,-1,0,0,0,0,Normal
7,0.74535599249993,0.0,7,1.0,5.0,4.0,0.0,0,0,0,0,0,Normal
7,0.74535599249993,0.0,7,1.0,2.5,4.0,0.0,-2,0,0,0,0,Normal
7,0.7483314773547883,0.0,7,1.0,2.5,6.0,0.0,0,0,0,0,0,Normal
7,0.74535599249993,0.0,7,1.0,0.0,6.0,0.0,0,0,0,0,0,Normal
7,0.74535599249993,0.0,7,1.0,7.3,6.0,0.0,0,0,0,0,0,Normal
7,0.0,0.0,7,0.8571428571428571,0.0,6.0,0.0,0,0,0,0,0,Normal
7,0.0,0.0,7,0.8571428571428571,10.3,6.0,0.0,0,0,0,0,0,Normal
7,0.0,0.0,7,0.8571428571428571,7.3,4.0,0.0,0,0,0,0,0,Normal
7,0.0,0.0,7,1.0,5.0,4.0,0.0,0,0,0,0,0,Normal
7,0.0,0.0,7,1.0,4.9,0.0,0.0,0,0,0,0,0,Normal
7,0.0,0.0,7,1.0,4.9,0.0,0.0,0,0,0,0,0,Normal
7,0.7637626158259734,0.0,7,1.0,5.1,1.0,0.0,-1,0,0,0,0,Normal
7,0.7637626158259734,0.0,7,1.0,0.0,2.0,0.0,0,0,0,0,0,Normal
7,0.7637626158259734,0.0,7,1.0,10.0,4.0,0.0,0,0,0,0,0,Normal
7,0.7637626158259734,0.0,7,1.0,5.0,4.0,0.0,0,0,0,0,0,Normal
7,0.7637626158259734,0.0,7,1.0,0.0,4.0,0.0,0,0,0,0,0,Normal
7,0.7637626158259734,0.0,7,1.0,5.1,6.0,0.0,-2,0,0,0,0,Normal
7,0.7637626158259734,0.0,7,1.0,2.5,8.0,0.0,0,0,0,0,0,Normal
7,0.0,0.0,7,1.0,2.5,10.0,0.0,0,0,0,0,0,Normal
7,0.0,0.0,7,1.0,2.4,8.0,0.0,0,0,0,0,0,Normal
7,0.0,0.0,7,1.0,17.1,6.0,0.0,0,0,0,0,0,Normal
7,0.0,0.0,7,0.8571428571428571,7.3,8.0,0.0,0,0,0,0,0,Normal
7,0.0,0.0,7,1.0,9.8,9.0,0.0,-1,0,0,0,0,Normal
7,0.7453559924999298,0.0,7,1.0,5.0,10.0,0.0,0,0,0,0,0,Normal
7,0.7453559924999298,0.0,7,1.0,4.9,6.0,0.0,0,0,0,0,0,Normal
7,0.7453559924999298,0.0,7,1.0,2.5,6.0,0.0,0,0,0,0,0,Normal
7,0.8000000000000002,0.0,7,1.0,0.0,4.0,0.0,0,0,0,0,0,Normal
7,0.7453559924999298,0.0,7,1.0,4.9,4.0,0.0,0,0,0,0,0,Normal
7,0.7453559924999298,0.0,7,1.0,15.0,6.0,0.0,0,0,0,0,0,Normal
6,0.0,0.0,6,1.0,2.5,5.0,0.0,-1,0,0,0,0,Normal
6,0.0,0.0,6,1.0,2.6,4.0,0.0,0,0,0,0,0,Normal
7,0.0,0.0,7,1.0,20.5,4.0,0.0,0,0,0,0,0,Normal
7,0.0,0.0,7,1.0,17.5,4.0,0.0,0,0,0,0,0,Normal
7,0.0,0.0,7,1.0,17.5,6.0,0.0,0,0,0,0,0,Normal
7,0.0,0.0,7,1.0,72.5,6.0,0.0,0,0,0,0,0,Normal
7,0.9428090415820634,0.0,7,1.0,17.9,4.0,0.0,0,0,0,0,0,Normal
6,0.0,0.0,6,1.0,2.5,4.0,0.0,0,0,0,0,0,Normal
7,0.0,0.0,7,1.0,0.0,4.0,0.0,0,0,0,0,0,Normal
7,0.0,0.0,7,1.0,11.9,5.0,0.0,-1,0,0,0,0,Normal
7,0.0,0.0,7,1.0,2.6,7.0,0.0,-1,0,0,0,0,Normal
7,0.0,0.0,7,1.0,9.5,12.0,0.0,0,0,0,0,0,Normal
7,1.3213984069916234,0.0,7,1.0,7.3,10.0,0.0,0,0,0,0,0,Normal
7,1.3213984069916234,0.0,7,1.0,5.0,13.0,0.0,-1,0,0,0,0,Normal
7,1.3213984069916234,0.0,7,1.0,5.0,14.0,0.0,0,0,0,0,0,Normal
7,1.3213984069916234,0.0,7,1.0,12.8,14.0,0.0,0,0,0,0,0,Normal
7,1.3213984069916234,0.0,7,1.0,7.3,10.0,0.0,0,0,0,0,0,Normal
7,1.3397812696166165,0.0,7,1.0,10.0,11.0,0.0,-1,0,0,0,0,Normal
7,0.0,0.0,7,0.42857142857142855,5.0,6.0,0.0,0,0,0,0,0,Normal
7,0.0,0.0,7,0.42857142857142855,9.8,6.0,0.0,0,0,0,0,0,Normal
7,0.0,0.0,7,1.0,5.0,2.0,0.0,0,0,0,0,0,Normal
7,0.0,0.0,7,1.0,7.3,2.0,0.0,0,0,0,0,0,Normal
7,0.0,0.0,7,1.0,4.9,2.0,0.0,0,0,0,0,0,Normal
7,0.0,0.0,7,1.0,9.5,2.0,0.0,0,0,0,0,0,Normal
7,1.7275343701356567,0.0,7,1.0,2.6,0.0,0.0,0,0,0,0,0,Normal
7,1.7275343701356567,0.0,7,1.0,0.0,0.0,0.0,0,0,0,0,0,Normal
7,1.7587874611030556,0.0,7,1.0,2.6,0.0,0.0,0,0,0,0,0,Normal
7,1.8203322409537275,0.0,7,1.0,2.6,4.0,0.0,0,0,0,0,0,Normal
7,1.78999486944881,0.0,7,1.0,10.0,5.0,0.0,-1,0,0,0,0,Normal
7,1.78999486944881,0.0,7,1.0,9.8,7.0,0.0,-1,0,0,0,0,Normal
6,0.0,0.0,6,1.0,7.3,10.0,0.0,0,0,0,0,0,Normal
6,0.0,0.0,6,1.0,7.1,10.0,0.0,0,0,0,0,0,Normal
7,0.0,0.0,7,1.0,5.0,12.0,0.0,0,0,0,0,0,Normal
7,0.0,0.0,7,1.0,2.5,13.0,0.0,-1,0,0,0,0,Normal
7,0.0,0.0,7,1.0,5.0,10.0,0.0,0,0,0,0,0,Normal
7,0.0,0.0,7,1.0,7.1,12.0,0.0,-2,0,0,0,0,Normal
7,1.5452362609131383,0.0,7,1.0,15.4,12.0,0.0,0,0,0,0,0,Normal
7,1.5206906325745548,0.0,7,1.0,9.8,8.0,0.0,0,0,0,0,0,Normal
7,1.5206906325745548,0.0,7,1.0,17.9,8.0,0.0,0,0,0,0,0,Normal
7,1.5452362609131383,0.0,7,1.0,7.7,6.0,0.0,0,0,0,0,0,Normal
7,1.5452362609131383,0.0,7,1.0,9.8,5.0,0.0,-1,0,0,0,0,Normal
7,1.5206906325745548,0.0,7,1.0,15.0,6.0,0.0,0,0,0,0,0,Normal
7,0.0,0.0,7,1.0,7.5,6.0,0.0,0,0,0,0,0,Normal
7,0.0,0.0,7,1.0,67.5,4.0,0.0,0,0,0,0,0,Normal
7,0.0,0.0,7,1.0,17.9,4.0,0.0,0,0,0,0,0,Normal
7,0.0,0.0,7,1.0,7.7,5.0,0.0,-1,0,0,0,0,Normal
7,0.0,0.0,7,1.0,10.0,6.0,0.0,0,0,0,0,0,Normal
7,2.230486326359694,0.0,7,1.0,56.1,4.0,0.0,0,0,0,0,0,Normal
7,2.2743877211620798,0.0,7,1.0,7.5,6.0,0.0,0,0,0,0,0,Normal
7,2.2743877211620798,0.0,7,1.0,7.5,6.0,0.0,0,0,0,0,0,Normal
7,2.2743877211620798,0.0,7,1.0,9.8,5.0,0.0,-1,0,0,0,0,Normal
7,2.320362696860708,0.0,7,1.0,10.0,7.0,0.0,-1,0,0,0,0,Normal
7,2.320362696860708,0.0,7,1.0,17.9,8.0,0.0,0,0,0,0,0,Normal
7,0.0,0.0,7,1.0,17.9,6.0,0.0,0,0,0,0,0,Normal
7,0.0,0.0,7,1.0,12.5,6.0,0.0,0,0,0,0,0,Normal
7,0.0,0.0,7,0.8571428571428571,10.3,4.0,0.0,0,0,0,0,0,Normal
7,0.0,0.0,7,1.0,12.2,4.0,0.0,0,0,0,0,0,Normal
7,0.0,0.0,7,1.0,5.3,2.0,0.0,0,0,0,0,0,Normal
7,0.0,0.0,7,1.0,10.3,3.0,0.0,-1,0,0,0,0,Normal
7,1.4947825928876748,0.0,7,1.0,15.0,6.0,0.0,0,0,0,0,0,Normal
7,1.4947825928876748,0.0,7,1.0,2.6,10.0,0.0,0,0,0,0,0,Normal
7,1.4947825928876748,0.0,7,1.0,5.1,10.0,0.0,0,0,0,0,0,Normal
7,1.4947825928876748,0.0,7,1.0,12.8,12.0,0.0,0,0,0,0,0,Normal
7,1.5143755588800731,0.0,7,1.0,15.8,13.0,0.0,-1,0,0,0,0,Normal
7,1.4947825928876748,0.0,7,1.0,87.2,14.0,0.0,0,0,0,0,0,Normal
7,0.0,0.0,7,1.0,5.0,8.0,0.0,0,0,0,0,0,Normal
7,0.0,0.0,7,1.0,2.6,9.0,0.0,-1,0,0,0,0,Normal
7,0.0,0.0,7,1.0,10.0,6.0,0.0,0,0,0,0,0,Normal
7,0.0,0.0,7,1.0,2.6,4.0,0.0,0,0,0,0,0,Normal
7,0.0,0.0,7,1.0,7.3,2.0,0.0,0,0,0,0,0,Normal
7,2.3127398107220722,0.0,7,1.0,20.0,3.0,0.0,-1,0,0,0,0,Normal
7,2.279621876600812,0.0,7,1.0,25.0,4.0,0.0,0,0,0,0,0,Normal
7,2.3127398107220722,0.0,7,1.0,7.3,4.0,0.0,0,0,0,0,0,Normal
7,2.3127398107220722,0.0,7,1.0,5.1,2.0,0.0,0,0,0,0,0,Normal
7,2.3455767102796337,0.0,7,1.0,7.1,3.0,0.0,-1,0,0,0,0,Normal
7,2.3774658252012792,0.0,7,1.0,12.8,6.0,0.0,0,0,0,0,0,Normal
5,0.0,0.0,5,0.6,20.0,7.0,0.0,-1,0,0,0,0,Normal
7,0.0,0.0,7,1.0,14.6,6.0,0.0,0,0,0,0,0,Normal
7,0.0,0.0,7,1.0,20.5,6.0,0.0,0,0,0,0,0,Normal
7,0.0,0.0,7,1.0,12.5,6.0,0.0,0,0,0,0,0,Normal
7,0.0,0.0,7,1.0,42.5,6.0,0.0,0,0,0,0,0,Normal
7,1.3678792892649556,0.0,7,1.0,35.9,4.0,0.0,0,0,0,0,0,Normal
7,1.3678792892649556,0.0,7,1.0,2.6,4.0,0.0,-2,0,0,0,0,Normal
7,1.3678792892649556,0.0,7,1.0,5.0,8.0,0.0,0,0,0,0,0,Normal
7,1.3498971154211057,0.0,7,1.0,5.1,8.0,0.0,0,0,0,0,0,Normal
7,1.3678792892649556,0.0,7,1.0,10.0,10.0,0.0,0,0,0,0,0,Normal
7,1.2686478848054341,0.0,7,1.0,10.3,11.0,0.0,-1,0,0,0,0,Normal
6,0.0,0.0,6,0.6666666666666666,38.5,12.0,0.0,0,0,0,0,0,Normal
6,0.0,0.0,6,0.6666666666666666,12.5,14.0,0.0,0,0,0,0,0,Normal
7,0.0,0.0,7,1.0,20.5,10.0,0.0,0,0,0,0,0,Normal
7,0.0,0.0,7,1.0,2.5,6.0,0.0,0,0,0,0,0,Normal
7,0.0,0.0,7,1.0,23.7,4.0,0.0,0,0,0,0,0,Normal
7,0.5951190357119042,0.0,7,1.0,40.0,8.0,0.0,0,0,0,0,0,Normal
7,0.5951190357119042,0.0,7,1.0,17.1,6.0,0.0,0,0,0,0,0,Normal
7,0.5951190357119042,0.0,7,1.0,23.1,4.0,0.0,0,0,0,0,0,Normal
7,0.5749595745760689,0.0,7,1.0,10.0,4.0,0.0,0,0,0,0,0,Normal
7,0.5749595745760689,0.0,7,1.0,10.0,4.0,0.0,0,0,0,0,0,Normal
7,0.5951190357119042,0.0,7,1.0,5.0,4.0,0.0,0,0,0,0,0,Normal
4,0.0,0.0,4,0.75,5.0,4.0,0.0,0,0,0,0,0,Normal
6,0.0,0.0,6,0.5,5.0,0.0,0.0,0,0,0,0,0,Normal
7,0.0,0.0,7,0.8571428571428571,5.1,0.0,0.0,0,0,0,0,0,Normal
7,0.0,0.0,7,1.0,7.3,1.0,0.0,-1,0,0,0,0,Normal
7,0.0,0.0,7,1.0,5.0,2.0,0.0,0,0,0,0,0,Normal
7,0.7592027982620249,0.0,7,1.0,10.3,2.0,0.0,0,0,0,0,0,Normal
7,0.7592027982620249,0.0,7,1.0,2.6,3.0,0.0,-1,0,0,0,0,Normal
7,0.7713892158398701,0.0,7,1.0,7.3,4.0,0.0,0,0,0,0,0,Normal
7,0.7592027982620249,0.0,7,1.0,2.6,4.0,0.0,0,0,0,0,0,Normal
7,0.7856742013183862,0.0,7,0.8571428571428571,15.0,10.0,0.0,-2,0,0,0,0,Normal
7,0.7592027982620249,0.0,7,1.0,5.0,13.0,0.0,-1,0,0,0,0,Normal
6,0.0,0.0,6,1.0,10.3,14.0,0.0,0,0,0,0,0,Normal
7,0.0,0.0,7,1.0,2.6,14.0,0.0,0,0,0,0,0,Normal
7,0.0,0.0,7,1.0,75.0,12.0,0.0,0,0,0,0,0,Normal
7,0.0,0.0,7,1.0,15.4,12.0,0.0,0,0,0,0,0,Normal
7,0.0,0.0,7,0.8571428571428571,37.5,10.0,0.0,0,0,0,0,0,Normal
7,0.8498365855987975,0.0,7,1.0,15.4,2.0,0.0,0,0,0,0,0,Normal
7,0.8498365855987975,0.0,7,1.0,20.0,0.0,0.0,0,0,0,0,0,Normal
7,0.8498365855987975,0.0,7,1.0,18.4,0.0,0.0,0,0,0,0,0,Normal
7,0.8624393618641034,0.0,7,1.0,17.5,0.0,0.0,0,0,0,0,0,Normal
7,0.8498365855987975,0.0,7,1.0,10.3,0.0,0.0,0,0,0,0,0,Normal