2024-02-21 23:10:05.075772, 0.0, 0.0, 0.0, 0, 0
2024-02-21 23:10:06.076358, 0.0, 0.0, 0.0, 0, 0
2024-02-21 23:10:07.076867, 0.0, 0.0, 0.0, 0, 0
2024-02-21 23:10:08.077297, 0.0, 0.0, 0.0, 0, 0
2024-02-21 23:10:09.077726, 0.0, 0.0, 0.0, 0, 0
2024-02-21 23:10:10.078147, 0.0, 0.0, 0.0, 0, 0
2024-02-21 23:10:11.078567, 0.0, 0.0, 0.0, 0, 0
2024-02-21 23:10:12.078970, 0.0, 0.0, 0.0, 0, 0
2024-02-21 23:10:13.079350, 0.0, 0.0, 0.0, 0, 0
2024-02-21 23:10:14.079775, 0.0, 0.0, 0.0, 0, 0
2024-02-21 23:10:15.080168, 0.0, 0.0, 0.0, 0, 0
2024-02-21 23:10:16.080596, 0.0, 0.0, 0.0, 0, 0
2024-02-21 23:10:17.082609, 0.0, 0.0, 0.0, 0, 0
2024-02-21 23:10:18.084308, 0.0, 0.0, 0.0, 0, 0
2024-02-21 23:10:19.084702, 25.0, 11.0, 36.0, -14, 0
2024-02-21 23:10:20.085288, 20.0, 10.0, 30.0, -24, 0
2024-02-21 23:10:21.085895, 15.0, 9.0, 24.0, -30, 0
2024-02-21 23:10:22.086427, 5.0, 3.0, 8.0, -32, 0
2024-02-21 23:10:23.086858, 5.0, 3.0, 8.0, -34, 0
2024-02-21 23:10:24.087412, 26.0, 18.0, 44.0, -42, 0
2024-02-21 23:10:25.087778, 30.0, 18.0, 48.0, -54, 0
2024-02-21 23:10:26.088339, 13.0, 9.0, 22.0, -58, 0
2024-02-21 23:10:27.088909, 34.0, 20.0, 54.0, -72, 0
2024-02-21 23:10:28.089273, 5.0, 1.0, 6.0, -76, 0
2024-02-21 23:10:29.089616, 15.0, 13.0, 28.0, -78, 0
2024-02-21 23:10:30.090265, 13.0, 11.0, 24.0, -80, 0
2024-02-21 23:10:31.090928, 21.0, 13.0, 34.0, -88, 0
2024-02-21 23:10:32.091527, 16.0, 14.0, 30.0, -90, 0
2024-02-21 23:10:33.092035, 6.0, 2.0, 8.0, -94, 0
2024-02-21 23:10:34.092521, 3.0, 3.0, 6.0, -94, 0
2024-02-21 23:10:35.093022, 8.0, 6.0, 14.0, -96, 0
2024-02-21 23:10:36.093829, 22.0, 16.0, 38.0, -102, 0
2024-02-21 23:10:37.094623, 18.0, 12.0, 30.0, -108, 0
2024-02-21 23:10:38.094993, 16.0, 8.0, 24.0, -116, 0
2024-02-21 23:10:39.099254, 15.0, 9.0, 24.0, -122, 0
2024-02-21 23:10:40.099609, 18.0, 12.0, 30.0, -128, 0
2024-02-21 23:10:41.100329, 19.0, 13.0, 32.0, -134, 0
2024-02-21 23:10:42.100920, 14.0, 10.0, 24.0, -138, 0
2024-02-21 23:10:43.101719, 12.0, 10.0, 22.0, -140, 0
2024-02-21 23:10:44.102423, 24.0, 18.0, 42.0, -146, 0
2024-02-21 23:10:45.102777, 19.0, 15.0, 34.0, -150, 0
2024-02-21 23:10:46.103747, 9.0, 7.0, 16.0, -152, 0
2024-02-21 23:10:47.104969, 11.0, 5.0, 16.0, -158, 0
2024-02-21 23:10:48.105474, 5.0, 3.0, 8.0, -160, 0
2024-02-21 23:10:49.106065, 18.0, 10.0, 28.0, -168, 0
2024-02-21 23:10:50.106822, 30.0, 22.0, 52.0, -176, 0
2024-02-21 23:10:51.107355, 18.0, 10.0, 28.0, -184, 0
2024-02-21 23:10:52.107766, 9.0, 7.0, 16.0, -186, 0
2024-02-21 23:10:53.108308, 13.0, 9.0, 22.0, -190, 0
2024-02-21 23:10:54.108659, 9.0, 7.0, 16.0, -192, 0
2024-02-21 23:10:55.109231, 15.0, 13.0, 28.0, -194, 0
2024-02-21 23:10:56.109606, 17.0, 13.0, 30.0, -198, 0
2024-02-21 23:10:57.110206, 8.0, 6.0, 14.0, -200, 0
2024-02-21 23:10:58.110642, 16.0, 10.0, 26.0, -206, 0
2024-02-21 23:10:59.111065, 3.0, 3.0, 6.0, -206, 0
2024-02-21 23:11:00.111492, 23.0, 15.0, 38.0, -214, 0
2024-02-21 23:11:01.111991, 11.0, 9.0, 20.0, -216, 0
2024-02-21 23:11:02.112316, 18.0, 12.0, 30.0, -222, 0
2024-02-21 23:11:03.112713, 19.0, 11.0, 30.0, -230, 0
2024-02-21 23:11:04.113139, 25.0, 13.0, 38.0, -242, 0
2024-02-21 23:11:05.113574, 22.0, 18.0, 40.0, -246, 0
2024-02-21 23:11:06.113975, 8.0, 4.0, 12.0, -250, 0
2024-02-21 23:11:07.114354, 19.0, 15.0, 34.0, -254, 0
2024-02-21 23:11:08.114871, 7.0, 7.0, 14.0, -254, 0
2024-02-21 23:11:09.116184, 13.0, 5.0, 18.0, -262, 0
2024-02-21 23:11:10.116680, 5.0, 10.0, 15.0, -256, 0
2024-02-21 23:11:11.117228, 12.0, 10.0, 22.0, -258, 0
2024-02-21 23:11:12.117603, 11.0, 9.0, 20.0, -260, 0
2024-02-21 23:11:13.118118, 5.0, 3.0, 8.0, -262, 0
2024-02-21 23:11:14.118663, 20.0, 8.0, 28.0, -274, 0
2024-02-21 23:11:15.119293, 8.0, 6.0, 14.0, -276, 0
2024-02-21 23:11:16.119694, 13.0, 9.0, 22.0, -280, 0
2024-02-21 23:11:17.120389, 8.0, 6.0, 14.0, -282, 0
2024-02-21 23:11:18.120849, 18.0, 12.0, 30.0, -288, 0
2024-02-21 23:11:19.122519, 8.0, 8.0, 16.0, -288, 0
2024-02-21 23:11:20.122962, 3.0, 3.0, 6.0, -288, 0
2024-02-21 23:11:21.123405, 6.0, 6.0, 12.0, -288, 0
2024-02-21 23:11:22.123966, 3.0, 3.0, 6.0, -288, 0
2024-02-21 23:11:23.124361, 9.0, 9.0, 18.0, -288, 0
2024-02-21 23:11:24.124850, 6.0, 6.0, 12.0, -288, 0
2024-02-21 23:11:25.125234, 9.0, 9.0, 18.0, -288, 0
2024-02-21 23:11:26.125797, 6.0, 6.0, 12.0, -288, 0
2024-02-21 23:11:27.126601, 9.0, 9.0, 18.0, -288, 0
2024-02-21 23:11:28.127117, 8.0, 8.0, 16.0, -288, 0
2024-02-21 23:11:29.127862, 2.0, 2.0, 4.0, -288, 0
2024-02-21 23:11:30.128369, 12.0, 12.0, 24.0, -288, 0
2024-02-21 23:11:31.129274, 13.0, 2.0, 15.0, -299, 0
2024-02-21 23:11:32.130338, 1.0, 11.0, 12.0, -288, 0
2024-02-21 23:11:33.130692, 8.0, 8.0, 16.0, -288, 0
2024-02-21 23:11:34.131070, 8.0, 8.0, 16.0, -288, 0
2024-02-21 23:11:35.131517, 15.0, 15.0, 30.0, -288, 0
2024-02-21 23:11:36.132311, 8.0, 8.0, 16.0, -288, 0
2024-02-21 23:11:37.133359, 0.0, 0.0, 0.0, -288, 0
2024-02-21 23:11:38.133737, 10.0, 10.0, 20.0, -288, 0
2024-02-21 23:11:39.134575, 3.0, 3.0, 6.0, -288, 0
2024-02-21 23:11:40.135009, 0.0, 0.0, 0.0, -288, 0
2024-02-21 23:11:41.135594, 8.0, 8.0, 16.0, -288, 0
2024-02-21 23:11:42.136074, 2.0, 2.0, 4.0, -288, 0
2024-02-21 23:11:43.136517, 14.0, 14.0, 28.0, -288, 0
2024-02-21 23:11:44.137060, 0.0, 0.0, 0.0, -288, 0
2024-02-21 23:11:45.137418, 2.0, 2.0, 4.0, -288, 0
2024-02-21 23:11:46.137788, 9.0, 9.0, 18.0, -288, 0
2024-02-21 23:11:47.138414, 6.0, 6.0, 12.0, -288, 0
2024-02-21 23:11:48.139049, 6.0, 6.0, 12.0, -288, 0
2024-02-21 23:11:49.140019, 14.0, 14.0, 28.0, -288, 0
2024-02-21 23:11:50.140548, 0.0, 0.0, 0.0, -288, 0
2024-02-21 23:11:51.144749, 8.0, 8.0, 16.0, -288, 0
2024-02-21 23:11:52.145358, 5.0, 0.0, 5.0, -293, 0
2024-02-21 23:11:53.170133, 22.0, 27.0, 49.0, -288, 0
2024-02-21 23:11:54.170850, 11.0, 0.0, 11.0, -299, 0
2024-02-21 23:11:55.179382, 4.0, 15.0, 19.0, -288, 0
2024-02-21 23:11:56.181562, 0.0, 0.0, 0.0, -288, 0
2024-02-21 23:11:57.182829, 1.0, 1.0, 2.0, -288, 0
2024-02-21 23:11:58.184882, 7.0, 7.0, 14.0, -288, 0
2024-02-21 23:11:59.185388, 6.0, 6.0, 12.0, -288, 0
2024-02-21 23:12:00.186106, 18.0, 18.0, 36.0, -288, 0
2024-02-21 23:12:01.186507, 24.0, 24.0, 48.0, -288, 0
2024-02-21 23:12:02.186893, 9.0, 9.0, 18.0, -288, 0
2024-02-21 23:12:03.187471, 6.0, 6.0, 12.0, -288, 0
2024-02-21 23:12:04.187894, 8.0, 8.0, 16.0, -288, 0
2024-02-21 23:12:05.188609, 2.0, 2.0, 4.0, -288, 0
2024-02-21 23:12:06.189534, 18.0, 18.0, 36.0, -288, 0
2024-02-21 23:12:07.189934, 0.0, 0.0, 0.0, -288, 0
2024-02-21 23:12:08.190535, 18.0, 18.0, 36.0, -288, 0
2024-02-21 23:12:09.191128, 5.0, 5.0, 10.0, -288, 0
2024-02-21 23:12:10.191774, 18.0, 18.0, 36.0, -288, 0
2024-02-21 23:12:11.192158, 0.0, 0.0, 0.0, -288, 0
2024-02-21 23:12:12.192569, 18.0, 18.0, 36.0, -288, 0
2024-02-21 23:12:13.193303, 18.0, 18.0, 36.0, -288, 0
2024-02-21 23:12:14.193667, 6.0, 6.0, 12.0, -288, 0
2024-02-21 23:12:15.194227, 24.0, 24.0, 48.0, -288, 0
2024-02-21 23:12:16.194644, 0.0, 0.0, 0.0, -288, 0
2024-02-21 23:12:17.195033, 0.0, 0.0, 0.0, -288, 0
2024-02-21 23:12:18.195478, 18.0, 18.0, 36.0, -288, 0
2024-02-21 23:12:19.196229, 18.0, 18.0, 36.0, -288, 0
2024-02-21 23:12:20.196869, 11.0, 11.0, 22.0, -288, 0
2024-02-21 23:12:21.197877, 12.0, 12.0, 24.0, -288, 0
2024-02-21 23:12:22.198617, 11.0, 11.0, 22.0, -288, 0
2024-02-21 23:12:23.206599, 14.0, 14.0, 28.0, -288, 0
2024-02-21 23:12:24.207408, 8.0, 8.0, 16.0, -288, 0
2024-02-21 23:12:25.208001, 7.0, 7.0, 14.0, -288, 0
2024-02-21 23:12:26.209516, 0.0, 0.0, 0.0, -288, 0
2024-02-21 23:12:27.209939, 0.0, 0.0, 0.0, -288, 0
2024-02-21 23:12:28.210311, 3.0, 3.0, 6.0, -288, 0
2024-02-21 23:12:29.210734, 4.0, 4.0, 8.0, -288, 0
2024-02-21 23:12:30.211120, 1.0, 1.0, 2.0, -288, 0
2024-02-21 23:12:31.212107, 3.0, 3.0, 6.0, -288, 0
2024-02-21 23:12:32.224878, 0.0, 0.0, 0.0, -288, 0
2024-02-21 23:12:33.225695, 0.0, 0.0, 0.0, -288, 0
2024-02-21 23:12:34.226246, 6.0, 6.0, 12.0, -288, 0
2024-02-21 23:12:35.226886, 6.0, 6.0, 12.0, -288, 0
2024-02-21 23:12:36.231400, 6.0, 6.0, 12.0, -288, 0
2024-02-21 23:12:37.231772, 24.0, 24.0, 48.0, -288, 0
2024-02-21 23:12:38.232155, 7.0, 0.0, 7.0, -295, 0
2024-02-21 23:12:39.234129, 17.0, 24.0, 41.0, -288, 0
2024-02-21 23:12:40.235536, 1.0, 1.0, 2.0, -288, 0
2024-02-21 23:12:41.239166, 0.0, 0.0, 0.0, -288, 0
2024-02-21 23:12:42.239516, 12.0, 12.0, 24.0, -288, 0
2024-02-21 23:12:43.240087, 10.0, 10.0, 20.0, -288, 0
2024-02-21 23:12:44.240522, 15.0, 15.0, 30.0, -288, 0
2024-02-21 23:12:45.240969, 2.0, 2.0, 4.0, -288, 0
2024-02-21 23:12:46.246590, 12.0, 12.0, 24.0, -288, 0
2024-02-21 23:12:47.246973, 8.0, 8.0, 16.0, -288, 0
2024-02-21 23:12:48.247421, 0.0, 0.0, 0.0, -288, 0
2024-02-21 23:12:49.248100, 6.0, 6.0, 12.0, -288, 0
2024-02-21 23:12:50.248559, 26.0, 26.0, 52.0, -288, 0
2024-02-21 23:12:51.252339, 6.0, 6.0, 12.0, -288, 0
2024-02-21 23:12:52.252950, 12.0, 12.0, 24.0, -288, 0
2024-02-21 23:12:53.253399, 17.0, 17.0, 34.0, -288, 0
2024-02-21 23:12:54.253901, 10.0, 10.0, 20.0, -288, 0
2024-02-21 23:12:55.254619, 3.0, 3.0, 6.0, -288, 0
2024-02-21 23:12:56.258486, 2.0, 2.0, 4.0, -288, 0
2024-02-21 23:12:57.259016, 6.0, 6.0, 12.0, -288, 0
2024-02-21 23:12:58.259345, 8.0, 8.0, 16.0, -288, 0
2024-02-21 23:12:59.259879, 6.0, 6.0, 12.0, -288, 0
2024-02-21 23:13:00.262816, 12.0, 0.0, 12.0, -300, 0
2024-02-21 23:13:01.266550, 2.0, 14.0, 16.0, -288, 0
2024-02-21 23:13:02.268243, 17.0, 1.0, 18.0, -304, 0
2024-02-21 23:13:03.269389, 1.0, 16.0, 17.0, -288, 0
2024-02-21 23:13:04.269886, 0.0, 0.0, 0.0, -288, 0
2024-02-21 23:13:05.271519, 21.0, 21.0, 42.0, -288, 0
2024-02-21 23:13:06.275231, 14.0, 14.0, 28.0, -288, 0
2024-02-21 23:13:07.275720, 8.0, 8.0, 16.0, -288, 0
2024-02-21 23:13:08.276159, 6.0, 6.0, 12.0, -288, 0
2024-02-21 23:13:09.277802, 12.0, 12.0, 24.0, -288, 0
2024-02-21 23:13:10.279019, 0.0, 0.0, 0.0, -288, 0
2024-02-21 23:13:11.279663, 12.0, 12.0, 24.0, -288, 0
2024-02-21 23:13:12.280045, 26.0, 26.0, 52.0, -288, 0
2024-02-21 23:13:13.280348, 32.0, 32.0, 64.0, -288, 0
2024-02-21 23:13:14.280730, 2.0, 2.0, 4.0, -288, 0
2024-02-21 23:13:15.281211, 6.0, 6.0, 12.0, -288, 0
2024-02-21 23:13:16.281706, 6.0, 6.0, 12.0, -288, 0
2024-02-21 23:13:17.282518, 12.0, 12.0, 24.0, -288, 0
2024-02-21 23:13:18.282886, 6.0, 6.0, 12.0, -288, 0
2024-02-21 23:13:19.285909, 12.0, 12.0, 24.0, -288, 0
2024-02-21 23:13:20.286463, 12.0, 12.0, 24.0, -288, 0
2024-02-21 23:13:21.287042, 14.0, 14.0, 28.0, -288, 0
2024-02-21 23:13:22.287732, 0.0, 0.0, 0.0, -288, 0
2024-02-21 23:13:23.288092, 6.0, 6.0, 12.0, -288, 0
2024-02-21 23:13:24.291908, 0.0, 0.0, 0.0, -288, 0
2024-02-21 23:13:25.292442, 1.0, 1.0, 2.0, -288, 0
2024-02-21 23:13:26.292854, 12.0, 12.0, 24.0, -288, 0
2024-02-21 23:13:27.293849, 3.0, 3.0, 6.0, -288, 0
2024-02-21 23:13:28.294489, 9.0, 9.0, 18.0, -288, 0
2024-02-21 23:13:29.294846, 0.0, 0.0, 0.0, -288, 0
2024-02-21 23:13:30.295219, 0.0, 0.0, 0.0, -288, 0
2024-02-21 23:13:31.296160, 0.0, 0.0, 0.0, -288, 0
2024-02-21 23:13:32.296545, 9.0, 9.0, 18.0, -288, 0
2024-02-21 23:13:33.297234, 18.0, 18.0, 36.0, -288, 0
2024-02-21 23:13:34.297668, 2.0, 2.0, 4.0, -288, 0
2024-02-21 23:13:35.298276, 0.0, 0.0, 0.0, -288, 0
2024-02-21 23:13:36.298825, 3.0, 3.0, 6.0, -288, 0
2024-02-21 23:13:37.299362, 15.0, 15.0, 30.0, -288, 0
2024-02-21 23:13:38.299956, 10.0, 10.0, 20.0, -288, 0
2024-02-21 23:13:39.300332, 20.0, 20.0, 40.0, -288, 0
2024-02-21 23:13:40.300939, 18.0, 18.0, 36.0, -288, 0
2024-02-21 23:13:41.303350, 0.0, 0.0, 0.0, -288, 0
2024-02-21 23:13:42.303939, 3.0, 3.0, 6.0, -288, 0
2024-02-21 23:13:43.305290, 24.0, 24.0, 48.0, -288, 0
2024-02-21 23:13:44.306452, 8.0, 8.0, 16.0, -288, 0
2024-02-21 23:13:45.321574, 9.0, 9.0, 18.0, -288, 0
2024-02-21 23:13:46.323826, 9.0, 9.0, 18.0, -288, 0
2024-02-21 23:13:47.328127, 0.0, 0.0, 0.0, -288, 0
2024-02-21 23:13:48.328685, 0.0, 0.0, 0.0, -288, 0
2024-02-21 23:13:49.329181, 21.0, 21.0, 42.0, -288, 0
2024-02-21 23:13:50.335207, 11.0, 11.0, 22.0, -288, 0
2024-02-21 23:13:51.335699, 3.0, 3.0, 6.0, -288, 0
2024-02-21 23:13:52.337010, 0.0, 0.0, 0.0, -288, 0
2024-02-21 23:13:53.338345, 11.0, 11.0, 22.0, -288, 0
2024-02-21 23:13:54.339547, 8.0, 8.0, 16.0, -288, 0
2024-02-21 23:13:55.340079, 21.0, 21.0, 42.0, -288, 0
2024-02-21 23:13:56.340533, 9.0, 9.0, 18.0, -288, 0
2024-02-21 23:13:57.341097, 0.0, 0.0, 0.0, -288, 0
2024-02-21 23:13:58.342086, 10.0, 10.0, 20.0, -288, 0
2024-02-21 23:13:59.342558, 3.0, 3.0, 6.0, -288, 0
2024-02-21 23:14:00.343114, 8.0, 8.0, 16.0, -288, 0
2024-02-21 23:14:01.344019, 0.0, 0.0, 0.0, -288, 0
2024-02-21 23:14:02.345065, 12.0, 12.0, 24.0, -288, 0
2024-02-21 23:14:03.345785, 15.0, 15.0, 30.0, -288, 0
2024-02-21 23:14:04.346530, 18.0, 18.0, 36.0, -288, 0
2024-02-21 23:14:05.347418, 0.0, 0.0, 0.0, -288, 0
2024-02-21 23:14:06.347968, 20.0, 20.0, 40.0, -288, 0
2024-02-21 23:14:07.348655, 18.0, 18.0, 36.0, -288, 0
2024-02-21 23:14:08.349005, 12.0, 12.0, 24.0, -288, 0
2024-02-21 23:14:09.349598, 8.0, 8.0, 16.0, -288, 0
2024-02-21 23:14:10.351145, 0.0, 0.0, 0.0, -288, 0
2024-02-21 23:14:11.392243, 15.0, 20.0, 35.0, -288, 0
2024-02-21 23:14:12.393312, 0.0, 0.0, 0.0, -288, 0
2024-02-21 23:14:13.394183, 12.0, 12.0, 24.0, -288, 0
2024-02-21 23:14:14.394558, 8.0, 8.0, 16.0, -288, 0
2024-02-21 23:14:15.394979, 12.0, 12.0, 24.0, -288, 0
2024-02-21 23:14:16.395360, 12.0, 12.0, 24.0, -288, 0
2024-02-21 23:14:17.395878, 6.0, 6.0, 12.0, -288, 0
2024-02-21 23:14:18.396300, 32.0, 32.0, 64.0, -288, 0
2024-02-21 23:14:19.396703, 0.0, 0.0, 0.0, -288, 0
2024-02-21 23:14:20.397294, 12.0, 12.0, 24.0, -288, 0
2024-02-21 23:14:21.397795, 20.0, 20.0, 40.0, -288, 0
2024-02-21 23:14:22.398367, 0.0, 0.0, 0.0, -288, 0
2024-02-21 23:14:23.399049, 2.0, 2.0, 4.0, -288, 0
2024-02-21 23:14:24.399940, 6.0, 6.0, 12.0, -288, 0
2024-02-21 23:14:25.401002, 6.0, 6.0, 12.0, -288, 0
2024-02-21 23:14:26.401332, 0.0, 0.0, 0.0, -288, 0
2024-02-21 23:14:27.401685, 18.0, 18.0, 36.0, -288, 0
2024-02-21 23:14:28.402036, 9.0, 9.0, 18.0, -288, 0
2024-02-21 23:14:29.402672, 12.0, 12.0, 24.0, -288, 0
2024-02-21 23:14:30.403148, 0.0, 0.0, 0.0, -288, 0
2024-02-21 23:14:31.403570, 0.0, 0.0, 0.0, -288, 0
2024-02-21 23:14:32.404119, 0.0, 0.0, 0.0, -288, 0
2024-02-21 23:14:33.404503, 2.0, 2.0, 4.0, -288, 0
2024-02-21 23:14:34.404927, 1.0, 1.0, 2.0, -288, 0
2024-02-21 23:14:35.405372, 0.0, 0.0, 0.0, -288, 0
2024-02-21 23:14:36.405892, 15.0, 15.0, 30.0, -288, 0
2024-02-21 23:14:37.406543, 0.0, 0.0, 0.0, -288, 0
2024-02-21 23:14:38.407105, 2.0, 2.0, 4.0, -288, 0
2024-02-21 23:14:39.413875, 3.0, 3.0, 6.0, -288, 0
2024-02-21 23:14:40.414228, 14.0, 14.0, 28.0, -288, 0
2024-02-21 23:14:41.414763, 0.0, 0.0, 0.0, -288, 0
2024-02-21 23:14:42.415295, 6.0, 6.0, 12.0, -288, 0
2024-02-21 23:14:43.416032, 0.0, 0.0, 0.0, -288, 0
2024-02-21 23:14:44.416562, 6.0, 6.0, 12.0, -288, 0
2024-02-21 23:14:45.417356, 6.0, 6.0, 12.0, -288, 0
2024-02-21 23:14:46.419095, 6.0, 6.0, 12.0, -288, 0
2024-02-21 23:14:47.419611, 12.0, 12.0, 24.0, -288, 0
2024-02-21 23:14:48.420072, 0.0, 0.0, 0.0, -288, 0
2024-02-21 23:14:49.420489, 6.0, 6.0, 12.0, -288, 0
2024-02-21 23:14:50.420997, 14.0, 14.0, 28.0, -288, 0
2024-02-21 23:14:51.421580, 3.0, 3.0, 6.0, -288, 0
2024-02-21 23:14:52.424717, 12.0, 12.0, 24.0, -288, 0
2024-02-21 23:14:53.425173, 6.0, 3.0, 9.0, -291, 0
2024-02-21 23:14:54.425930, 14.0, 17.0, 31.0, -288, 0
2024-02-21 23:14:55.426352, 12.0, 12.0, 24.0, -288, 0
2024-02-21 23:14:56.427081, 4.0, 4.0, 8.0, -288, 0
2024-02-21 23:14:57.428462, 9.0, 9.0, 18.0, -288, 0
2024-02-21 23:14:58.428902, 9.0, 9.0, 18.0, -288, 0
2024-02-21 23:14:59.429461, 0.0, 0.0, 0.0, -288, 0
2024-02-21 23:15:00.429840, 12.0, 12.0, 24.0, -288, 0
2024-02-21 23:15:01.430297, 6.0, 6.0, 12.0, -288, 0
2024-02-21 23:15:02.431029, 0.0, 0.0, 0.0, -288, 0
2024-02-21 23:15:03.431717, 30.0, 30.0, 60.0, -288, 0
2024-02-21 23:15:04.432719, 27.0, 27.0, 54.0, -288, 0
2024-02-21 23:15:05.433122, 14.0, 14.0, 28.0, -288, 0
2024-02-21 23:15:06.433512, 0.0, 0.0, 0.0, -288, 0
2024-02-21 23:15:07.433862, 0.0, 0.0, 0.0, -288, 0
2024-02-21 23:15:08.434448, 24.0, 24.0, 48.0, -288, 0
2024-02-21 23:15:09.435140, 23.0, 23.0, 46.0, -288, 0
2024-02-21 23:15:10.435636, 13.0, 13.0, 26.0, -288, 0
2024-02-21 23:15:11.437187, 0.0, 0.0, 0.0, -288, 0
2024-02-21 23:15:12.437594, 12.0, 12.0, 24.0, -288, 0
2024-02-21 23:15:13.438419, 26.0, 26.0, 52.0, -288, 0
2024-02-21 23:15:14.438920, 12.0, 12.0, 24.0, -288, 0
2024-02-21 23:15:15.439510, 20.0, 20.0, 40.0, -288, 0
2024-02-21 23:15:16.439916, 2.0, 2.0, 4.0, -288, 0
2024-02-21 23:15:17.440471, 20.0, 20.0, 40.0, -288, 0
2024-02-21 23:15:18.441037, 6.0, 6.0, 12.0, -288, 0
2024-02-21 23:15:19.441446, 0.0, 0.0, 0.0, -288, 0
2024-02-21 23:15:20.442034, 24.0, 24.0, 48.0, -288, 0
2024-02-21 23:15:21.442453, 12.0, 12.0, 24.0, -288, 0
2024-02-21 23:15:22.443066, 10.0, 10.0, 20.0, -288, 0
2024-02-21 23:15:23.443522, 12.0, 12.0, 24.0, -288, 0
2024-02-21 23:15:24.444148, 0.0, 0.0, 0.0, -288, 0
2024-02-21 23:15:25.444516, 0.0, 0.0, 0.0, -288, 0
2024-02-21 23:15:26.445093, 8.0, 8.0, 16.0, -288, 0
2024-02-21 23:15:27.445505, 1.0, 1.0, 2.0, -288, 0
2024-02-21 23:15:28.446096, 0.0, 0.0, 0.0, -288, 0
2024-02-21 23:15:29.446482, 12.0, 12.0, 24.0, -288, 0
2024-02-21 23:15:30.450122, 6.0, 6.0, 12.0, -288, 0
2024-02-21 23:15:31.450510, 0.0, 0.0, 0.0, -288, 0
2024-02-21 23:15:32.451030, 6.0, 6.0, 12.0, -288, 0
2024-02-21 23:15:33.451533, 12.0, 12.0, 24.0, -288, 0
2024-02-21 23:15:34.451925, 15.0, 15.0, 30.0, -288, 0
2024-02-21 23:15:35.461282, 10.0, 10.0, 20.0, -288, 0
2024-02-21 23:15:36.461627, 0.0, 0.0, 0.0, -288, 0
2024-02-21 23:15:37.462187, 12.0, 12.0, 24.0, -288, 0
2024-02-21 23:15:38.462642, 5.0, 5.0, 10.0, -288, 0
2024-02-21 23:15:39.463018, 0.0, 0.0, 0.0, -288, 0
2024-02-21 23:15:40.464146, 1.0, 0.0, 1.0, -289, 0
2024-02-21 23:15:41.465650, 10.0, 12.0, 22.0, -288, 0
2024-02-21 23:15:42.466240, 6.0, 6.0, 12.0, -288, 0
2024-02-21 23:15:43.466814, 0.0, 0.0, 0.0, -288, 0
2024-02-21 23:15:44.467189, 6.0, 6.0, 12.0, -288, 0
2024-02-21 23:15:45.467579, 0.0, 0.0, 0.0, -288, 0
2024-02-21 23:15:46.467934, 18.0, 18.0, 36.0, -288, 0
2024-02-21 23:15:47.468346, 0.0, 0.0, 0.0, -288, 0
2024-02-21 23:15:48.468894, 6.0, 6.0, 12.0, -288, 0
2024-02-21 23:15:49.469260, 11.0, 11.0, 22.0, -288, 0
2024-02-21 23:15:50.469638, 21.0, 21.0, 42.0, -288, 0
2024-02-21 23:15:51.470053, 0.0, 0.0, 0.0, -288, 0
2024-02-21 23:15:52.471108, 6.0, 6.0, 12.0, -288, 0
2024-02-21 23:15:53.472352, 10.0, 10.0, 20.0, -288, 0
2024-02-21 23:15:54.472952, 3.0, 3.0, 6.0, -288, 0
2024-02-21 23:15:55.473853, 2.0, 2.0, 4.0, -288, 0
2024-02-21 23:15:56.474647, 8.0, 8.0, 16.0, -288, 0
2024-02-21 23:15:57.477244, 2.0, 2.0, 4.0, -288, 0
2024-02-21 23:15:58.491895, 6.0, 6.0, 12.0, -288, 0
2024-02-21 23:15:59.492469, 6.0, 6.0, 12.0, -288, 0
2024-02-21 23:16:00.493486, 6.0, 6.0, 12.0, -288, 0
2024-02-21 23:16:01.499554, 8.0, 2.0, 10.0, -294, 0
2024-02-21 23:16:02.507914, 12.0, 18.0, 30.0, -288, 0
2024-02-21 23:16:03.508671, 12.0, 10.0, 22.0, -290, 0
2024-02-21 23:16:04.509287, 8.0, 10.0, 18.0, -288, 0
2024-02-21 23:16:05.509728, 18.0, 18.0, 36.0, -288, 0
2024-02-21 23:16:06.510304, 6.0, 6.0, 12.0, -288, 0
2024-02-21 23:16:07.510822, 12.0, 12.0, 24.0, -288, 0
2024-02-21 23:16:08.511324, 0.0, 0.0, 0.0, -288, 0
2024-02-21 23:16:09.511841, 6.0, 6.0, 12.0, -288, 0
2024-02-21 23:16:10.519789, 20.0, 20.0, 40.0, -288, 0
2024-02-21 23:16:11.520259, 18.0, 18.0, 36.0, -288, 0
2024-02-21 23:16:12.520663, 44.0, 44.0, 88.0, -288, 0
2024-02-21 23:16:13.521267, 6.0, 6.0, 12.0, -288, 0
2024-02-21 23:16:14.521749, 12.0, 12.0, 24.0, -288, 0
2024-02-21 23:16:15.522466, 6.0, 6.0, 12.0, -288, 0
2024-02-21 23:16:16.522815, 20.0, 20.0, 40.0, -288, 0
2024-02-21 23:16:17.523388, 14.0, 14.0, 28.0, -288, 0
2024-02-21 23:16:18.523951, 0.0, 0.0, 0.0, -288, 0
2024-02-21 23:16:19.524465, 0.0, 0.0, 0.0, -288, 0
2024-02-21 23:16:20.525057, 8.0, 8.0, 16.0, -288, 0
2024-02-21 23:16:21.525930, 6.0, 1.0, 7.0, -293, 0
2024-02-21 23:16:22.528676, 6.0, 11.0, 17.0, -288, 0
2024-02-21 23:16:23.529359, 12.0, 12.0, 24.0, -288, 0
2024-02-21 23:16:24.530046, 0.0, 0.0, 0.0, -288, 0
2024-02-21 23:16:25.530424, 0.0, 0.0, 0.0, -288, 0
2024-02-21 23:16:26.530978, 0.0, 0.0, 0.0, -288, 0
2024-02-21 23:16:27.531717, 6.0, 6.0, 12.0, -288, 0
2024-02-21 23:16:28.532706, 6.0, 6.0, 12.0, -288, 0
2024-02-21 23:16:29.533355, 0.0, 0.0, 0.0, -288, 0
2024-02-21 23:16:30.534412, 0.0, 0.0, 0.0, -288, 0
2024-02-21 23:16:31.535009, 6.0, 6.0, 12.0, -288, 0
2024-02-21 23:16:32.535548, 12.0, 12.0, 24.0, -288, 0
2024-02-21 23:16:33.536111, 6.0, 6.0, 12.0, -288, 0
2024-02-21 23:16:34.537881, 0.0, 0.0, 0.0, -288, 0
2024-02-21 23:16:35.540261, 6.0, 6.0, 12.0, -288, 0
2024-02-21 23:16:36.540906, 12.0, 12.0, 24.0, -288, 0
2024-02-21 23:16:37.541309, 0.0, 0.0, 0.0, -288, 0
2024-02-21 23:16:38.542155, 2.0, 2.0, 4.0, -288, 0
2024-02-21 23:16:39.543190, 2.0, 2.0, 4.0, -288, 0
2024-02-21 23:16:40.547114, 0.0, 0.0, 0.0, -288, 0
2024-02-21 23:16:41.547719, 8.0, 8.0, 16.0, -288, 0
2024-02-21 23:16:42.548169, 3.0, 3.0, 6.0, -288, 0
2024-02-21 23:16:43.549119, 6.0, 6.0, 12.0, -288, 0
2024-02-21 23:16:44.555819, 11.0, 11.0, 22.0, -288, 0
2024-02-21 23:16:45.560108, 18.0, 18.0, 36.0, -288, 0
2024-02-21 23:16:46.560510, 18.0, 18.0, 36.0, -288, 0
2024-02-21 23:16:47.561142, 11.0, 11.0, 22.0, -288, 0
2024-02-21 23:16:48.564242, 7.0, 6.0, 13.0, -289, 0
2024-02-21 23:16:49.571772, 19.0, 21.0, 40.0, -288, 0
2024-02-21 23:16:50.572449, 12.0, 12.0, 24.0, -288, 0
2024-02-21 23:16:51.572840, 12.0, 12.0, 24.0, -288, 0
2024-02-21 23:16:52.573333, 6.0, 6.0, 12.0, -288, 0
2024-02-21 23:16:53.573732, 0.0, 0.0, 0.0, -288, 0
2024-02-21 23:16:54.577583, 6.0, 6.0, 12.0, -288, 0
2024-02-21 23:16:55.578143, 0.0, 0.0, 0.0, -288, 0
2024-02-21 23:16:56.578640, 3.0, 3.0, 6.0, -288, 0
2024-02-21 23:16:57.579076, 8.0, 8.0, 16.0, -288, 0
2024-02-21 23:16:58.579477, 18.0, 18.0, 36.0, -288, 0
2024-02-21 23:16:59.587780, 8.0, 8.0, 16.0, -288, 0
2024-02-21 23:17:00.588342, 0.0, 0.0, 0.0, -288, 0
2024-02-21 23:17:01.588722, 8.0, 8.0, 16.0, -288, 0
2024-02-21 23:17:02.589250, 20.0, 20.0, 40.0, -288, 0
2024-02-21 23:17:03.589563, 17.0, 17.0, 34.0, -288, 0
2024-02-21 23:17:04.590399, 14.0, 14.0, 28.0, -288, 0
2024-02-21 23:17:05.590931, 6.0, 6.0, 12.0, -288, 0
2024-02-21 23:17:06.591312, 6.0, 6.0, 12.0, -288, 0
2024-02-21 23:17:07.591713, 12.0, 12.0, 24.0, -288, 0
2024-02-21 23:17:08.592793, 24.0, 15.0, 39.0, -297, 0
2024-02-21 23:17:09.601690, 6.0, 10.0, 16.0, -293, 0
2024-02-21 23:17:10.605667, 0.0, 5.0, 5.0, -288, 0
2024-02-21 23:17:11.606077, 0.0, 0.0, 0.0, -288, 0
2024-02-21 23:17:12.606656, 2.0, 2.0, 4.0, -288, 0
2024-02-21 23:17:13.607435, 14.0, 14.0, 28.0, -288, 0
2024-02-21 23:17:14.611407, 16.0, 16.0, 32.0, -288, 0
2024-02-21 23:17:15.611819, 24.0, 24.0, 48.0, -288, 0
2024-02-21 23:17:16.612260, 12.0, 12.0, 24.0, -288, 0
2024-02-21 23:17:17.612828, 6.0, 6.0, 12.0, -288, 0
2024-02-21 23:17:18.613333, 8.0, 8.0, 16.0, -288, 0
2024-02-21 23:17:19.613862, 14.0, 14.0, 28.0, -288, 0
2024-02-21 23:17:20.614464, 10.0, 10.0, 20.0, -288, 0
2024-02-21 23:17:21.615126, 6.0, 6.0, 12.0, -288, 0
2024-02-21 23:17:22.615641, 6.0, 6.0, 12.0, -288, 0
2024-02-21 23:17:23.616272, 6.0, 6.0, 12.0, -288, 0
2024-02-21 23:17:24.616732, 3.0, 3.0, 6.0, -288, 0
2024-02-21 23:17:25.617247, 0.0, 0.0, 0.0, -288, 0
2024-02-21 23:17:26.617705, 8.0, 8.0, 16.0, -288, 0
2024-02-21 23:17:27.618155, 15.0, 15.0, 30.0, -288, 0
2024-02-21 23:17:28.618697, 0.0, 0.0, 0.0, -288, 0
2024-02-21 23:17:29.619233, 9.0, 9.0, 18.0, -288, 0
2024-02-21 23:17:30.620036, 6.0, 6.0, 12.0, -288, 0
2024-02-21 23:17:31.620480, 6.0, 6.0, 12.0, -288, 0
2024-02-21 23:17:32.621022, 7.0, 7.0, 14.0, -288, 0
2024-02-21 23:17:33.621559, 2.0, 2.0, 4.0, -288, 0
2024-02-21 23:17:34.622343, 3.0, 3.0, 6.0, -288, 0
2024-02-21 23:17:35.622778, 0.0, 0.0, 0.0, -288, 0
2024-02-21 23:17:36.623155, 0.0, 0.0, 0.0, -288, 0
2024-02-21 23:17:37.623668, 3.0, 3.0, 6.0, -288, 0
2024-02-21 23:17:38.624056, 0.0, 0.0, 0.0, -288, 0
2024-02-21 23:17:39.624584, 14.0, 14.0, 28.0, -288, 0
2024-02-21 23:17:40.625304, 0.0, 0.0, 0.0, -288, 0
2024-02-21 23:17:41.627131, 12.0, 12.0, 24.0, -288, 0
2024-02-21 23:17:42.627621, 5.0, 5.0, 10.0, -288, 0
2024-02-21 23:17:43.628482, 6.0, 6.0, 12.0, -288, 0
2024-02-21 23:17:44.628912, 2.0, 2.0, 4.0, -288, 0
2024-02-21 23:17:45.629342, 0.0, 0.0, 0.0, -288, 0
2024-02-21 23:17:46.630003, 0.0, 0.0, 0.0, -288, 0
2024-02-21 23:17:47.630384, 6.0, 6.0, 12.0, -288, 0
2024-02-21 23:17:48.630753, 6.0, 6.0, 12.0, -288, 0
2024-02-21 23:17:49.631319, 12.0, 12.0, 24.0, -288, 0
2024-02-21 23:17:50.631676, 12.0, 12.0, 24.0, -288, 0
2024-02-21 23:17:51.632349, 0.0, 0.0, 0.0, -288, 0
2024-02-21 23:17:52.632739, 9.0, 9.0, 18.0, -288, 0
2024-02-21 23:17:53.633319, 7.0, 7.0, 14.0, -288, 0
2024-02-21 23:17:54.634108, 10.0, 10.0, 20.0, -288, 0
2024-02-21 23:17:55.635787, 10.0, 6.0, 16.0, -292, 0
2024-02-21 23:17:56.636730, 14.0, 18.0, 32.0, -288, 0
2024-02-21 23:17:57.637331, 6.0, 6.0, 12.0, -288, 0
2024-02-21 23:17:58.637947, 15.0, 15.0, 30.0, -288, 0
2024-02-21 23:17:59.638336, 15.0, 15.0, 30.0, -288, 0
2024-02-21 23:18:00.638787, 24.0, 24.0, 48.0, -288, 0
2024-02-21 23:18:01.639333, 6.0, 6.0, 12.0, -288, 0
2024-02-21 23:18:02.639911, 12.0, 12.0, 24.0, -288, 0
2024-02-21 23:18:03.640288, 2.0, 2.0, 4.0, -288, 0
2024-02-21 23:18:04.648498, 12.0, 12.0, 24.0, -288, 0
2024-02-21 23:18:05.649006, 6.0, 6.0, 12.0, -288, 0
2024-02-21 23:18:06.649420, 22.0, 22.0, 44.0, -288, 0
2024-02-21 23:18:07.649943, 18.0, 18.0, 36.0, -288, 0
2024-02-21 23:18:08.650511, 1.0, 1.0, 2.0, -288, 0
2024-02-21 23:18:09.654232, 20.0, 20.0, 40.0, -288, 0
2024-02-21 23:18:10.654673, 6.0, 6.0, 12.0, -288, 0
2024-02-21 23:18:11.655443, 20.0, 20.0, 40.0, -288, 0
2024-02-21 23:18:12.655898, 30.0, 30.0, 60.0, -288, 0
2024-02-21 23:18:13.656310, 0.0, 0.0, 0.0, -288, 0
2024-02-21 23:18:14.660287, 2.0, 2.0, 4.0, -288, 0
2024-02-21 23:18:15.660641, 18.0, 18.0, 36.0, -288, 0
2024-02-21 23:18:16.661245, 0.0, 0.0, 0.0, -288, 0
2024-02-21 23:18:17.662130, 18.0, 13.0, 31.0, -293, 0
2024-02-21 23:18:18.664422, 3.0, 8.0, 11.0, -288, 0
2024-02-21 23:18:19.668356, 57.0, 57.0, 114.0, -288, 0
2024-02-21 23:18:20.668712, 0.0, 0.0, 0.0, -288, 0
2024-02-21 23:18:21.669283, 0.0, 0.0, 0.0, -288, 0
2024-02-21 23:18:22.670003, 0.0, 0.0, 0.0, -288, 0
2024-02-21 23:18:23.671240, 6.0, 6.0, 12.0, -288, 0
2024-02-21 23:18:24.671924, 0.0, 0.0, 0.0, -288, 0
2024-02-21 23:18:25.672520, 6.0, 6.0, 12.0, -288, 0
2024-02-21 23:18:26.672900, 6.0, 6.0, 12.0, -288, 0
2024-02-21 23:18:27.673557, 0.0, 0.0, 0.0, -288, 0
2024-02-21 23:18:28.674277, 2.0, 2.0, 4.0, -288, 0
2024-02-21 23:18:29.674681, 3.0, 3.0, 6.0, -288, 0
2024-02-21 23:18:30.675338, 14.0, 14.0, 28.0, -288, 0
2024-02-21 23:18:31.675850, 0.0, 0.0, 0.0, -288, 0
2024-02-21 23:18:32.676495, 6.0, 6.0, 12.0, -288, 0
2024-02-21 23:18:33.677017, 0.0, 0.0, 0.0, -288, 0
2024-02-21 23:18:34.677411, 2.0, 2.0, 4.0, -288, 0
2024-02-21 23:18:35.677926, 3.0, 3.0, 6.0, -288, 0
2024-02-21 23:18:36.678346, 15.0, 15.0, 30.0, -288, 0
2024-02-21 23:18:37.679296, 12.0, 12.0, 24.0, -288, 0
2024-02-21 23:18:38.679823, 5.0, 2.0, 7.0, -291, 0
2024-02-21 23:18:39.680390, 6.0, 9.0, 15.0, -288, 0
2024-02-21 23:18:40.680856, 8.0, 8.0, 16.0, -288, 0
2024-02-21 23:18:41.681461, 6.0, 6.0, 12.0, -288, 0
2024-02-21 23:18:42.682007, 4.0, 4.0, 8.0, -288, 0
