17,0.0,14.0,17,1.0
16,0.0,14.0,16,1.0
16,0.0,14.0,16,1.0
17,0.0,14.0,17,1.0
16,0.0,14.0,16,1.0
14,0.0,14.0,14,1.0
12,0.0,14.0,12,1.0
11,0.0,14.0,11,1.0
12,0.0,14.0,12,1.0
13,0.0,14.0,13,1.0
15,0.0,14.0,15,1.0
15,0.0,14.0,15,1.0
15,0.0,14.0,15,1.0
16,0.0,14.0,16,1.0
17,0.0,14.0,17,1.0
13,0.0,14.0,13,1.0
13,0.0,14.0,13,1.0
14,0.0,14.0,14,1.0
14,0.0,14.0,14,1.0
14,0.0,14.0,14,1.0
13,0.0,14.0,13,1.0
15,0.0,14.0,15,1.0
15,0.0,14.0,15,1.0
16,0.0,14.0,16,1.0
14,0.0,14.0,14,1.0
14,0.0,14.0,14,1.0
14,0.18246560765962697,21.260179767759055,14,1.0
15,0.16007269816574266,19.76965693126857,15,1.0
14,0.16895772489817729,20.084337749534342,14,1.0
15,0.15612494995995996,19.526328379907987,15,1.0
15,0.15612494995995996,19.526328379907987,15,1.0
16,0.15245533898649638,19.303107970590204,16,1.0
16,0.0,14.0,16,1.0
15,0.0,14.0,15,1.0
16,0.0,14.0,16,1.0
16,0.0,14.0,16,1.0
15,0.0,14.0,15,1.0
16,0.0,14.0,16,1.0
16,0.0,13.994885844578219,16,1.0
16,0.0,14.0,16,1.0
15,0.0,14.0,15,1.0
15,0.0,14.0,15,1.0
16,0.0,14.0,16,1.0
16,0.0,14.0,16,1.0
16,0.0,14.0,16,1.0
16,0.0,14.0,16,1.0
13,0.0,13.993570608156908,13,1.0
15,0.0,14.0,15,1.0
16,0.0,14.0,16,1.0
17,0.0,14.0,17,1.0
17,0.0,14.0,17,1.0
17,0.0,14.0,17,1.0
14,0.0,14.0,14,1.0
13,0.0,14.0,13,1.0
13,0.0,14.0,13,1.0
13,0.0,14.0,13,1.0
13,0.0,14.0,13,1.0
15,0.0,14.0,15,1.0
15,0.0,14.0,15,1.0
15,0.18885257457751053,21.69371530998361,15,1.0
15,0.20393111999232305,22.745738502801075,15,1.0
16,0.18246560765962697,21.260179767759055,16,1.0
14,0.2456701001891583,25.773688880359384,14,1.0
15,0.23529411764705885,24.920912967108304,15,1.0
15,0.22329687826943603,24.043589225102913,15,1.0
17,0.17399263633843817,20.65253843356792,17,1.0
17,0.1795054935711501,21.012271546778454,17,1.0
16,0.1795054935711501,21.012271546778454,16,0.9375
14,0.0,14.0,14,1.0
16,0.0,14.0,16,1.0
14,0.0,14.0,14,1.0
14,0.0,14.0,14,1.0
16,0.0,14.0,16,1.0
16,0.0,14.0,16,1.0
15,0.0,14.0,15,1.0
15,0.0,14.0,15,1.0
14,0.0,14.0,14,1.0
15,0.0,14.0,15,1.0
15,0.0,14.0,15,1.0
15,0.0,14.0,15,1.0
15,0.0,14.0,15,1.0
15,0.0,14.0,15,1.0
15,0.0,14.0,15,1.0
16,0.0,14.0,16,1.0
15,0.0,14.0,15,1.0
13,0.0,14.0,13,1.0
14,0.0,14.0,14,1.0
16,0.0,14.0,16,1.0
14,0.0,14.0,14,1.0
14,0.0,14.0,14,1.0
15,0.0,14.0,15,1.0
16,0.0,13.982489048806725,16,1.0
16,0.0,14.0,16,1.0
17,0.0,14.0,17,1.0
16,0.0,14.0,16,1.0
17,0.0,14.0,17,1.0
17,0.0,14.0,17,1.0
17,0.0,14.0,17,1.0
16,0.1507148999629735,19.224668666674827,16,1.0
17,0.1580618975120251,19.676676488501204,17,1.0
17,0.15612494995995996,19.526328379907987,17,1.0
17,0.14903269373413638,19.09756377522432,17,1.0
15,0.15245533898649638,19.35238329583788,15,1.0
16,0.14583052027172536,18.907645406565457,16,1.0
15,0.0,14.0,15,1.0
15,0.0,14.0,15,1.0
16,0.0,14.0,16,1.0
17,0.0,14.0,17,1.0
17,0.0,14.0,17,1.0
17,0.0,14.0,17,1.0
17,0.0,14.0,17,1.0
17,0.0,14.0,17,1.0
17,0.0,14.0,17,1.0
15,0.0,14.0,15,1.0
14,0.0,14.0,14,1.0
13,0.0,14.0,13,1.0
10,0.0,14.0,10,1.0
10,0.0,14.0,10,1.0
10,0.0,14.0,10,1.0
11,0.0,14.0,11,1.0
13,0.0,14.0,13,1.0
17,0.0,14.0,17,1.0
17,0.0,14.0,17,1.0
17,0.0,14.0,17,1.0
16,0.0,14.0,16,1.0
16,0.0,14.0,16,1.0
16,0.0,14.0,16,1.0
15,0.0,14.0,15,1.0
14,0.0,14.0,14,1.0
15,0.0,14.0,15,1.0
15,0.18885257457751053,21.69371530998361,15,1.0
16,0.19595917942265428,22.184679398179274,16,1.0
14,0.19230769230769226,21.98129920620934,14,1.0
16,0.18246560765962697,21.260179767759055,16,1.0
16,0.16895772489817729,20.32887049933042,16,1.0
16,0.16895772489817729,20.32887049933042,16,1.0
14,0.0,14.0,14,1.0
14,0.0,14.0,14,1.0
15,0.0,14.0,15,1.0
14,0.0,14.0,14,1.0
14,0.0,14.0,14,1.0
13,0.0,14.0,13,1.0
14,0.0,14.0,14,1.0
14,0.0,14.0,14,1.0
13,0.0,14.0,13,1.0
15,0.0,14.0,15,1.0
15,0.0,14.0,15,1.0
15,0.0,14.0,15,1.0
16,0.0,14.0,16,1.0
15,0.0,14.0,15,1.0
16,0.0,14.0,16,1.0
16,0.0,14.0,16,1.0
16,0.0,14.0,16,1.0
16,0.0,14.0,16,1.0
16,0.0,14.0,16,1.0
17,0.0,14.0,17,1.0
15,0.0,14.0,15,1.0
15,0.0,14.0,15,1.0
16,0.0,14.0,16,1.0
13,0.0,14.0,13,1.0
13,0.0,14.0,13,1.0
14,0.0,14.0,14,1.0
16,0.0,14.0,16,1.0
16,0.0,14.0,16,1.0
16,0.0,14.0,16,1.0
16,0.0,14.0,16,1.0
14,0.0,14.0,14,1.0
15,0.0,14.0,15,1.0
15,0.1542574468374819,19.44108995360538,15,1.0
16,0.14903269373413638,19.097563775224323,16,1.0
16,0.15612494995995996,19.526328379907987,16,1.0
16,0.23529411764705885,24.920912967108304,16,1.0
16,0.23529411764705885,24.920912967108304,16,1.0
15,0.24944382578492943,25.97811044364509,15,1.0
17,0.1855768722395226,21.414638327412344,17,1.0
16,0.19230769230769226,21.8679468764609,16,1.0
15,0.1855768722395226,21.414638327412344,15,1.0
16,0.1665986255670086,20.216784297878302,16,1.0
16,0.0,14.0,16,1.0
16,0.0,14.0,16,1.0
15,0.0,14.0,15,1.0
16,0.0,14.0,16,1.0
15,0.0,14.0,15,1.0
17,0.0,14.0,17,1.0
15,0.0,14.0,15,1.0
15,0.0,14.0,15,1.0
15,0.0,14.0,15,1.0
15,0.0,14.0,15,1.0
15,0.0,13.942028736495137,15,0.8666666666666667
15,0.0,14.0,15,1.0
16,0.0,14.0,16,1.0
17,0.0,14.0,17,1.0
17,0.0,14.0,17,1.0
17,0.0,14.0,17,1.0
17,0.0,14.0,17,1.0
14,0.0,14.0,14,1.0
16,0.0,14.0,16,1.0
16,0.0,14.0,16,1.0
16,0.0,14.0,16,1.0
14,0.0,14.0,14,1.0
14,0.0,14.0,14,1.0
15,0.0,14.0,15,1.0
15,0.0,14.0,15,1.0
15,0.0,14.0,15,1.0
17,0.0,14.0,17,1.0
17,0.0,14.0,17,1.0
17,0.0,14.0,17,1.0
17,0.14740554623801777,19.025129580519433,17,1.0
17,0.13733516208736252,18.41544727191963,17,1.0
17,0.13481684980149106,18.2729270459275,17,1.0
17,0.13481684980149106,18.2729270459275,17,1.0
16,0.13481684980149106,18.2729270459275,16,1.0
17,0.13016955922880602,18.014164066518816,17,1.0
17,0.0,14.0,17,1.0
15,0.0,14.0,15,1.0
15,0.0,14.0,15,1.0
10,0.0,14.0,10,1.0
9,0.0,14.0,9,1.0
8,0.0,14.0,8,1.0
9,0.0,14.0,9,1.0
10,0.0,14.0,10,1.0
11,0.0,14.0,11,1.0
11,0.0,14.0,11,1.0
10,0.0,14.0,10,1.0
9,0.0,14.0,9,1.0
8,0.0,14.0,8,1.0
8,0.0,14.0,8,1.0
10,0.0,14.0,10,1.0
7,0.0,14.0,7,1.0
11,0.0,14.0,11,1.0
9,0.0,14.0,9,1.0
8,0.0,14.0,8,1.0
11,0.0,14.0,11,1.0
8,0.0,14.0,8,1.0
8,0.0,14.0,8,1.0
11,0.0,14.0,11,1.0
11,0.0,14.0,11,1.0
10,0.0,14.0,10,1.0
14,0.42591770999996,21.50779007740231,14,1.0
15,0.3639296836760614,27.44976100852682,15,1.0
17,0.35727190506448236,27.06587006856131,17,1.0
17,0.35096368373091086,26.704772820985283,17,1.0
17,0.24206145913796356,25.52283155442506,17,1.0
10,0.0,14.0,10,0.9
9,0.0,14.0,9,1.0
8,0.0,13.913311859998691,8,0.875
8,0.0,14.0,8,1.0
9,0.0,14.0,9,1.0
10,0.0,14.0,10,1.0
11,0.0,14.0,11,1.0
13,0.0,14.0,13,1.0
13,0.0,14.0,13,1.0
12,0.0,14.0,12,1.0
10,0.0,13.913311859998691,10,1.0
10,0.0,14.0,10,1.0
8,0.0,14.0,8,1.0
9,0.0,14.0,9,1.0
10,0.0,14.0,10,1.0
11,0.0,14.0,11,1.0
11,0.0,14.0,11,1.0
12,0.0,14.0,12,1.0
12,0.0,14.0,12,1.0
12,0.0,14.0,12,1.0
12,0.0,14.0,12,1.0
12,0.21794494717703372,23.83505821264131,12,0.9166666666666666
12,0.20393111999232305,22.745738502801075,12,1.0
12,0.20829889522526548,22.97339460123672,12,1.0
12,0.20393111999232305,22.745738502801075,12,1.0
11,0.20829889522526548,22.97339460123672,11,1.0
10,0.2290614236454256,24.46287184214953,10,1.0
7,0.0,14.0,7,1.0
8,0.0,14.0,8,1.0
10,0.0,13.97575755756941,10,1.0
8,0.0,14.0,8,1.0
10,0.0,14.0,10,1.0
11,0.0,14.0,11,1.0
11,0.0,14.0,11,1.0
11,0.0,14.0,11,1.0
10,0.0,14.0,10,1.0
10,0.0,14.0,10,1.0
10,0.0,14.0,10,1.0
11,0.0,14.0,11,1.0
11,0.0,14.0,11,1.0
11,0.0,14.0,11,1.0
9,0.0,14.0,9,1.0
8,0.0,14.0,8,1.0
8,0.0,14.0,8,1.0
9,0.0,14.0,9,1.0
8,0.0,14.0,8,1.0
10,0.0,14.0,10,1.0
9,0.0,14.0,9,1.0
9,0.0,14.0,9,1.0
9,0.0,14.0,9,1.0
10,0.0,14.0,10,1.0
10,0.0,13.958518427340007,10,1.0
8,0.0,14.0,8,1.0
7,0.0,14.0,7,1.0
8,0.0,14.0,8,1.0
9,0.0,14.0,9,1.0
9,0.0,14.0,9,1.0
10,0.0,14.0,10,1.0
10,0.0,14.0,10,1.0
10,0.0,14.0,10,1.0
9,0.0,13.968854243956049,9,0.8888888888888888
9,0.0,14.0,9,1.0
10,0.0,14.0,10,1.0
11,0.0,14.0,11,1.0
9,0.0,13.97575755756941,9,1.0
9,0.0,13.913311859998691,9,1.0
7,0.0,13.80418616056577,7,1.0
7,0.0,13.555441711725958,7,0.8571428571428571
8,0.0,13.856406460551018,8,1.0
8,0.0,13.958518427340007,8,1.0
8,0.0,14.0,8,1.0
11,0.0,14.0,11,1.0
12,0.0,14.0,12,1.0
10,0.0,14.0,10,1.0
9,0.0,14.0,9,1.0
12,0.0,14.0,12,1.0
12,0.0,13.98411797560202,12,0.9166666666666666
12,0.0,14.0,12,1.0
13,0.0,14.0,13,1.0
15,0.0,14.0,15,1.0
15,0.0,14.0,15,1.0
15,0.0,14.0,15,1.0
15,0.0,13.992714025007439,15,0.9333333333333333
14,0.0,14.0,14,1.0
15,0.0,14.0,15,1.0
10,0.0,14.0,10,1.0
10,0.0,14.0,10,1.0
11,0.0,14.0,11,1.0
12,0.0,14.0,12,1.0
14,0.0,14.0,14,1.0
14,0.0,14.0,14,1.0
15,0.0,14.0,15,1.0
15,0.0,14.0,15,1.0
13,0.0,13.98059597127073,13,1.0
12,0.0,14.0,12,1.0
12,0.0,14.0,12,1.0
12,0.0,14.0,12,1.0
14,0.0,13.951304200284964,14,0.9285714285714286
14,0.0,14.0,14,1.0
12,0.0,14.0,12,1.0
14,0.0,14.0,14,1.0
11,0.0,14.0,11,1.0
9,0.0,14.0,9,1.0
12,0.0,14.0,12,1.0
12,0.0,13.97575755756941,12,1.0
14,0.0,14.0,14,1.0
11,0.0,14.0,11,1.0
12,0.0,14.0,12,1.0
10,0.0,14.0,10,1.0
10,0.0,14.0,10,1.0
11,0.32218973970892123,31.966678152581427,11,0.9090909090909091
11,0.32218973970892123,31.514922043671397,11,0.9090909090909091
10,0.3142696805273545,31.09761612077462,10,1.0
10,0.3142696805273545,31.09761612077462,10,1.0
11,0.24206145913796356,25.42359878144713,11,1.0
14,0.0,14.0,14,1.0
15,0.0,14.0,15,1.0
16,0.0,14.0,16,1.0
17,0.0,14.0,17,1.0
17,0.0,13.996213657807695,17,1.0
15,0.0,13.991674099769114,15,1.0
14,0.0,14.0,14,1.0
13,0.0,14.0,13,1.0
10,0.0,14.0,10,1.0
10,0.0,14.0,10,1.0
5,0.0,14.0,5,1.0
7,0.0,14.0,7,1.0
14,0.0,14.0,14,1.0
16,0.0,14.0,16,1.0
16,0.0,13.990394510018413,16,1.0
14,0.0,14.0,14,1.0
12,0.0,14.0,12,1.0
8,0.0,14.0,8,1.0
8,0.0,13.942028736495137,8,1.0
10,0.0,13.968854243956049,10,1.0
12,0.0,14.0,12,1.0
12,0.0,14.0,12,1.0
12,0.0,14.0,12,1.0
10,0.0,13.958518427340007,10,1.0
10,0.0,14.0,10,1.0
11,0.0,14.0,11,1.0
12,0.0,14.0,12,1.0
9,0.0,13.717142559585797,9,0.8888888888888888
10,0.0,14.0,10,1.0
12,0.0,14.0,12,1.0
12,0.0,14.0,12,1.0
12,0.0,14.0,12,1.0
12,0.0,14.0,12,1.0
11,0.0,14.0,11,1.0
11,0.0,14.0,11,1.0
10,0.0,14.0,10,1.0
10,0.0,14.0,10,1.0
9,0.0,14.0,9,1.0
11,0.0,14.0,11,1.0
11,0.0,14.0,11,1.0
10,0.0,14.0,10,1.0
10,0.0,13.98411797560202,10,1.0
11,0.0,14.0,11,1.0
11,0.0,13.98059597127073,11,1.0
9,0.0,13.968854243956049,9,1.0
9,0.0,13.968854243956049,9,1.0
14,0.0,13.97575755756941,14,1.0
11,0.0,13.958518427340007,11,0.9090909090909091
10,0.0,14.0,10,1.0
12,0.0,14.0,12,1.0
12,0.0,13.986761226353462,12,1.0
11,0.0,14.0,11,1.0
11,0.0,14.0,11,1.0
10,0.21295885499998,23.393702274809964,10,1.0
8,0.33071891388307384,32.912763481664676,8,1.0
9,0.3399346342395189,33.50515714864736,9,1.0
8,0.38569460791993504,37.68244872813815,8,0.875
16,0.24944382578492943,25.97811044364509,16,1.0
16,0.24206145913796356,25.42359878144713,16,1.0
16,0.0,14.0,16,1.0
15,0.0,14.0,15,1.0
15,0.0,14.0,15,1.0
15,0.0,14.0,15,1.0
8,0.0,14.0,8,1.0
8,0.0,14.0,8,1.0
10,0.0,13.958518427340007,10,0.9
9,0.0,14.0,9,1.0
11,0.0,14.0,11,1.0
11,0.0,14.0,11,1.0
11,0.0,14.0,11,1.0
11,0.0,13.98059597127073,11,1.0
11,0.0,14.0,11,1.0
11,0.0,14.0,11,1.0
11,0.0,14.0,11,1.0
10,0.0,14.0,10,1.0
9,0.0,14.0,9,1.0
10,0.0,14.0,10,1.0
10,0.0,14.0,10,1.0
11,0.0,14.0,11,1.0
12,0.0,14.0,12,1.0
12,0.0,14.0,12,1.0
13,0.0,14.0,13,1.0
13,0.0,14.0,13,1.0
12,0.0,14.0,12,1.0
12,0.0,13.98411797560202,12,1.0
11,0.24206145913796356,25.42359878144713,11,1.0
11,0.25753937681885636,26.593308963584295,11,1.0
11,0.25753937681885636,26.593308963584295,11,1.0
11,0.24206145913796356,25.42359878144713,11,1.0
10,0.2290614236454256,24.46287184214953,10,1.0
10,0.21794494717703372,23.65819097057085,10,1.0
10,0.0,14.0,10,1.0
9,0.0,14.0,9,1.0
10,0.0,14.0,10,1.0
9,0.0,14.0,9,1.0
9,0.0,14.0,9,1.0
10,0.0,14.0,10,1.0
10,0.0,14.0,10,1.0
11,0.0,13.958518427340007,11,1.0
9,0.0,14.0,9,1.0
9,0.0,14.0,9,1.0
7,0.0,14.0,7,1.0
8,0.0,14.0,8,1.0
10,0.0,14.0,10,1.0
14,0.0,14.0,14,1.0
15,0.0,14.0,15,1.0
15,0.0,14.0,15,1.0
16,0.0,14.0,16,1.0
16,0.0,14.0,16,1.0
13,0.0,14.0,13,1.0
12,0.0,14.0,12,1.0
11,0.0,14.0,11,1.0
10,0.0,14.0,10,1.0
9,0.0,14.0,9,1.0
11,0.0,14.0,11,1.0
10,0.0,14.0,10,1.0
10,0.0,14.0,10,1.0
12,0.0,14.0,12,1.0
11,0.33071891388307384,32.46440358300149,11,1.0
10,0.36464227527765836,35.608209704195325,10,1.0
12,0.34317429251230674,33.51785018451713,12,1.0
11,0.41573970964154905,40.03640318818504,11,1.0
9,0.4103259033241448,39.52188750346743,9,1.0
8,0.3,29.933927239839413,8,1.0
9,0.25753937681885636,26.593308963584295,9,1.0
10,0.23529411764705885,25.050813411846644,10,1.0
10,0.24206145913796356,25.42359878144713,10,1.0
10,0.0,14.0,10,1.0
11,0.0,14.0,11,1.0
10,0.0,13.98411797560202,10,1.0
11,0.0,14.0,11,1.0
11,0.0,14.0,11,1.0
10,0.0,14.0,10,1.0
9,0.0,13.968854243956049,9,0.8888888888888888
10,0.0,14.0,10,1.0
12,0.0,14.0,12,1.0
12,0.0,14.0,12,1.0
12,0.0,14.0,12,1.0
12,0.0,14.0,12,1.0
12,0.0,14.0,12,1.0
11,0.0,13.958518427340007,11,0.9090909090909091
8,0.0,14.0,8,1.0
7,0.0,14.0,7,1.0
3,0.0,0.0,3,0.3333333333333333
3,0.0,0.0,3,0.3333333333333333
3,0.0,0.0,3,0.3333333333333333
3,0.0,0.0,3,0.3333333333333333
3,0.0,0.0,3,0.3333333333333333
3,0.0,0.0,3,0.3333333333333333
8,0.0,0.0,8,0.125
8,0.0,0.0,8,0.25
8,0.0,0.0,8,0.375
9,0.0,0.0,9,0.1111111111111111
8,0.0,0.0,8,0.125
8,0.0,0.0,8,0.125
12,0.0,0.0,12,0.08333333333333333
13,0.0,0.0,13,0.0
13,0.0,0.0,13,0.0
12,0.0,0.0,12,0.08333333333333333
12,0.0,0.0,12,0.25
13,0.0,0.0,13,0.07692307692307693
13,0.0,0.0,13,0.0
7,0.0,0.0,7,0.7142857142857143
8,0.0,0.0,8,0.75
10,0.0,0.0,10,0.5
10,0.0,0.0,10,0.2
11,0.0,0.0,11,0.09090909090909091
11,0.0,0.0,11,0.0
12,0.0,0.0,12,0.0
10,0.0,0.0,10,0.3
11,0.0,0.0,11,0.09090909090909091
10,0.0,0.0,10,0.0
10,0.0,0.0,10,0.1
11,0.0,0.0,11,0.09090909090909091
10,0.0,0.0,10,0.1
10,0.0,0.0,10,0.1
10,0.0,0.0,10,0.1
10,0.0,0.0,10,0.2
9,0.0,0.0,9,0.1111111111111111
10,0.0,0.0,10,0.4
8,0.0,0.0,8,0.25
11,0.0,0.0,11,0.2727272727272727
11,0.0,0.0,11,0.36363636363636365
11,0.0,0.0,11,0.2727272727272727
9,0.0,0.0,9,0.1111111111111111
9,0.0,0.0,9,0.1111111111111111
9,0.0,0.0,9,0.3333333333333333
8,0.0,0.0,8,0.375
7,0.0,0.0,7,0.0
7,0.0,0.0,7,0.0
5,0.0,0.0,5,0.0
5,0.0,0.0,5,0.0
5,0.0,0.0,5,0.0
5,0.0,0.0,5,0.0
5,0.0,0.0,5,0.0
5,0.0,0.0,5,0.0
5,0.0,0.0,5,0.0
5,0.0,0.0,5,0.0
5,0.0,0.0,5,0.0
7,0.0,0.0,7,0.0
7,0.0,0.0,7,0.14285714285714285
8,0.0,0.0,8,0.25
8,0.0,0.0,8,0.5
10,0.0,0.0,10,0.4
10,0.0,0.0,10,0.3
10,0.0,0.0,10,0.3
10,0.0,0.0,10,0.4
11,0.0,0.0,11,0.2727272727272727
10,0.0,0.0,10,0.2
11,0.0,0.0,11,0.18181818181818182
12,0.0,0.0,12,0.08333333333333333
12,0.0,0.0,12,0.3333333333333333
12,0.0,0.0,12,0.4166666666666667
10,0.0,0.0,10,0.3
10,0.0,0.0,10,0.2
12,0.0,0.0,12,0.3333333333333333
11,0.0,0.0,11,0.09090909090909091
11,0.0,0.0,11,0.0
10,0.0,0.0,10,0.1
12,0.0,0.0,12,0.16666666666666666
12,0.0,0.0,12,0.25
11,0.0,0.0,11,0.2727272727272727
11,0.0,0.0,11,0.18181818181818182
11,0.0,0.0,11,0.09090909090909091
12,0.0,0.0,12,0.0
12,0.0,0.0,12,0.08333333333333333
10,0.0,0.0,10,0.1
9,0.0,0.0,9,0.1111111111111111
10,0.0,0.0,10,0.0
11,0.0,0.0,11,0.0
11,0.0,0.0,11,0.0
9,0.0,0.0,9,0.0
9,0.0,0.0,9,0.2222222222222222
9,0.0,0.0,9,0.1111111111111111
8,0.0,0.0,8,0.25
7,0.0,0.0,7,0.14285714285714285
10,0.0,0.0,10,0.1
11,0.0,0.0,11,0.0
11,0.0,0.0,11,0.18181818181818182
10,0.0,0.0,10,0.3
10,0.0,0.0,10,0.3
10,0.0,0.0,10,0.5
9,0.0,0.0,9,0.6666666666666666
10,0.0,0.0,10,0.1
10,0.0,0.0,10,0.1
10,0.0,0.0,10,0.2
8,0.0,0.0,8,0.125
10,0.0,0.0,10,0.1
11,0.0,0.0,11,0.18181818181818182
10,0.0,0.0,10,0.2
10,0.0,0.0,10,0.4
9,0.0,0.0,9,0.4444444444444444
10,0.0,0.0,10,0.1
11,0.0,0.0,11,0.18181818181818182
11,0.0,0.0,11,0.18181818181818182
10,0.0,0.0,10,0.3
10,0.0,0.0,10,0.4
10,0.0,0.0,10,0.4
12,0.0,0.0,12,0.08333333333333333
12,0.0,0.0,12,0.16666666666666666
12,0.0,0.0,12,0.08333333333333333
11,0.0,0.0,11,0.36363636363636365
11,0.0,0.0,11,0.2727272727272727
10,0.0,0.0,10,0.1
10,0.0,0.0,10,0.1
11,0.0,0.0,11,0.18181818181818182
11,0.0,0.0,11,0.36363636363636365
11,0.0,0.0,11,0.36363636363636365
12,0.0,0.0,12,0.3333333333333333
9,0.0,0.0,9,0.3333333333333333
9,0.0,0.0,9,0.4444444444444444
10,0.0,0.0,10,0.5
11,0.0,0.0,11,0.2727272727272727
10,0.0,0.0,10,0.1
9,0.0,0.0,9,0.5555555555555556
10,0.0,0.0,10,0.6
10,0.0,0.0,10,0.7
9,0.0,0.0,9,0.6666666666666666
9,0.0,0.0,9,0.5555555555555556
10,0.0,0.0,10,0.5
10,0.0,0.0,10,0.3
11,0.0,0.0,11,0.09090909090909091
10,0.0,0.0,10,0.1
9,0.0,0.0,9,0.1111111111111111
10,0.0,0.0,10,0.2
8,0.0,0.0,8,0.25
7,0.0,0.0,7,0.14285714285714285
7,0.0,0.0,7,0.0
8,0.0,0.0,8,0.0
9,0.0,0.0,9,0.1111111111111111
9,0.0,0.0,9,0.1111111111111111
9,0.0,0.0,9,0.1111111111111111
9,0.0,0.0,9,0.0
9,0.0,0.0,9,0.3333333333333333
9,0.0,0.0,9,0.3333333333333333
8,0.0,0.0,8,1.0
8,0.0,0.0,8,1.125
7,0.0,0.0,7,1.2857142857142858
9,0.0,0.0,9,0.7777777777777778
10,0.0,0.0,10,0.7
10,0.0,0.0,10,0.8
10,0.0,0.0,10,0.5
8,0.0,0.0,8,0.625
9,0.0,0.0,9,0.1111111111111111
7,0.0,0.0,7,0.0
7,0.0,0.0,7,0.14285714285714285
6,0.0,0.0,6,0.16666666666666666
6,0.0,0.0,6,0.3333333333333333
9,0.0,0.0,9,0.0
9,0.0,0.0,9,0.1111111111111111
9,0.0,0.0,9,0.0
9,0.0,0.0,9,0.0
8,0.0,0.0,8,0.0
7,0.0,0.0,7,0.14285714285714285
7,0.0,0.0,7,0.2857142857142857
8,0.0,0.0,8,0.0
8,0.0,0.0,8,0.0
8,0.0,0.0,8,0.0
7,0.0,0.0,7,0.2857142857142857
6,0.0,0.0,6,0.8333333333333334
5,0.0,0.0,5,1.2
6,0.0,0.0,6,0.8333333333333334
6,0.0,0.0,6,0.16666666666666666
7,0.0,0.0,7,0.2857142857142857
9,0.0,0.0,9,0.1111111111111111
10,0.0,0.0,10,0.1
11,0.0,0.0,11,0.18181818181818182
11,0.0,0.0,11,0.0
11,0.0,0.0,11,0.36363636363636365
12,0.0,0.0,12,0.3333333333333333
12,0.0,0.0,12,0.16666666666666666
13,0.0,0.0,13,0.0
12,0.0,0.0,12,0.16666666666666666
12,0.0,0.0,12,0.16666666666666666
12,0.0,0.0,12,0.08333333333333333
12,0.0,0.0,12,0.0
10,0.0,0.0,10,0.0
10,0.0,0.0,10,0.2
11,0.0,0.0,11,0.09090909090909091
12,0.0,0.0,12,0.0
12,0.0,0.0,12,0.16666666666666666
12,0.0,0.0,12,0.16666666666666666
11,0.0,0.0,11,0.09090909090909091
9,0.0,0.0,9,0.4444444444444444
9,0.0,0.0,9,0.1111111111111111
10,0.0,0.0,10,0.1
10,0.0,0.0,10,0.2
11,0.0,0.0,11,0.18181818181818182
8,0.0,0.0,8,0.75
10,0.0,0.0,10,0.5
9,0.0,0.0,9,0.8888888888888888
10,0.0,0.0,10,0.8
10,0.0,0.0,10,0.7
9,0.0,0.0,9,0.4444444444444444
10,0.0,0.0,10,0.0
9,0.0,0.0,9,0.0
9,0.0,0.0,9,0.1111111111111111
9,0.0,0.0,9,0.1111111111111111
8,0.0,0.0,8,0.125
10,0.0,0.0,10,0.1
9,0.0,0.0,9,0.2222222222222222
10,0.0,0.0,10,0.2
10,0.0,0.0,10,0.3
9,0.0,0.0,9,0.6666666666666666
8,0.0,0.0,8,0.625
8,0.0,0.0,8,0.5
8,0.0,0.0,8,0.375
7,0.0,0.0,7,0.2857142857142857
7,0.0,0.0,7,0.2857142857142857
10,0.0,0.0,10,0.3
11,0.0,0.0,11,0.2727272727272727
12,0.0,0.0,12,0.08333333333333333
11,0.0,0.0,11,0.18181818181818182
11,0.0,0.0,11,0.0
11,0.0,0.0,11,0.09090909090909091
11,0.0,0.0,11,0.09090909090909091
12,0.0,0.0,12,0.16666666666666666
9,0.0,0.0,9,0.1111111111111111
9,0.0,0.0,9,0.1111111111111111
9,0.0,0.0,9,0.3333333333333333
8,0.0,0.0,8,0.25
10,0.0,0.0,10,0.1
10,0.0,0.0,10,0.1
12,0.0,0.0,12,0.25
11,0.0,0.0,11,0.18181818181818182
10,0.0,0.0,10,0.0
9,0.0,0.0,9,0.0
9,0.0,0.0,9,0.0
10,0.0,0.0,10,0.2
9,0.0,0.0,9,0.3333333333333333
9,0.0,0.0,9,0.5555555555555556
10,0.0,0.0,10,0.6
11,0.0,0.0,11,0.45454545454545453
11,0.0,0.0,11,0.6363636363636364
11,0.0,0.0,11,0.45454545454545453
10,0.0,0.0,10,0.4
10,0.0,0.0,10,0.3
10,0.0,0.0,10,0.1
10,0.0,0.0,10,0.1
10,0.0,0.0,10,0.1
10,0.0,0.0,10,0.1
11,0.0,0.0,11,0.09090909090909091
12,0.0,0.0,12,0.16666666666666666
12,0.0,0.0,12,0.08333333333333333
10,0.0,0.0,10,0.3
10,0.0,0.0,10,0.5
9,0.0,0.0,9,0.6666666666666666
8,0.0,0.0,8,0.875
7,0.0,0.0,7,1.0
9,0.0,0.0,9,0.1111111111111111
11,0.0,0.0,11,0.09090909090909091
11,0.0,0.0,11,0.09090909090909091
7,0.0,0.0,7,0.0
11,0.0,0.0,11,0.18181818181818182
5,0.0,0.0,5,0.2
8,0.0,0.0,8,0.25
7,0.0,0.0,7,0.0
11,0.0,0.0,11,0.09090909090909091
11,0.0,0.0,11,0.09090909090909091
5,0.0,0.0,5,1.0
7,0.0,0.0,7,0.42857142857142855
7,0.0,0.0,7,0.42857142857142855
6,0.0,0.0,6,0.16666666666666666
10,0.0,0.0,10,0.1
5,0.0,0.0,5,0.6
7,0.0,0.0,7,0.2857142857142857
9,0.0,0.0,9,0.1111111111111111
7,0.0,0.0,7,0.0
10,0.0,0.0,10,0.8
5,0.0,0.0,5,0.2
5,0.0,0.0,5,0.8
7,0.0,0.0,7,0.0
5,0.0,0.0,5,0.0
9,0.0,0.0,9,0.2222222222222222
4,0.0,0.0,4,1.0
7,0.0,0.0,7,0.42857142857142855
8,0.0,0.0,8,0.125
7,0.0,0.0,7,0.0
9,0.0,0.0,9,0.1111111111111111
4,0.0,0.0,4,0.5
6,0.0,0.0,6,0.5
10,0.0,0.0,10,0.3
6,0.0,0.0,6,0.0
9,0.0,0.0,9,0.2222222222222222
4,0.0,0.0,4,0.0
7,0.0,0.0,7,0.5714285714285714
9,0.0,0.0,9,0.1111111111111111
11,0.0,0.0,11,0.0
12,0.0,0.0,12,0.08333333333333333
5,0.0,0.0,5,0.2
7,0.0,0.0,7,0.0
4,0.0,0.0,4,0.25
5,0.0,0.0,5,0.2
9,0.0,0.0,9,0.1111111111111111
20,0.0,1.1273124382057236,20,0.05
7,0.0,0.0,7,0.42857142857142855
6,0.0,0.0,6,0.5
10,0.0,0.0,10,0.1
9,0.0,0.0,9,0.2222222222222222
136,0.0,1.2067579605760683,136,0.014705882352941176
4,0.0,0.0,4,0.5
8,0.0,0.0,8,0.25
8,0.0,0.0,8,0.25
11,0.0,0.0,11,0.0
154,0.0,1.1699277638386674,154,0.0
7,0.0,0.0,7,0.2857142857142857
9,0.0,0.0,9,0.3333333333333333
8,0.0,0.0,8,0.125
10,0.0,0.0,10,0.4
153,0.0,1.11997140030449,153,0.0
4,0.0,0.0,4,0.75
4,0.0,0.0,4,0.5
5,0.0,0.0,5,0.8
8,0.0,0.0,8,0.875
154,0.0,1.1158516018174587,154,0.0
8,0.0,0.0,8,0.625
9,0.0,0.0,9,0.0
7,0.0,0.0,7,0.14285714285714285
8,0.0,0.0,8,0.375
153,0.0,1.1388041973930374,153,0.0196078431372549
7,0.0,0.0,7,0.2857142857142857
8,0.0,0.0,8,0.125
7,0.0,0.0,7,0.14285714285714285
8,0.0,0.0,8,0.375
151,0.0,1.1803187290910921,151,0.019867549668874173
8,0.0,0.0,8,0.375
6,0.0,0.0,6,0.0
5,0.0,0.0,5,0.4
8,0.0,0.0,8,0.25
153,0.0,1.13113826430736,153,0.013071895424836602
6,0.0,0.0,6,0.3333333333333333
7,0.0,0.0,7,0.14285714285714285
8,0.0,0.0,8,0.0
10,0.0,0.0,10,0.2
154,0.0,1.1396469115321755,154,0.006493506493506494
6,0.0,0.0,6,0.16666666666666666
9,0.0,0.0,9,0.3333333333333333
10,0.0,0.0,10,0.3
11,0.0,0.0,11,0.2727272727272727
153,0.0,1.1845292094068283,153,0.0196078431372549
5,0.0,0.0,5,0.4
7,0.0,0.0,7,0.2857142857142857
7,0.0,0.0,7,0.14285714285714285
8,0.0,0.0,8,0.125
125,0.0,1.1187027476810338,125,0.024
5,0.0,0.0,5,0.0
4,0.0,0.0,4,0.0
9,0.0,0.0,9,0.1111111111111111
10,0.0,0.0,10,0.4
12,0.0,1.1967032904743342,12,0.0
5,0.0,0.0,5,0.0
8,0.0,0.0,8,0.375
5,0.0,0.0,5,0.0
7,0.0,0.0,7,0.2857142857142857
3,0.0,0.0,3,1.0
6,0.0,0.0,6,0.0
9,0.0,0.0,9,0.1111111111111111
10,0.0,0.0,10,0.2
11,0.0,0.0,11,0.09090909090909091
5,0.0,0.0,5,0.6
8,0.0,0.0,8,0.125
11,0.0,0.0,11,0.18181818181818182
5,0.0,0.0,5,0.4
8,0.0,0.0,8,0.25
4,0.0,0.0,4,0.5
6,0.0,0.0,6,0.6666666666666666
7,0.0,0.0,7,0.14285714285714285
6,0.0,0.0,6,0.5
9,0.0,0.0,9,0.2222222222222222
5,0.0,0.0,5,0.0
5,0.0,0.0,5,0.2
6,0.0,0.0,6,0.3333333333333333
7,0.0,0.0,7,0.14285714285714285
10,0.0,0.0,10,0.1
5,0.0,0.0,5,0.6
8,0.0,0.0,8,0.5
6,0.0,0.0,6,0.16666666666666666
7,0.0,0.0,7,0.5714285714285714
9,0.0,0.0,9,0.7777777777777778
5,0.0,0.0,5,0.4
6,0.0,0.0,6,0.3333333333333333
8,0.0,0.0,8,0.375
9,0.0,0.0,9,0.1111111111111111
10,0.0,0.0,10,0.3
5,0.0,0.0,5,0.6
5,0.0,0.0,5,0.4
7,0.0,0.0,7,0.14285714285714285
9,0.0,0.0,9,0.2222222222222222
9,0.0,0.0,9,0.3333333333333333
4,0.0,0.0,4,1.5
5,0.0,0.0,5,0.2
5,0.0,0.0,5,0.6
6,0.0,0.0,6,0.0
6,0.0,0.0,6,0.16666666666666666
5,0.0,0.0,5,0.2
3,0.0,0.0,3,0.0
6,0.0,0.0,6,0.16666666666666666
5,0.0,0.0,5,0.2
11,0.0,0.0,11,0.36363636363636365
5,0.0,0.0,5,0.2
7,0.0,0.0,7,0.5714285714285714
9,0.0,0.0,9,0.1111111111111111
9,0.0,0.0,9,0.3333333333333333
13,0.0,0.0,13,0.07692307692307693
5,0.0,0.0,5,1.6
8,0.0,0.0,8,0.25
11,0.0,0.0,11,0.18181818181818182
11,0.0,0.0,11,0.0
11,0.0,0.0,11,0.36363636363636365
5,0.0,0.0,5,1.0
7,0.0,0.0,7,0.2857142857142857
6,0.0,0.0,6,0.16666666666666666
7,0.0,0.0,7,0.2857142857142857
10,0.0,0.0,10,0.6
5,0.0,0.0,5,0.6
7,0.0,0.0,7,0.7142857142857143
8,0.0,0.0,8,0.25
10,0.0,0.0,10,0.2
11,0.0,0.0,11,0.0
5,0.0,0.0,5,0.4
7,0.0,0.0,7,0.42857142857142855
10,0.0,0.0,10,0.3
8,0.0,0.0,8,0.25
10,0.0,0.0,10,0.2
5,0.0,0.0,5,0.2
5,0.0,0.0,5,0.2
8,0.0,0.0,8,0.25
8,0.0,0.0,8,0.25
10,0.0,0.0,10,0.1
5,0.0,0.0,5,0.8
9,0.0,0.0,9,0.1111111111111111
7,0.0,0.0,7,0.14285714285714285
9,0.0,0.0,9,0.1111111111111111
10,0.0,0.0,10,0.1
5,0.0,0.0,5,0.4
7,0.0,0.0,7,0.42857142857142855
5,0.0,0.0,5,0.2
6,0.0,0.0,6,0.16666666666666666
7,0.0,0.0,7,0.0
4,0.0,0.0,4,0.0
5,0.0,0.0,5,0.2
8,0.0,0.0,8,0.375
12,0.0,0.0,12,0.25
9,0.0,0.0,9,0.2222222222222222
4,34.567944979817845,1866.6694705199566,4,0.75
4,0.0,0.0,4,0.25
4,0.0,0.0,4,0.25
4,0.0,0.0,4,0.25
6,0.0,0.0,6,0.3333333333333333
4,15.479531428204206,835.8947575848501,4,0.75
6,0.0,0.0,6,0.0
6,0.0,0.0,6,0.16666666666666666
6,0.0,0.0,6,0.8333333333333334
8,0.0,0.0,8,0.0
3,0.0,0.0,3,1.0
4,0.0,0.0,4,0.5
6,0.0,0.0,6,0.3333333333333333
7,0.0,0.0,7,0.2857142857142857
7,0.0,0.0,7,0.14285714285714285
3,0.0,0.0,3,1.0
5,0.0,0.0,5,0.0
8,0.0,0.0,8,0.0
6,0.0,0.0,6,0.3333333333333333
8,0.0,0.0,8,0.125
3,0.008621971232431197,0.46558644655128456,3,1.0
3,0.0,0.0,3,0.0
6,0.0,0.0,6,0.3333333333333333
7,0.0,0.0,7,0.14285714285714285
7,0.0,0.0,7,0.5714285714285714
3,0.0,0.0,3,1.0
5,0.0,0.0,5,0.6
6,0.0,0.0,6,0.16666666666666666
9,0.0,0.0,9,0.1111111111111111
7,0.0,0.0,7,0.14285714285714285
3,0.0,0.06245998402594033,3,1.0
4,0.0,0.0,4,0.75
6,0.0,0.0,6,0.16666666666666666
5,0.0,0.0,5,0.2
6,0.0,0.0,6,0.16666666666666666
3,0.007404766935085725,0.3998574144946291,3,1.0
3,0.0,0.0,3,0.3333333333333333
9,0.0,0.0,9,0.6666666666666666
7,0.0,0.0,7,1.2857142857142858
9,0.0,0.0,9,4.0
5,0.0,0.6980551246744544,5,1.0
8,0.0,0.0,8,1.25
10,0.0,0.0,10,0.8
9,0.0,0.0,9,0.1111111111111111
9,0.0,0.0,9,0.2222222222222222
5,0.0,0.0,5,0.8
7,0.0,0.0,7,0.14285714285714285
9,0.0,0.0,9,0.1111111111111111
11,0.0,0.0,11,0.2727272727272727
11,0.0,0.0,11,0.09090909090909091
5,0.0,0.0,5,0.4
8,0.0,0.0,8,0.125
10,0.0,0.0,10,0.4
11,0.0,0.0,11,0.2727272727272727
11,0.0,0.0,11,0.0
5,0.0,0.0,5,1.0
8,0.0,0.0,8,0.0
9,0.0,0.0,9,0.3333333333333333
10,0.0,0.0,10,0.3
11,0.0,0.0,11,0.2727272727272727
4,0.0,0.0,4,0.75
6,0.0,0.0,6,0.16666666666666666
8,0.0,0.0,8,0.375
8,0.0,0.0,8,0.0
10,0.0,0.0,10,0.1
4,0.0,0.0,4,0.75
6,0.0,0.0,6,0.16666666666666666
5,0.0,0.0,5,0.4
8,0.0,0.0,8,0.0
10,0.0,0.0,10,0.0
5,0.0,0.0,5,0.8
7,0.0,0.0,7,0.42857142857142855
5,0.0,0.0,5,0.0
12,0.0,0.0,12,0.16666666666666666
11,0.0,0.0,11,0.0
5,0.0,0.0,5,0.2
8,0.3,13.8,8,0.0
7,0.0,0.0,7,0.2857142857142857
10,0.0,0.0,10,0.1
12,0.0,0.0,12,0.25
5,0.0,0.0,5,0.2
5,0.0,0.0,5,0.2
8,0.0,0.0,8,0.375
10,0.0,0.0,10,0.3
9,0.0,0.0,9,0.0
5,0.0,0.0,5,0.4
6,0.0,0.0,6,0.3333333333333333
9,0.0,0.0,9,0.2222222222222222
4,0.0,0.0,4,0.0
8,0.0,0.0,8,0.125
5,0.0,0.0,5,0.8
6,0.0,0.0,6,0.16666666666666666
8,0.0,0.0,8,0.25
8,0.0,0.0,8,0.125
11,0.0,0.0,11,0.45454545454545453
5,0.0,0.0,5,0.6
5,0.0,0.0,5,0.6
9,0.0,0.0,9,0.2222222222222222
8,0.0,0.0,8,0.0
10,0.0,0.0,10,0.1
5,0.0,0.0,5,1.2
7,0.0,0.0,7,0.5714285714285714
10,0.0,0.0,10,0.4
7,0.0,0.0,7,0.14285714285714285
8,0.0,0.0,8,0.375,0.0
4,0.0,0.0,4,1.5,0.0
6,0.0,0.0,6,0.16666666666666666,50.0
10,0.0,0.0,10,0.3,0.0
6,0.0,0.0,6,0.16666666666666666,100.0
8,0.0,0.0,8,0.25,0.0
5,0.0,0.0,5,0.6,0.0
8,0.0,0.0,8,0.375,0.0
8,0.0,0.0,8,0.5,0.0
9,0.0,0.0,9,0.1111111111111111,0.0
10,0.0,0.0,10,0.3,0.0
5,0.0,0.0,5,0.6,0.0
6,0.0,0.0,6,0.3333333333333333,0.0
6,0.0,0.0,6,0.5,0.0
9,0.0,0.0,9,0.1111111111111111,50.0
11,0.0,0.0,11,0.2727272727272727,50.0
4,0.0,0.0,4,0.5,0.0
7,0.0,0.0,7,0.2857142857142857,100.0
9,0.0,0.0,9,0.0,0.0
10,0.0,0.0,10,0.1,100.0
11,0.0,0.0,11,0.09090909090909091,0.0
4,0.0,0.0,4,0.0,0.0
5,0.0,0.0,5,0.2,100.0
5,0.0,0.0,5,0.4,0.0
7,0.0,0.0,7,0.14285714285714285,0.0
8,0.0,0.0,8,0.25,0.0
47,0.0,1.2183492931011204,47,0.0,0.0
5,0.0,0.0,5,0.6,0.0
9,0.0,0.0,9,0.2222222222222222,0.0
9,0.0,0.0,9,0.1111111111111111,100.0
10,0.0,0.0,10,0.5,0.0
142,0.0,1.08379801223436,142,0.014084507042253521,0.0
5,0.0,0.0,5,0.6,0.0
7,0.0,0.0,7,0.14285714285714285,0.0
10,0.0,0.0,10,0.2,0.0
10,0.0,0.0,10,0.4,100.0
18,0.0,0.9742923287382153,18,0.16666666666666666,0.0
7,0.0,0.0,7,0.0,66.7
10,0.0,0.0,10,0.2,0.0
9,0.0,0.0,9,0.1111111111111111,50.0
11,0.0,0.0,11,0.09090909090909091,0.0
5,0.0,0.0,5,0.4,0.0
6,0.0,0.0,6,0.16666666666666666,0.0
5,0.0,0.0,5,0.4,0.0
7,0.0,0.0,7,0.0,0.0
8,0.0,0.0,8,0.25,0.0
4,0.0,0.0,4,0.25,0.0
6,0.0,0.0,6,0.8333333333333334,0.0
9,0.0,0.0,9,0.4444444444444444,0.0
11,0.0,0.0,11,0.18181818181818182,0.0
11,0.0,0.0,11,0.18181818181818182,0.0
4,0.0,0.0,4,1.25,0.0
9,0.0,0.0,9,0.5555555555555556,0.0
6,0.0,0.0,6,0.16666666666666666,0.0
8,0.0,0.0,8,0.0,0.0
9,0.0,0.0,9,0.2222222222222222,0.0
5,0.0,0.0,5,0.6,0.0
7,0.0,0.0,7,0.14285714285714285,0.0
7,0.0,0.0,7,0.2857142857142857,0.0
8,0.0,0.0,8,0.125,100.0
10,0.0,0.0,10,0.2,0.0
5,0.0,0.0,5,0.4,100.0
5,0.0,0.0,5,0.0,100.0
7,0.0,0.0,7,0.42857142857142855,0.0
9,0.0,0.0,9,0.1111111111111111,0.0
9,0.0,0.0,9,0.0,0.0
5,0.0,0.0,5,0.4,0.0
8,0.0,0.0,8,0.375,0.0
10,0.0,0.0,10,0.0,0.0
7,0.0,0.0,7,0.14285714285714285,0.0
9,0.0,0.0,9,0.3333333333333333,50.0
5,0.0,0.0,5,0.2,0.0
7,0.0,0.0,7,0.0,0.0
8,0.0,0.0,8,0.25,50.0
7,0.0,0.0,7,0.14285714285714285,0.0
9,0.0,0.0,9,0.4444444444444444,100.0
4,0.0,0.0,4,1.0,0.0
6,0.0,0.0,6,0.6666666666666666,0.0
9,0.0,0.0,9,0.2222222222222222,0.0
9,0.0,0.0,9,0.0,0.0
9,0.0,0.0,9,0.4444444444444444,0.0
5,0.0,0.0,5,1.4,0.0
5,0.0,0.0,5,0.2,100.0
9,0.0,0.0,9,0.1111111111111111,0.0
9,0.0,0.0,9,0.2222222222222222,0.0
9,0.0,0.0,9,0.1111111111111111,0.0
5,0.0,0.0,5,1.2,0.0
9,0.0,0.0,9,0.3333333333333333,0.0
3,0.0,0.0,3,0.3333333333333333,15.4
3,0.0,0.0,3,0.3333333333333333,10.8
3,0.0,0.0,3,0.6666666666666666,20.0
7,0.0,0.0,7,0.14285714285714285,15.0
8,0.0,0.0,8,0.0,14.6
10,0.0,0.0,10,0.1,30.0
5,0.0,0.0,5,0.2,13.2
5,0.0,0.0,5,0.2,23.1
9,0.0,0.0,9,0.2222222222222222,10.0
7,0.0,0.0,7,0.0,12.2
7,0.0,0.0,7,1.0,12.5
5,0.0,0.0,5,1.6,10.5
8,0.0,0.0,8,0.5,7.7
7,0.0,0.0,7,0.0,7.7
9,0.0,0.0,9,0.0,12.8
10,0.0,0.0,10,0.0,7.9
4,0.0,0.0,4,0.75,12.5
6,0.0,0.0,6,0.16666666666666666,37.5
8,0.0,0.0,8,0.125,12.8
10,0.0,0.0,10,0.1,15.0
13,0.0,0.0,13,0.15384615384615385,15.0
5,0.0,0.0,5,0.4,17.9
7,0.0,0.0,7,0.2857142857142857,7.9
9,0.0,0.0,9,0.3333333333333333,12.5
12,0.0,0.0,12,0.08333333333333333,17.1
9,0.0,0.0,9,0.0,23.7
5,0.0,0.0,5,0.6,10.5
7,0.0,0.0,7,0.42857142857142855,12.5
5,0.0,0.0,5,0.4,12.5
9,0.0,0.0,9,0.2222222222222222,17.5
9,0.0,0.0,9,0.1111111111111111,81.0
4,0.0,0.0,4,0.25,10.3
5,0.0,0.0,5,0.2,15.0
7,0.0,0.0,7,0.14285714285714285,10.5
6,0.0,0.0,6,0.0,10.3
10,0.0,0.0,10,0.0,14.6
5,0.0,0.0,5,0.6,7.9
8,0.0,0.0,8,0.25,12.5
8,0.0,0.0,8,0.25,32.5
8,0.0,0.0,8,0.0,17.5
9,0.0,0.0,9,0.5555555555555556,17.5
5,0.0,0.0,5,0.2,22.0
7,0.0,0.0,7,0.14285714285714285,12.5
6,0.0,0.0,6,0.5,7.7
4,0.0,0.0,4,0.0,12.2
9,0.0,0.0,9,0.2222222222222222,15.8
31,0.0,1.1511102399484785,31,0.06451612903225806,16.7
7,0.0,0.0,7,0.2857142857142857,10.3
5,0.0,0.0,5,0.4,25.0
9,0.0,0.0,9,0.3333333333333333,15.0
7,0.0,0.0,7,0.2857142857142857,10.3
154,0.0,1.1031028680499384,154,0.012987012987012988,13.2
5,0.0,0.0,5,0.2,13.2
8,0.0,0.0,8,0.25,10.0
11,0.0,0.0,11,0.18181818181818182,7.7
11,0.0,0.0,11,0.6363636363636364,7.7
50,4.073752929019716,220.0077324708444,50,0.02,100.0
5,0.0,0.0,5,0.0,100.0
9,0.0,0.0,9,0.3333333333333333,95.0
6,0.0,0.0,6,0.0,97.5
7,0.0,0.0,7,0.2857142857142857,33.3
3,1.5324749976163305,82.75364987128184,3,1.0,30.8
5,0.0,0.0,5,0.2,67.5
5,0.0,0.0,5,0.4,42.5
8,0.0,0.0,8,0.125,33.3
8,0.0,0.0,8,0.125,68.3
5,0.006639719813905642,0.3701528441295022,5,0.8,72.5
5,0.0,0.0,5,0.2,33.3
7,0.0,0.0,7,0.2857142857142857,70.0
6,0.0,0.0,6,0.3333333333333333,70.7
8,0.0,0.0,8,0.125,71.8
3,0.0,0.0,3,1.0,35.0
4,0.0,0.0,4,0.0,31.6
6,0.0,0.0,6,0.3333333333333333,68.4
7,0.0,0.0,7,0.5714285714285714,71.8
7,0.0,0.0,7,0.2857142857142857,71.8
3,0.006745679083006876,0.36426667048237127,3,1.0,72.5
5,0.0,0.0,5,1.0,72.5
6,0.0,0.0,6,0.3333333333333333,68.3
7,0.0,0.0,7,0.0,66.7
5,0.0,0.0,5,0.4,67.5
3,0.0,0.0,3,1.0,70.0
4,0.0,0.0,4,0.25,75.6
6,0.0,0.0,6,0.3333333333333333,82.9
5,0.0,0.0,5,0.0,73.0
6,0.0,0.0,6,0.0,76.7
4,0.0,0.05742037594756208,4,0.75,68.3
5,0.0,0.0,5,0.6,75.0
5,0.0,0.0,5,0.4,68.4
3,0.0,0.0,3,0.0,67.5
9,0.0,0.0,9,0.2222222222222222,66.7
5,0.0,0.15935025240921796,5,3526.0,71.4
3,0.0,0.0,3,0.3333333333333333,87.5
8,0.0,0.0,8,0.375,68.3
8,0.0,0.0,8,0.375,72.5
11,0.0,0.0,11,0.2727272727272727,72.5
5,0.0,0.14714651843182552,5,3544.4,72.5
7,0.0,0.0,7,0.0,69.2
8,0.0,0.0,8,0.625,15.4
10,0.0,0.0,10,0.3,7.7
9,0.0,0.0,9,2.3333333333333335,10.0
5,0.0,0.7747637323968231,5,1.0,9.8
8,0.0,0.0,8,0.5,14.0
7,0.0,0.0,7,0.14285714285714285,10.3
7,0.0,0.0,7,0.0,7.7
10,0.0,0.0,10,0.0,12.5
5,0.0,0.0,5,0.6,7.7
8,0.0,0.0,8,0.125,10.0
6,0.0,0.0,6,0.3333333333333333,12.2
12,0.0,0.0,12,0.08333333333333333,12.5
10,0.0,0.0,10,0.0,12.8
4,0.0,0.0,4,1.75,10.0
4,0.0,0.0,4,0.75,5.1
8,0.0,0.0,8,0.375,12.5
6,0.0,0.0,6,0.16666666666666666,5.1
11,0.0,0.0,11,0.36363636363636365,11.9
4,0.0,0.0,4,0.5,10.0
7,0.3142696805273545,14.456405304258304,7,0.14285714285714285,12.5
8,0.0,0.0,8,0.25,10.0
8,0.0,0.0,8,0.25,22.5
10,0.0,0.0,10,0.4,10.0
4,0.0,0.0,4,0.75,13.2
6,0.0,0.0,6,0.3333333333333333,7.7
8,0.0,0.0,8,0.375,7.5
8,0.0,0.0,8,0.125,10.0
10,0.0,0.0,10,0.2,17.9
5,0.0,0.0,5,0.6,10.0
9,0.0,0.0,9,0.2222222222222222,7.5
9,0.0,0.0,9,0.5555555555555556,10.0
10,0.0,0.0,10,0.3,14.6
10,0.0,0.0,10,0.0,7.7
5,0.0,0.0,5,0.4,10.5
6,0.0,0.0,6,0.5,7.7
7,0.0,0.0,7,0.2857142857142857,10.0
6,0.0,0.0,6,0.0,10.0
8,0.0,0.0,8,0.625,5.3
4,0.0,0.0,4,1.25,24.4
6,0.0,0.0,6,0.5,10.0
6,0.0,0.0,6,0.16666666666666666,10.0
8,0.0,0.0,8,0.0,7.5
10,0.0,0.0,10,0.5,19.5
5,0.0,0.0,5,1.8,10.0
7,0.0,0.0,7,0.14285714285714285,7.5
10,0.0,0.0,10,0.1,7.7
8,0.0,0.0,8,0.625,17.5
12,0.0,0.0,12,0.16666666666666666,14.0
5,0.0,0.0,5,0.4,20.0
7,0.0,0.0,7,0.14285714285714285,10.0
9,0.0,0.0,9,0.3333333333333333,22.0
7,0.0,0.0,7,0.0,15.0
9,0.0,0.0,9,0.3333333333333333,12.2
5,0.0,0.0,5,0.2,7.7
8,0.0,0.0,8,0.25,14.6
8,0.0,0.0,8,0.375,9.8
7,0.0,0.0,7,0.2857142857142857,7.7
9,0.0,0.0,9,0.3333333333333333,21.1
4,0.0,0.0,4,0.5,7.7
4,0.0,0.0,4,0.25,12.5
9,0.0,0.0,9,0.2222222222222222,10.3
3,0.0,0.0,3,0.0,10.3
6,0.0,0.0,6,0.0,22.5
4,0.0,0.0,4,0.25,10.3
8,0.3,13.8,8,0.5,12.5
7,0.0,0.0,7,0.2857142857142857,7.7
9,0.0,0.0,9,0.1111111111111111,17.9
12,0.0,0.0,12,0.16666666666666666,15.0
5,0.0,0.0,5,0.2,55.0
7,0.0,0.0,7,0.14285714285714285,17.9
10,0.0,0.0,10,0.3,28.2
9,0.0,0.0,9,0.0,25.6
10,0.0,0.0,10,0.3,38.5
5,0.0,0.0,5,0.0,10.0
7,0.0,0.0,7,0.14285714285714285,12.5
7,0.0,0.0,7,0.2857142857142857,10.0
9,0.0,0.0,9,0.1111111111111111,7.7
10,0.0,0.0,10,0.3,10.0
5,0.0,0.0,5,1.4,12.5
8,0.0,0.0,8,0.375,10.0
11,0.0,0.0,11,0.09090909090909091,7.7
7,0.0,0.0,7,0.0,10.0
12,0.0,0.0,12,0.0,7.7
5,0.0,0.0,5,0.2,19.5
8,0.0,0.0,8,0.5,9.8
11,0.0,0.0,11,0.36363636363636365,10.0
11,0.0,0.0,11,0.09090909090909091,20.5
9,0.0,0.0,9,0.0,10.0
5,0.0,0.0,5,0.2,14.3
7,0.0,0.0,7,0.14285714285714285,7.7
6,0.0,0.0,6,0.3333333333333333,45.0
9,0.0,0.0,9,0.2222222222222222,12.2
6,0.0,0.0,6,0.0,10.0
5,0.0,0.0,5,0.4,10.5
7,0.0,0.0,7,0.14285714285714285,15.0
7,0.0,0.0,7,0.42857142857142855,27.5
9,0.0,0.0,9,0.0,40.0
9,0.0,0.0,9,0.3333333333333333,15.4
5,0.0,0.0,5,0.4,26.8
8,0.0,0.0,8,0.375,15.4
10,0.0,0.0,10,0.1,15.4
9,0.0,0.0,9,0.1111111111111111,10.3
9,0.0,0.0,9,1.0,18.4
5,0.0,0.0,5,0.4,12.5
6,0.0,0.0,6,0.3333333333333333,22.5
7,0.0,0.0,7,0.0,84.2
7,0.0,0.0,7,0.14285714285714285,17.5
11,0.0,0.0,11,0.09090909090909091,17.5
5,0.0,0.0,5,0.2,10.3
6,0.0,0.0,6,0.16666666666666666,23.8
7,0.0,0.0,7,0.42857142857142855,17.5
8,0.0,0.0,8,0.125,12.5
12,0.0,0.0,12,0.25,13.2
4,0.0,0.0,4,0.5,14.6
6,0.0,0.0,6,0.3333333333333333,10.0
6,0.0,0.0,6,0.16666666666666666,12.2
9,0.0,0.0,9,0.1111111111111111,12.5
8,0.0,0.0,8,0.125,27.5
5,0.0,0.0,5,0.2,14.6
7,0.0,0.0,7,0.42857142857142855,12.8
10,0.0,0.0,10,0.5,10.3
11,0.0,0.0,11,0.09090909090909091,10.3
11,0.0,0.0,11,0.09090909090909091,28.2
4,0.0,0.0,4,1.25,12.5
6,0.0,0.0,6,0.0,10.3
7,0.0,0.0,7,0.42857142857142855,10.3
6,0.0,0.0,6,0.0,12.8
9,0.0,0.0,9,0.4444444444444444,17.5
5,0.0,0.0,5,0.8,14.6
5,0.0,0.0,5,0.6,10.3
7,0.0,0.0,7,0.14285714285714285,10.3
7,0.0,0.0,7,0.42857142857142855,10.3
8,0.0,0.0,8,0.375,7.7
5,0.0,0.0,5,0.4,15.0
8,0.0,0.0,8,0.625,17.5
7,0.0,0.0,7,0.14285714285714285,10.0
8,0.0,0.0,8,0.125,31.7
11,0.0,0.0,11,0.18181818181818182,19.5
5,0.0,0.0,5,1.2,15.4
7,0.0,0.0,7,0.2857142857142857,10.3
6,0.0,0.0,6,0.0,15.0
9,0.0,0.0,9,0.1111111111111111,13.2
9,0.0,0.0,9,0.2222222222222222,30.0
4,0.0,0.0,4,0.75,19.5
7,0.0,0.0,7,0.2857142857142857,20.0
7,0.0,0.0,7,0.14285714285714285,22.0
9,0.0,0.0,9,0.0,17.9
8,0.0,0.0,8,0.75,10.5
5,0.0,0.0,5,0.8,30.8
6,0.0,0.0,6,0.3333333333333333,25.6
6,0.0,0.0,6,0.5,12.5
8,0.0,0.0,8,0.125,17.5
11,0.0,0.0,11,0.18181818181818182,12.5
4,0.0,0.0,4,0.25,10.3
4,0.0,0.0,4,0.0,7.9
10,0.0,0.0,10,0.2,12.5
10,0.0,0.0,10,0.3,12.8
10,0.0,0.0,10,0.3,92.7
5,0.0,0.0,5,0.6,20.0
6,0.0,0.0,6,0.0,23.1
8,0.0,0.0,8,0.125,23.1
9,0.0,0.0,9,0.1111111111111111,20.0
9,0.0,0.0,9,0.2222222222222222,20.5
5,0.0,0.0,5,0.6,12.5
6,0.0,0.0,6,0.0,12.8
8,0.0,0.0,8,0.125,56.4
7,0.0,0.0,7,0.2857142857142857,12.2
12,0.0,0.0,12,0.16666666666666666,41.5
5,0.0,0.0,5,0.6,7.9
8,0.0,0.0,8,0.5,30.8
7,0.0,0.0,7,0.0,50.0
8,0.0,0.0,8,0.125,33.3
8,0.0,0.0,8,0.875,36.6
5,0.0,0.0,5,1.0,53.7
6,0.0,0.0,6,0.3333333333333333,28.9
7,0.0,0.0,7,0.2857142857142857,10.0
6,0.0,0.0,6,0.0,12.2
8,0.0,0.0,8,0.625,17.5
5,0.0,0.0,5,0.4,17.9
7,0.0,0.0,7,0.42857142857142855,12.5
8,0.0,0.0,8,0.25,17.5
6,0.0,0.0,6,0.3333333333333333,35.0
7,0.0,0.0,7,0.8571428571428571,15.4
5,0.0,0.0,5,1.6,19.5
6,0.0,0.0,6,0.16666666666666666,14.6
7,0.0,0.0,7,0.2857142857142857,10.3
9,0.0,0.0,9,0.2222222222222222,10.0
11,0.0,0.0,11,0.09090909090909091,10.3
5,0.0,0.0,5,0.6,37.5
6,0.0,0.0,6,0.0,10.3
9,0.0,0.0,9,0.0,12.8
10,0.0,0.0,10,0.1,30.0
8,0.0,0.0,8,0.375,15.0
5,0.0,0.0,5,0.2,14.6
6,0.0,0.0,6,0.0,10.5
6,0.0,0.0,6,0.16666666666666666,10.3
10,0.0,0.0,10,0.1,7.9
9,0.0,0.0,9,0.4444444444444444,10.0
5,0.0,0.0,5,0.6,15.8
7,0.0,0.0,7,0.5714285714285714,31.6
8,0.0,0.0,8,0.375,12.5
7,0.0,0.0,7,0.14285714285714285,14.6
8,0.0,0.0,8,0.25,15.4
4,0.0,0.0,4,0.25,35.9
6,0.0,0.0,6,0.16666666666666666,20.0
6,0.0,0.0,6,0.5,18.9
5,0.0,0.0,5,0.4,19.5
9,0.0,0.0,9,0.3333333333333333,25.0
5,0.0,0.0,5,1.0,20.0
6,0.0,0.0,6,0.0,17.5
9,0.0,0.0,9,0.1111111111111111,17.5
10,0.0,0.0,10,0.2,20.5
11,0.0,0.0,11,0.2727272727272727,36.6
5,0.0,0.0,5,1.0,17.9
7,0.0,0.0,7,0.14285714285714285,17.5
9,0.0,0.0,9,0.2222222222222222,37.5
7,0.0,0.0,7,0.0,14.6
8,0.0,0.0,8,0.0,30.0
36,0.0,1.1693091766582882,36,0.05555555555555555,20.5
4,0.0,0.0,4,0.25,26.8
5,0.0,0.0,5,0.4,22.5
10,0.0,0.0,10,0.1,25.0
12,0.0,0.0,12,0.0,25.6
116,0.0,1.1367842679091098,116,0.0,63.4
8,0.0,0.0,8,0.375,30.0
8,0.0,0.0,8,0.25,20.0
7,0.0,0.0,7,0.0,26.8
8,0.0,0.0,8,0.125,20.5
5,0.0,0.0,5,0.8,47.5
6,0.0,0.0,6,0.6666666666666666,77.5
8,0.0,0.0,8,0.5,30.0
7,0.0,0.0,7,0.14285714285714285,23.1
12,0.0,0.0,12,0.16666666666666666,30.0
5,0.0,0.0,5,1.0,87.5
6,0.0,0.0,6,0.16666666666666666,25.6
9,0.0,0.0,9,0.1111111111111111,26.3
5,0.0,0.0,5,0.2,31.0
11,0.0,0.0,11,0.2727272727272727,31.0
5,0.0,0.0,5,0.2,42.1
7,0.0,0.0,7,0.2857142857142857,53.8
4,0.0,0.0,4,0.25,35.9
7,0.0,0.0,7,0.0,40.0
8,0.0,0.0,8,0.0,40.0
5,0.0,0.0,5,0.2,30.0
6,0.0,0.0,6,0.3333333333333333,43.9
7,0.0,0.0,7,0.2857142857142857,35.0
12,0.0,0.0,12,0.0,22.5
12,0.0,0.0,12,0.25,10.5
5,0.0,0.0,5,0.4,17.9
6,0.0,0.0,6,0.0,17.5
7,0.0,0.0,7,0.14285714285714285,17.9
7,0.0,0.0,7,0.14285714285714285,27.5
8,0.0,0.0,8,0.375,17.5
5,0.0,0.0,5,0.8,17.1
5,0.0,0.0,5,0.2,14.6
8,0.0,0.0,8,0.125,14.6
9,0.0,0.0,9,0.0,17.5
9,0.0,0.0,9,0.0,33.3
3,0.0,0.0,3,1.0,17.9
5,0.0,0.0,5,0.6,19.5
9,0.0,0.0,9,0.5555555555555556,19.5
8,0.0,0.0,8,0.25,76.9
12,0.0,0.0,12,0.16666666666666666,21.1
5,0.0,0.0,5,1.0,16.7
9,0.0,0.0,9,0.1111111111111111,25.6
10,0.0,0.0,10,0.0,50.0
7,0.0,0.0,7,0.2857142857142857,15.0
10,0.0,0.0,10,0.2,15.4
5,0.0,0.0,5,0.8,15.0
7,0.0,0.0,7,0.5714285714285714,17.5
10,0.0,0.0,10,0.4,15.8
5,0.0,0.0,5,0.4,12.5
9,0.0,0.0,9,0.2222222222222222,12.5
4,0.0,0.0,4,0.0,19.0
6,0.0,0.0,6,0.0,23.1
10,0.0,0.0,10,0.2,17.1
10,0.0,0.0,10,0.0,10.3
10,0.0,0.0,10,0.6,22.0
5,0.25753937681885636,11.846811333667395,5,1.8,32.5
6,0.0,0.0,6,0.0,18.4
10,0.0,0.0,10,0.2,19.5
8,0.0,0.0,8,0.0,12.8
7,0.0,0.0,7,0.7142857142857143,17.9
3,0.0,0.0,3,0.0,15.4
5,0.0,0.0,5,0.0,17.5
4,0.0,0.0,4,0.25,12.8
4,0.0,0.0,4,0.0,17.5
6,0.0,0.0,6,0.16666666666666666,13.2
5,0.0,0.0,5,0.4,19.5
8,0.0,0.0,8,0.5,20.0
6,0.0,0.0,6,0.16666666666666666,34.1
7,0.0,0.0,7,0.2857142857142857,12.8
10,0.0,0.0,10,0.4,17.9
5,0.0,0.0,5,1.8,27.5
6,0.0,0.0,6,0.3333333333333333,25.0
8,0.0,0.0,8,0.375,24.4
10,0.0,0.0,10,0.3,20.0
11,0.0,0.0,11,0.5454545454545454,17.5
4,0.0,0.0,4,1.0,12.5
6,0.0,0.0,6,0.5,17.9
9,0.0,0.0,9,0.1111111111111111,15.4
7,0.0,0.0,7,0.2857142857142857,12.8
9,0.0,0.0,9,0.1111111111111111,13.2
5,0.0,0.0,5,0.4,17.5
7,0.0,0.0,7,0.2857142857142857,22.5
7,0.0,0.0,7,0.2857142857142857,28.2
8,0.0,0.0,8,0.5,22.5
10,0.0,0.0,10,0.3,20.5
4,0.0,0.0,4,0.25,15.8
6,0.0,0.0,6,0.0,15.0
6,0.0,0.0,6,0.3333333333333333,15.0
6,0.0,0.0,6,0.3333333333333333,15.4
9,0.0,0.0,9,0.1111111111111111,10.5
4,0.0,0.0,4,0.0,20.0
5,0.0,0.0,5,0.4,40.0
7,0.0,0.0,7,0.0,67.5
9,0.0,0.0,9,0.2222222222222222,63.4
10,0.0,0.0,10,0.4,20.0
5,0.0,0.0,5,0.6,32.5
6,0.0,0.0,6,0.3333333333333333,62.5
10,0.0,0.0,10,0.2,34.2
9,0.0,0.0,9,0.1111111111111111,51.2
10,0.0,0.0,10,0.1,100.0
5,0.0,0.0,5,1.2,92.3
7,0.0,0.0,7,0.2857142857142857,92.5
5,0.0,0.0,5,0.2,53.8
8,0.0,0.0,8,0.125,89.5
9,0.0,0.0,9,0.0,97.4
5,0.0,0.0,5,0.6,97.5
9,0.0,0.0,9,0.1111111111111111,87.2
8,0.0,0.0,8,0.125,64.1
11,0.0,0.0,11,0.09090909090909091,46.2
11,0.0,0.0,11,0.0,78.9
5,0.0,0.0,5,0.2,30.8
5,0.0,0.0,5,0.4,64.9
8,0.0,0.0,8,0.5,80.0
4,0.0,0.0,4,0.0,70.0
8,0.0,0.0,8,0.125,66.7
4,0.0,0.0,4,0.5,69.2
5,0.0,0.0,5,0.2,92.5
10,0.0,0.0,10,0.1,97.6
7,0.0,0.0,7,0.0,77.5
10,0.0,0.0,10,0.0,97.5
4,0.0,0.0,4,0.5,70.7
4,0.0,0.0,4,0.25,62.5
5,0.0,0.0,5,0.0,95.1
10,0.0,0.0,10,0.4,95.1
11,0.0,0.0,11,0.6363636363636364,92.7
4,0.0,0.0,4,1.25,97.6
5,0.0,0.0,5,0.2,70.0
4,0.0,0.0,4,0.0,100.0
10,0.0,0.0,10,0.2,80.5
9,0.0,0.0,9,0.4444444444444444,82.5
5,0.0,0.0,5,0.0,92.3
6,0.0,0.0,6,0.3333333333333333,100.0
8,0.0,0.0,8,0.375,97.5
9,0.0,0.0,9,0.1111111111111111,89.7
10,0.0,0.0,10,0.2,85.0
4,0.0,0.0,4,0.5,90.0
5,0.0,0.0,5,0.4,87.5
5,0.0,0.0,5,0.4,77.5
9,0.0,0.0,9,0.1111111111111111,90.2
10,0.0,0.0,10,0.2,100.0
4,0.0,0.0,4,0.75,87.2
8,0.0,0.0,8,0.375,87.5
4,0.0,0.0,4,0.25,95.1
7,0.0,0.0,7,0.2857142857142857,95.0
8,0.0,0.0,8,0.125,94.9
5,0.0,0.0,5,0.6,100.0
8,0.0,0.0,8,0.25,95.0
11,0.0,0.0,11,0.18181818181818182,87.8
11,0.0,0.0,11,0.09090909090909091,73.2
10,0.0,0.0,10,0.1,92.5
5,0.0,0.0,5,0.8,100.0
6,0.0,0.0,6,0.3333333333333333,82.5
5,0.0,0.0,5,0.4,85.0
8,0.0,0.0,8,0.0,97.6
9,0.0,0.0,9,0.3333333333333333,100.0
4,0.0,0.0,4,0.25,85.0
5,0.0,0.0,5,0.2,100.0
4,0.0,0.0,4,0.5,90.2
10,0.0,0.0,10,0.1,92.5
9,0.0,0.0,9,0.0,100.0
4,0.0,0.0,4,1.0,80.0
6,0.0,0.0,6,0.16666666666666666,100.0
7,0.0,0.0,7,0.2857142857142857,84.2
6,0.0,0.0,6,0.16666666666666666,92.5
9,0.0,0.0,9,0.7777777777777778,92.7
5,0.0,0.0,5,0.2,100.0
8,0.0,0.0,8,0.125,78.6
10,0.0,0.0,10,0.1,35.0
11,0.0,0.0,11,0.09090909090909091,22.0
13,0.0,0.0,13,0.15384615384615385,68.4
5,0.0,0.0,5,0.8,31.7
6,0.0,0.0,6,0.16666666666666666,29.3
7,0.0,0.0,7,0.5714285714285714,28.2
8,0.0,0.0,8,0.25,23.1
10,0.0,0.0,10,0.3,17.5
3,0.0,0.0,3,0.6666666666666666,85.4
6,0.0,0.0,6,0.5,100.0
6,0.0,0.0,6,0.16666666666666666,89.7
11,0.0,0.0,11,0.18181818181818182,100.0
11,0.0,0.0,11,0.0,82.5
5,0.0,0.0,5,0.8,43.9
7,0.0,0.0,7,0.42857142857142855,57.5
7,0.0,0.0,7,0.2857142857142857,34.2
8,0.0,0.0,8,0.25,56.4
11,0.0,0.0,11,0.18181818181818182,52.6
4,0.0,0.0,4,0.25,57.9
4,0.0,0.0,4,0.25,70.0
5,0.0,0.0,5,0.4,64.1
6,0.0,0.0,6,0.0,100.0
8,0.0,0.0,8,0.875,97.5
5,0.0,0.0,5,0.2,64.1
8,0.0,0.0,8,0.375,80.0
10,0.0,0.0,10,0.1,53.8
7,0.0,0.0,7,0.14285714285714285,37.5
11,0.0,0.0,11,0.18181818181818182,90.0
5,0.0,0.0,5,1.0,29.3
7,0.0,0.0,7,0.7142857142857143,22.5
12,0.0,0.0,12,0.4166666666666667,17.5
8,0.0,0.0,8,0.0,15.0
10,0.0,0.0,10,0.1,25.0
5,0.0,0.0,5,0.4,97.6
7,0.0,0.0,7,0.42857142857142855,15.4
10,0.0,0.0,10,0.2,10.3
7,0.0,0.0,7,0.2857142857142857,15.0
10,0.0,0.0,10,0.0,43.6
5,0.0,0.0,5,0.4,71.8
6,0.0,0.0,6,0.5,26.8
7,0.0,0.0,7,0.14285714285714285,100.0
10,0.0,0.0,10,0.0,20.0
5,0.0,0.0,5,0.6,12.5
6,0.0,0.0,6,0.3333333333333333,17.5
8,0.0,0.0,8,0.25,5.0
12,0.0,0.0,12,0.25,15.0
9,0.0,0.0,9,0.3333333333333333,17.9
4,0.0,0.0,4,1.0,7.5
7,0.0,0.0,7,0.42857142857142855,5.1
6,0.0,0.0,6,0.16666666666666666,2.6
8,0.0,0.0,8,0.125,10.0
10,0.0,0.0,10,0.2,5.3
4,0.0,0.0,4,0.5,7.5
5,0.0,0.0,5,0.0,2.6
9,0.0,0.0,9,0.2222222222222222,14.3
11,0.0,0.0,11,0.09090909090909091,17.5
10,0.0,0.0,10,0.2,7.5
5,0.0,0.0,5,0.8,12.2
7,0.0,0.0,7,0.42857142857142855,10.0
9,0.0,0.0,9,0.1111111111111111,2.5
6,0.0,0.0,6,0.0,12.2
11,0.0,0.0,11,0.0,7.5
4,0.0,0.0,4,0.0,5.0
7,0.0,0.0,7,0.14285714285714285,17.5
8,0.0,0.0,8,0.0,10.3
8,0.0,0.0,8,0.125,15.0
8,0.0,0.0,8,0.375,7.5
4,0.0,0.0,4,0.0,12.2
7,0.0,0.0,7,0.2857142857142857,56.1
8,0.0,0.0,8,0.25,7.5
8,0.0,0.0,8,0.0,7.7
10,0.0,0.0,10,0.2,5.1
5,0.0,0.0,5,0.8,7.5
7,0.0,0.0,7,0.42857142857142855,22.5
6,0.0,0.0,6,0.0,12.2
9,0.0,0.0,9,0.1111111111111111,7.7
9,0.0,0.0,9,0.3333333333333333,17.5
5,0.0,0.0,5,0.4,7.7
6,0.0,0.0,6,0.16666666666666666,5.0
8,0.0,0.0,8,0.375,10.0
7,0.0,0.0,7,0.14285714285714285,5.3
9,0.0,0.0,9,0.1111111111111111,14.6
4,0.0,0.0,4,0.25,7.5
6,0.0,0.0,6,0.3333333333333333,9.8
6,0.0,0.0,6,0.0,5.3
6,0.0,0.0,6,0.0,9.8
8,0.0,0.0,8,0.25,39.0
5,0.0,0.0,5,0.6,10.3
6,0.0,0.0,6,0.3333333333333333,10.0
6,0.0,0.0,6,0.3333333333333333,7.7
10,0.0,0.0,10,0.0,10.0
11,0.0,0.0,11,0.0,10.0
5,0.0,0.0,5,0.4,5.1
6,0.0,0.0,6,0.16666666666666666,10.3
6,0.0,0.0,6,0.16666666666666666,7.7
9,0.0,0.0,9,0.2222222222222222,7.7
11,0.0,0.0,11,0.09090909090909091,12.8
5,0.0,0.0,5,1.2,10.0
6,0.0,0.0,6,0.16666666666666666,7.7
11,0.0,0.0,11,0.2727272727272727,7.7
9,0.0,0.0,9,0.1111111111111111,9.8
12,0.0,0.0,12,0.4166666666666667,10.0
5,0.0,0.0,5,1.2,7.5
9,0.0,0.0,9,0.3333333333333333,10.3
9,0.0,0.0,9,0.3333333333333333,7.7
7,0.0,0.0,7,0.14285714285714285,11.9
10,0.0,0.0,10,0.1,60.0
5,0.0,0.0,5,0.6,17.5
6,0.0,0.0,6,0.3333333333333333,19.0
5,0.0,0.0,5,0.4,7.5
5,0.0,0.0,5,0.0,12.5
8,0.0,0.0,8,0.375,17.9
5,0.0,0.0,5,0.6,5.1
6,0.0,0.0,6,0.5,10.3
8,0.0,0.0,8,0.375,5.3
9,0.0,0.0,9,0.2222222222222222,15.0
9,0.0,0.0,9,0.2222222222222222,7.7
4,0.0,0.0,4,0.25,12.2
6,0.0,0.0,6,0.16666666666666666,10.0
7,0.0,0.0,7,0.14285714285714285,10.0
8,0.0,0.0,8,0.125,12.8
11,0.0,0.0,11,0.2727272727272727,9.8
5,0.0,0.0,5,0.6,14.6
7,0.0,0.0,7,0.14285714285714285,9.8
8,0.0,0.0,8,0.5,10.3
9,0.0,0.0,9,0.3333333333333333,24.4
11,0.0,0.0,11,0.2727272727272727,5.1
5,0.0,0.0,5,0.6,12.5
6,0.0,0.0,6,0.0,13.2
7,0.0,0.0,7,0.14285714285714285,10.0
9,0.0,0.0,9,0.1111111111111111,18.4
9,0.0,0.0,9,0.0,12.5
5,0.0,0.0,5,0.8,51.2
7,0.0,0.0,7,0.5714285714285714,36.8
10,0.0,0.0,10,0.1,10.0
5,0.0,0.0,5,0.0,10.3
11,0.0,0.0,11,0.0,7.7
5,0.0,0.0,5,0.0,7.5
4,0.0,0.0,4,0.5,12.2
11,0.0,0.0,11,0.0,14.6
7,0.0,0.0,7,0.14285714285714285,10.0
7,0.0,0.0,7,0.5714285714285714,14.3
4,0.0,0.0,4,0.25,7.7
9,0.0,0.0,9,0.2222222222222222,7.5
6,0.0,0.0,6,0.0,7.7
8,0.0,0.0,8,0.0,10.0
9,0.0,0.0,9,0.1111111111111111,10.0
5,0.0,0.0,5,1.2,10.0
6,0.0,0.0,6,0.0,14.6
7,0.0,0.0,7,0.0,12.2
4,0.0,0.0,4,0.0,10.0
9,0.0,0.0,9,0.0,7.7
5,0.0,0.0,5,0.6,10.0
5,0.0,0.0,5,0.6,9.8
8,0.0,0.0,8,0.375,10.0
5,0.0,0.0,5,0.0,13.2
7,0.0,0.0,7,0.5714285714285714,7.9
4,0.0,0.0,4,0.0,7.5
4,0.0,0.0,4,0.5,14.6
7,0.0,0.0,7,0.14285714285714285,10.0
10,0.0,0.0,10,0.3,5.3
8,0.0,0.0,8,1.25,9.8
5,0.0,0.0,5,0.8,15.0
4,0.0,0.0,4,0.25,15.0
5,0.0,0.0,5,0.4,10.0
10,0.0,0.0,10,0.4,22.0
8,0.0,0.0,8,0.625,7.3
4,0.0,0.0,4,1.0,12.2
6,0.0,0.0,6,0.16666666666666666,7.7
9,0.0,0.0,9,0.1111111111111111,17.1
8,0.0,0.0,8,0.25,15.0
9,0.0,0.0,9,0.0,10.0
4,0.0,0.0,4,0.75,9.8
5,0.0,0.0,5,0.6,7.9
9,0.0,0.0,9,0.1111111111111111,10.0
5,0.0,0.0,5,0.2,9.8
11,0.0,0.0,11,0.09090909090909091,12.5
5,0.0,0.0,5,0.4,19.5
8,0.0,0.0,8,0.375,7.7
8,0.0,0.0,8,0.375,15.4
8,0.0,0.0,8,0.0,10.3
8,0.0,0.0,8,0.625,7.7
5,0.0,0.0,5,0.0,7.7
5,0.0,0.0,5,0.6,14.6
4,0.0,0.0,4,0.25,15.0
6,0.0,0.0,6,0.3333333333333333,12.2
7,0.0,0.0,7,0.5714285714285714,7.9
4,0.0,0.0,4,1.0,14.6
6,0.0,0.0,6,0.0,5.1
7,0.0,0.0,7,0.5714285714285714,15.4
10,0.0,0.0,10,0.1,12.5
9,0.0,0.0,9,0.4444444444444444,85.0
5,0.0,0.0,5,0.6,7.7
6,0.0,0.0,6,0.16666666666666666,12.5
6,0.0,0.0,6,0.16666666666666666,12.5
7,0.0,0.0,7,0.0,7.5
9,0.0,0.0,9,0.2222222222222222,23.1
4,0.0,0.0,4,1.25,7.7
6,0.0,0.0,6,0.16666666666666666,5.1
8,0.0,0.0,8,0.5,10.3
9,0.0,0.0,9,0.2222222222222222,11.9
12,0.0,0.0,12,0.4166666666666667,7.7
4,0.0,0.0,4,0.0,9.8
7,0.0,0.0,7,0.0,15.4
8,0.0,0.0,8,0.25,40.0
6,0.0,0.0,6,0.0,9.8
10,0.0,0.0,10,0.1,17.5
5,0.0,0.0,5,0.6,7.5
7,0.0,0.0,7,0.2857142857142857,14.6
9,0.0,0.0,9,0.2222222222222222,17.5
12,0.0,0.0,12,0.16666666666666666,12.5
13,0.0,0.0,13,0.23076923076923078,12.2
5,0.0,0.0,5,0.4,15.4
6,0.0,0.0,6,0.6666666666666666,47.5
9,0.0,0.0,9,0.1111111111111111,5.4
9,0.0,0.0,9,0.1111111111111111,11.9
9,0.0,0.0,9,0.0,85.0
4,0.0,0.0,4,0.0,17.9
7,0.0,0.0,7,0.42857142857142855,12.5
7,0.0,0.0,7,0.14285714285714285,10.0
6,0.0,0.0,6,0.16666666666666666,14.3
8,0.0,0.0,8,0.0,9.8
5,0.0,0.0,5,0.0,14.3
5,0.0,0.0,5,0.2,14.3
6,0.0,0.0,6,0.3333333333333333,7.9
6,0.0,0.0,6,0.3333333333333333,7.7
9,0.0,0.0,9,0.3333333333333333,10.3
4,0.0,0.0,4,0.25,7.5
5,0.0,0.0,5,0.4,10.0
9,0.0,0.0,9,0.0,12.5
6,0.0,0.0,6,0.16666666666666666,10.0
10,0.0,0.0,10,0.6,12.5
5,0.0,0.0,5,0.8,12.5
6,0.0,0.0,6,0.3333333333333333,12.5
9,0.0,0.0,9,0.2222222222222222,10.0
9,0.0,0.0,9,0.2222222222222222,7.7
11,0.0,0.0,11,0.18181818181818182,7.7
5,0.0,0.0,5,1.6,11.9
4,0.0,0.0,4,0.25,10.5
8,0.0,0.0,8,0.375,14.6
10,0.0,0.0,10,0.1,9.8
10,0.0,0.0,10,0.1,7.7
5,0.0,0.0,5,0.2,12.8
3,0.0,0.0,3,0.3333333333333333,9.8
6,0.0,0.0,6,0.5,7.5
9,0.0,0.0,9,0.0,12.2
8,0.0,0.0,8,0.0,10.0
4,0.0,0.0,4,0.75,7.5
6,0.0,0.0,6,0.3333333333333333,17.5
7,0.0,0.0,7,0.2857142857142857,15.0
10,0.0,0.0,10,0.1,12.8
9,0.0,0.0,9,0.2222222222222222,14.3
5,0.0,0.0,5,0.4,10.3
8,0.0,0.0,8,0.25,13.2
9,0.0,0.0,9,0.3333333333333333,23.3
8,0.0,0.0,8,0.25,10.0
9,0.0,0.0,9,0.0,36.6
4,0.0,0.0,4,0.5,9.8
7,0.0,0.0,7,0.0,12.5
9,0.0,0.0,9,0.3333333333333333,12.5
7,0.0,0.0,7,0.14285714285714285,7.7
11,0.0,0.0,11,0.18181818181818182,7.5
5,0.0,0.0,5,0.2,10.0
8,0.0,0.0,8,0.375,17.9
10,0.0,0.0,10,0.3,10.0
9,0.0,0.0,9,0.1111111111111111,20.5
10,0.0,0.0,10,0.3,7.5
4,0.0,0.0,4,1.0,7.9
8,0.0,0.0,8,0.25,7.7
8,0.0,0.0,8,0.125,10.0
7,0.0,0.0,7,0.14285714285714285,20.0
10,0.0,0.0,10,0.4,5.3
5,0.0,0.0,5,0.0,10.0
7,0.0,0.0,7,0.14285714285714285,17.9
8,0.0,0.0,8,0.375,12.2
8,0.0,0.0,8,0.125,12.8
10,0.0,0.0,10,0.1,10.3
5,0.0,0.0,5,0.4,10.0
6,0.0,0.0,6,0.5,5.1
9,0.0,0.0,9,0.2222222222222222,10.0
10,0.0,0.0,10,0.1,5.3
9,0.0,0.0,9,0.4444444444444444,15.0
5,0.0,0.0,5,0.6,12.5
5,0.0,0.0,5,0.6,15.4
6,0.0,0.0,6,0.16666666666666666,10.0
8,0.0,0.0,8,0.125,9.8
10,0.0,0.0,10,0.5,9.8
5,0.0,0.0,5,1.2,15.4
8,0.0,0.0,8,0.0,7.9
10,0.0,0.0,10,0.3,10.0
10,0.0,0.0,10,0.0,17.9
11,0.0,0.0,11,0.36363636363636365,7.5
5,0.0,0.0,5,0.4,12.5
8,0.0,0.0,8,0.125,7.5
4,0.0,0.0,4,0.25,15.4
9,0.0,0.0,9,0.1111111111111111,7.5
9,0.0,0.0,9,0.2222222222222222,7.7
5,0.0,0.0,5,0.6,10.3
9,0.0,0.0,9,0.3333333333333333,7.9
7,0.0,0.0,7,0.14285714285714285,14.6
9,0.0,0.0,9,0.1111111111111111,15.0
10,0.0,0.0,10,0.1,10.0
5,0.0,0.0,5,0.6,5.1
6,0.0,0.0,6,0.5,10.0
10,0.0,0.0,10,0.2,16.7
9,0.0,0.0,9,0.3333333333333333,7.5
13,0.0,0.0,13,0.15384615384615385,7.7
5,0.0,0.0,5,0.4,15.0
7,0.0,0.0,7,0.14285714285714285,10.0
8,0.0,0.0,8,0.375,14.6
11,0.0,0.0,11,0.0,10.3
10,0.0,0.0,10,0.1,10.3
4,0.0,0.0,4,0.5,5.3
3,0.0,0.0,3,0.3333333333333333,12.2
6,0.0,0.0,6,0.5,15.0
8,0.0,0.0,8,0.125,7.7
8,0.0,0.0,8,0.0,14.6
5,0.0,0.0,5,0.0,15.0
5,0.0,0.0,5,0.0,9.8
8,0.0,0.0,8,0.125,10.3
7,0.0,0.0,7,0.14285714285714285,12.5
8,0.0,0.0,8,0.0,15.4
3,0.0,0.0,3,0.0,9.8
6,0.0,0.0,6,0.16666666666666666,9.8
3,0.0,0.0,3,0.0,5.1
5,0.0,0.0,5,0.0,7.5
7,0.0,0.0,7,0.0,10.3
5,0.0,0.0,5,0.4,10.3
8,0.0,0.0,8,0.375,7.9
9,0.0,0.0,9,0.3333333333333333,29.3
9,0.0,0.0,9,0.1111111111111111,7.7
11,0.0,0.0,11,0.2727272727272727,15.0
5,0.0,0.0,5,0.8,15.0
7,0.0,0.0,7,0.14285714285714285,12.5
7,0.0,0.0,7,0.14285714285714285,7.7
8,0.0,0.0,8,0.125,12.5
10,0.0,0.0,10,0.1,7.5
5,0.0,0.0,5,0.2,10.0
8,0.0,0.0,8,0.5,10.3
8,0.0,0.0,8,0.5,14.6
7,0.0,0.0,7,0.14285714285714285,10.0
6,0.0,0.0,6,0.3333333333333333,20.5
4,0.0,0.0,4,0.25,12.2
6,0.0,0.0,6,0.16666666666666666,12.5
7,0.0,0.0,7,0.0,17.1
8,0.0,0.0,8,0.125,17.5
12,0.0,0.0,12,0.0,12.5
5,0.0,0.0,5,1.2,14.6
6,0.0,0.0,6,0.0,15.0
11,0.0,0.0,11,0.09090909090909091,12.5
9,0.0,0.0,9,0.3333333333333333,5.1
12,0.0,0.0,12,0.0,9.8
5,0.0,0.0,5,0.4,7.7
7,0.0,0.0,7,0.14285714285714285,12.2
9,0.0,0.0,9,0.3333333333333333,12.5
10,0.0,0.0,10,0.0,9.8
10,0.0,0.0,10,0.6,12.2
4,0.0,0.0,4,1.0,5.1
6,0.0,0.0,6,0.0,7.5
8,0.0,0.0,8,0.25,10.3
11,0.0,0.0,11,0.09090909090909091,14.6
12,0.0,0.0,12,0.16666666666666666,14.6
5,0.0,0.0,5,0.2,12.2
5,0.0,0.0,5,0.0,9.8
8,0.0,0.0,8,0.375,12.2
8,0.0,0.0,8,0.125,10.0
9,0.0,0.0,9,0.2222222222222222,22.0
3,0.0,0.0,3,0.6666666666666666,19.5
5,0.0,0.0,5,0.0,7.7
4,0.0,0.0,4,0.25,7.5
6,0.0,0.0,6,0.16666666666666666,17.9
8,0.0,0.0,8,0.0,12.8
4,0.0,0.0,4,1.5,15.4
6,0.0,0.0,6,0.16666666666666666,10.0
9,0.0,0.0,9,0.2222222222222222,15.9
7,0.0,0.0,7,0.2857142857142857,15.0
9,0.0,0.0,9,0.6666666666666666,15.4
4,0.0,0.0,4,1.25,10.0
6,0.0,0.0,6,0.5,9.8
10,0.0,0.0,10,0.3,14.6
8,0.0,0.0,8,0.0,7.7
11,0.0,0.0,11,0.09090909090909091,12.2
5,0.0,0.0,5,0.0,10.0
6,0.0,0.0,6,0.16666666666666666,12.8
8,0.0,0.0,8,0.25,7.5
9,0.0,0.0,9,0.1111111111111111,12.2
8,0.0,0.0,8,0.125,12.5
5,0.0,0.0,5,0.0,9.8
5,0.0,0.0,5,0.4,10.0
8,0.0,0.0,8,0.25,5.1
9,0.0,0.0,9,0.1111111111111111,5.1
10,0.0,0.0,10,0.3,5.3
5,0.0,0.0,5,0.8,12.5
8,0.0,0.0,8,0.125,5.3
5,0.0,0.0,5,0.4,11.9
6,0.0,0.0,6,0.0,7.7
10,0.0,0.0,10,0.4,21.1
4,0.0,0.0,4,0.75,12.8
6,0.0,0.0,6,0.6666666666666666,7.5
6,0.0,0.0,6,0.16666666666666666,7.7
5,0.0,0.0,5,0.4,12.5
8,0.0,0.0,8,0.125,5.1
5,0.0,0.0,5,0.2,9.8
6,0.0,0.0,6,0.16666666666666666,15.0
8,0.0,0.0,8,0.125,17.5
7,0.0,0.0,7,0.2857142857142857,10.0
10,0.0,0.0,10,0.6,10.0
5,0.0,0.0,5,0.6,25.0
7,0.0,0.0,7,0.42857142857142855,7.7
9,0.0,0.0,9,0.2222222222222222,10.3
8,0.0,0.0,8,0.25,11.9
13,0.0,0.0,13,0.07692307692307693,23.1
5,0.0,0.0,5,0.8,10.0
3,0.0,0.0,3,0.0,7.5
7,0.0,0.0,7,0.5714285714285714,12.5
8,0.0,0.0,8,0.25,12.2
8,0.0,0.0,8,0.25,17.9
5,0.0,0.0,5,0.2,12.2
7,0.0,0.0,7,0.14285714285714285,12.2
5,0.0,0.0,5,0.0,10.5
9,0.0,0.0,9,0.0,7.5
11,0.0,0.0,11,0.0,5.3
5,0.0,0.0,5,0.8,5.1
7,0.0,0.0,7,0.42857142857142855,7.7
6,0.0,0.0,6,0.3333333333333333,17.5
8,0.0,0.0,8,0.125,12.2
9,0.0,0.0,9,0.1111111111111111,16.2
4,0.0,0.0,4,0.25,12.5
6,0.0,0.0,6,0.16666666666666666,5.1
4,0.0,0.0,4,0.25,12.5
6,0.0,0.0,6,0.16666666666666666,10.0
8,0.0,0.0,8,0.25,7.7
4,0.0,0.0,4,0.0,12.2
7,0.0,0.0,7,0.2857142857142857,15.0
10,0.0,0.0,10,0.3,5.3
10,0.0,0.0,10,0.1,7.5
12,0.0,0.0,12,0.16666666666666666,14.6
5,0.0,0.0,5,0.6,10.5
7,0.0,0.0,7,0.14285714285714285,10.0
11,0.0,0.0,11,0.2727272727272727,7.5
9,0.0,0.0,9,0.1111111111111111,5.1
12,0.0,0.0,12,0.08333333333333333,14.3
5,0.0,0.0,5,0.2,12.5
6,0.0,0.0,6,0.5,20.5
10,0.0,0.0,10,0.0,12.5
10,0.0,0.0,10,0.0,7.5
10,0.0,0.0,10,0.2,7.7
5,0.0,0.0,5,2.0,10.0
6,0.0,0.0,6,0.3333333333333333,12.5
9,0.0,0.0,9,0.3333333333333333,9.8
8,0.0,0.0,8,0.5,13.2
8,0.0,0.0,8,0.625,14.3
4,0.0,0.0,4,1.0,9.8
5,0.0,0.0,5,0.4,20.5
9,0.0,0.0,9,0.2222222222222222,10.3
7,0.0,0.0,7,0.0,10.0
10,0.0,0.0,10,0.3,24.4
5,0.0,0.0,5,1.0,12.8
8,0.0,0.0,8,0.125,15.0
10,0.0,0.0,10,0.1,17.9
8,0.0,0.0,8,0.0,7.5
11,0.0,0.0,11,0.09090909090909091,5.0
5,0.0,0.0,5,0.0,10.0
5,0.0,0.0,5,0.2,5.3
7,0.0,0.0,7,0.5714285714285714,15.0
7,0.0,0.0,7,0.2857142857142857,12.2
10,0.0,0.0,10,0.4,10.0
5,0.0,0.0,5,0.4,17.9
6,0.0,0.0,6,0.16666666666666666,15.0
7,0.0,0.0,7,0.42857142857142855,7.7
8,0.0,0.0,8,0.125,17.9
11,0.0,0.0,11,0.0,10.0
4,0.0,0.0,4,0.25,7.7
6,0.0,0.0,6,0.6666666666666666,7.5
9,0.0,0.0,9,0.1111111111111111,5.1
9,0.0,0.0,9,0.2222222222222222,5.1
11,0.0,0.0,11,0.09090909090909091,12.5
5,0.0,0.0,5,0.4,30.0
6,0.0,0.0,6,0.3333333333333333,10.0
10,0.0,0.0,10,0.3,7.5
9,0.0,0.0,9,0.1111111111111111,7.9
11,0.0,0.0,11,0.0,7.5
5,0.0,0.0,5,0.4,10.3
6,0.0,0.0,6,0.16666666666666666,12.2
5,0.0,0.0,5,0.2,14.6
10,0.0,0.0,10,0.1,7.9
10,0.0,0.0,10,0.5,15.4
5,0.0,0.0,5,1.2,19.5
9,0.0,0.0,9,0.1111111111111111,5.1
10,0.0,0.0,10,0.3,14.3
8,0.0,0.0,8,0.125,2.6
8,0.0,0.0,8,0.125,5.1
4,0.0,0.0,4,0.75,9.8
5,0.0,0.0,5,0.2,7.5
7,0.0,0.0,7,0.0,27.5
10,0.0,0.0,10,0.1,15.4
12,0.0,0.0,12,0.08333333333333333,10.3
5,0.0,0.0,5,1.2,15.8
8,0.0,0.0,8,0.25,12.2
9,0.0,0.0,9,0.4444444444444444,12.5
11,0.0,0.0,11,0.45454545454545453,7.7
11,0.0,0.0,11,0.36363636363636365,7.5
5,0.0,0.0,5,0.4,14.6
8,0.0,0.0,8,0.625,7.5
6,0.0,0.0,6,0.5,12.8
6,0.0,0.0,6,0.16666666666666666,7.5
10,0.0,0.0,10,0.2,7.7
5,0.0,0.0,5,0.4,5.1
6,0.0,0.0,6,0.16666666666666666,10.0
9,0.0,0.0,9,0.1111111111111111,10.0
5,0.0,0.0,5,0.0,80.5
10,0.0,0.0,10,0.4,5.1
5,0.0,0.0,5,1.2,68.4
8,0.0,0.0,8,0.25,12.8
8,0.0,0.0,8,0.125,7.7
8,0.0,0.0,8,0.0,12.2
9,0.0,0.0,9,0.4444444444444444,21.1
5,0.0,0.0,5,0.2,20.0
5,0.0,0.0,5,0.4,33.3
7,0.0,0.0,7,0.42857142857142855,5.1
6,0.0,0.0,6,0.3333333333333333,10.0
6,0.0,0.0,6,0.16666666666666666,10.3
6,0.0,0.0,6,0.16666666666666666,19.0
9,0.0,0.0,9,0.2222222222222222,22.5,50.0,390.0,0,0,Normal,"[0, 0, 0]"
4,0.0,0.0,4,0.5,70.0,18.0,390.0,0,0,Normal,"[0, 0, 0]"
7,0.0,0.0,7,0.14285714285714285,46.3,30.0,390.0,0,0,Normal,"[0, 0, 0]"
6,0.0,0.0,6,0.16666666666666666,33.3,38.0,390.0,0,0,Normal,"[0, 0, 0]"
5,0.0,0.0,5,0.0,9.8,22.0,390.0,0,0,Normal,"[0, 0, 0]"
8,0.0,0.0,8,0.0,9.8,34.0,390.0,0,0,Normal,"[0, 0, 0]"
4,0.0,0.0,4,0.25,13.2,16.0,390.0,0,0,Normal,"[0, 0, 0]"
7,0.0,0.0,7,0.2857142857142857,7.3,30.0,390.0,0,0,Normal,"[0, 0, 0]"
6,0.0,0.0,6,0.16666666666666666,12.8,16.0,390.0,0,0,Normal,"[0, 0, 0]"
7,0.0,0.0,7,0.2857142857142857,14.6,8.0,390.0,0,0,Normal,"[0, 0, 0]"
10,0.0,0.0,10,0.3,17.5,34.0,390.0,0,0,Normal,"[0, 0, 0]"
5,0.0,0.0,5,0.6,59.0,32.0,390.0,0,0,Normal,"[0, 0, 0]"
5,0.0,0.0,5,0.4,7.7,18.0,390.0,0,0,Normal,"[0, 0, 0]"
10,0.0,0.0,10,0.4,97.6,32.0,390.0,0,0,Normal,"[0, 0, 0]"
7,0.0,0.0,7,0.42857142857142855,10.0,24.0,390.0,0,0,Normal,"[0, 0, 0]"
10,0.0,0.0,10,0.2,7.5,50.0,390.0,0,0,Normal,"[0, 0, 0]"
5,0.0,0.0,5,0.8,12.2,36.0,390.0,0,0,Normal,"[0, 0, 0]"
5,0.0,0.0,5,0.2,2.6,24.0,390.0,0,0,Normal,"[0, 0, 0]"
5,0.0,0.0,5,0.4,20.0,26.0,390.0,0,0,Normal,"[0, 0, 0]"
12,0.0,0.0,12,0.08333333333333333,17.5,50.0,390.0,0,0,Normal,"[0, 0, 0]"
10,0.0,0.0,10,0.1,29.7,70.0,390.0,0,0,Normal,"[0, 0, 0]"
5,0.0,0.0,5,1.6,15.8,34.0,390.0,0,0,Normal,"[0, 0, 0]"
9,0.0,0.0,9,0.4444444444444444,17.9,30.0,390.0,0,0,Normal,"[0, 0, 0]"
9,0.0,0.0,9,0.2222222222222222,17.5,20.0,390.0,0,0,Normal,"[0, 0, 0]"
9,0.0,0.0,9,0.1111111111111111,17.5,52.0,390.0,0,0,Normal,"[0, 0, 0]"
10,0.0,0.0,10,0.4,12.5,78.0,390.0,0,0,Normal,"[0, 0, 0]"
5,0.0,0.0,5,1.0,90.2,46.0,390.0,0,0,Normal,"[0, 0, 0]"
7,0.0,0.0,7,0.2857142857142857,100.0,48.0,390.0,0,0,Normal,"[0, 0, 0]"
8,0.0,0.0,8,0.125,26.8,44.0,390.0,0,0,Normal,"[0, 0, 0]"
6,0.0,0.0,6,0.16666666666666666,9.8,28.0,390.0,0,0,Normal,"[0, 0, 0]"
9,0.0,0.0,9,0.1111111111111111,7.5,60.0,390.0,0,0,Normal,"[0, 0, 0]"
5,0.0,0.0,5,0.4,12.2,28.0,390.0,0,0,Normal,"[0, 0, 0]"
6,0.0,0.0,6,0.5,29.7,20.0,390.0,0,0,Normal,"[0, 0, 0]"
7,0.0,0.0,7,0.42857142857142855,100.0,18.0,390.0,0,0,Normal,"[0, 0, 0]"
8,0.0,0.0,8,0.125,10.0,8.0,390.0,0,0,Normal,"[0, 0, 0]"
9,0.0,0.0,9,0.5555555555555556,11.9,18.0,390.0,0,0,Normal,"[0, 0, 0]"
5,0.0,0.0,5,1.2,12.5,26.0,390.0,0,0,Normal,"[0, 0, 0]"
8,0.0,0.0,8,0.25,10.3,22.0,390.0,0,0,Normal,"[0, 0, 0]"
8,0.0,0.0,8,0.0,10.0,30.0,390.0,0,0,Normal,"[0, 0, 0]"
9,0.0,0.0,9,0.2222222222222222,14.3,24.0,390.0,0,0,Normal,"[0, 0, 0]"
13,0.0,0.0,13,0.23076923076923078,10.0,62.0,390.0,0,0,Normal,"[0, 0, 0]"
4,0.0,0.0,4,0.75,5.1,40.0,390.0,0,0,Normal,"[0, 0, 0]"
7,0.0,0.0,7,0.14285714285714285,17.5,26.0,390.0,0,0,Normal,"[0, 0, 0]"
8,0.0,0.0,8,0.25,14.6,36.0,390.0,0,0,Normal,"[0, 0, 0]"
11,0.0,0.0,11,0.09090909090909091,7.5,34.0,390.0,0,0,Normal,"[0, 0, 0]"
11,0.0,0.0,11,0.09090909090909091,5.1,64.0,390.0,0,0,Normal,"[0, 0, 0]"
4,0.0,0.0,4,0.75,10.3,26.0,390.0,0,0,Normal,"[0, 0, 0]"
6,0.0,0.0,6,0.3333333333333333,7.5,32.0,390.0,0,0,Normal,"[0, 0, 0]"
5,0.0,0.0,5,0.4,9.8,32.0,390.0,0,0,Normal,"[0, 0, 0]"
7,0.0,0.0,7,0.14285714285714285,25.6,36.0,390.0,0,0,Normal,"[0, 0, 0]"
10,0.0,0.0,10,0.2,25.0,46.0,390.0,0,0,Normal,"[0, 0, 0]"
5,0.0,0.0,5,0.2,58.5,16.0,390.0,0,0,Normal,"[0, 0, 0]"
6,0.0,0.0,6,0.3333333333333333,23.1,38.0,390.0,0,0,Normal,"[0, 0, 0]"
8,0.0,0.0,8,0.25,15.0,34.0,390.0,0,0,Normal,"[0, 0, 0]"
9,0.0,0.0,9,0.1111111111111111,44.2,32.0,390.0,0,0,Normal,"[0, 0, 0]"
10,0.0,0.0,10,0.5,65.0,58.0,390.0,0,0,Normal,"[0, 0, 0]"
4,0.0,0.0,4,0.25,20.0,24.0,390.0,0,0,Normal,"[0, 0, 0]"
5,0.0,0.0,5,0.4,5.1,32.0,390.0,0,0,Normal,"[0, 0, 0]"
9,0.0,0.0,9,0.3333333333333333,7.7,48.0,390.0,0,0,Normal,"[0, 0, 0]"
7,0.0,0.0,7,0.14285714285714285,5.1,44.0,390.0,0,0,Normal,"[0, 0, 0]"
10,0.0,0.0,10,0.1,30.2,72.0,390.0,0,0,Normal,"[0, 0, 0]"
5,0.0,0.0,5,0.4,19.5,40.0,390.0,0,0,Normal,"[0, 0, 0]"
5,0.0,0.0,5,0.2,37.8,40.0,390.0,0,0,Normal,"[0, 0, 0]"
10,0.0,0.0,10,0.4,12.2,30.0,390.0,0,0,Normal,"[0, 0, 0]"
2,0.0,0.0,2,0.0,23.1,24.0,390.0,0,0,Normal,"[0, 0, 0]"
8,0.0,0.0,8,0.625,7.5,44.0,390.0,0,0,Normal,"[0, 0, 0]"
5,0.0,0.0,5,0.6,37.5,12.0,390.0,0,0,Normal,"[0, 0, 0]"
7,0.0,0.0,7,0.2857142857142857,10.3,8.0,390.0,0,0,Normal,"[0, 0, 0]"
6,0.0,0.0,6,0.0,61.0,16.0,390.0,0,0,Normal,"[0, 0, 0]"
10,0.0,0.0,10,0.4,30.8,12.0,390.0,0,0,Normal,"[0, 0, 0]"
10,0.0,0.0,10,0.4,10.0,36.0,390.0,0,0,Normal,"[0, 0, 0]"
5,0.0,0.0,5,1.0,97.5,38.0,390.0,0,0,Normal,"[0, 0, 0]"
8,0.0,0.0,8,0.375,100.0,20.0,390.0,0,0,Normal,"[0, 0, 0]"
7,0.0,0.0,7,0.0,32.5,22.0,390.0,0,0,Normal,"[0, 0, 0]"
9,0.0,0.0,9,0.0,25.6,38.0,390.0,0,0,Normal,"[0, 0, 0]"
9,0.0,0.0,9,0.1111111111111111,17.1,62.0,390.0,0,0,Normal,"[0, 0, 0]"
5,0.0,0.0,5,0.2,43.2,50.0,390.0,0,0,Normal,"[0, 0, 0]"
8,0.0,0.0,8,0.25,97.6,30.0,390.0,0,0,Normal,"[0, 0, 0]"
7,0.0,0.0,7,0.42857142857142855,15.0,36.0,390.0,0,0,Normal,"[0, 0, 0]"
7,0.0,0.0,7,0.42857142857142855,28.9,34.0,390.0,0,0,Normal,"[0, 0, 0]"
10,0.0,0.0,10,0.0,82.9,50.0,390.0,0,0,Normal,"[0, 0, 0]"
5,0.0,0.0,5,0.4,100.0,28.0,390.0,0,0,Normal,"[0, 0, 0]"
6,0.0,0.0,6,0.0,87.2,34.0,390.0,0,0,Normal,"[0, 0, 0]"
10,0.0,0.0,10,0.0,10.5,64.0,390.0,0,0,Normal,"[0, 0, 0]"
5,0.0,0.0,5,0.2,100.0,24.0,390.0,0,0,Normal,"[0, 0, 0]"
5,0.0,0.0,5,0.2,7.7,38.0,390.0,0,0,Normal,"[0, 0, 0]"
8,0.0,0.0,8,0.125,22.0,36.0,390.0,0,0,Normal,"[0, 0, 0]"
5,0.0,0.0,5,0.2,5.1,36.0,390.0,0,0,Normal,"[0, 0, 0]"
9,0.0,0.0,9,0.4444444444444444,5.0,68.0,390.0,0,0,Normal,"[0, 0, 0]"
5,0.0,0.0,5,0.0,12.2,28.0,390.0,0,0,Normal,"[0, 0, 0]"
7,0.0,0.0,7,0.14285714285714285,5.1,44.0,390.0,0,0,Normal,"[0, 0, 0]"
7,0.0,0.0,7,0.2857142857142857,17.5,44.0,390.0,0,0,Normal,"[0, 0, 0]"
8,0.0,0.0,8,0.0,26.3,23.0,390.0,-1,0,Normal,"[0, 0, 0]"
8,0.0,0.0,8,0.25,12.2,52.0,390.0,0,0,Normal,"[0, 0, 0]"
5,0.0,0.0,5,0.6,21.4,48.0,390.0,0,0,Normal,"[0, 0, 0]"
5,0.0,0.0,5,0.6,7.5,24.0,390.0,0,0,Normal,"[0, 0, 0]"
5,0.0,0.0,5,0.2,38.6,22.0,390.0,0,0,Normal,"[0, 0, 0]"
5,0.0,0.0,5,0.4,10.0,20.0,390.0,0,0,Normal,"[0, 0, 0]"
5,0.0,0.0,5,0.2,23.3,30.0,390.0,0,0,Normal,"[0, 0, 0]"
3,0.0,0.0,3,0.3333333333333333,28.2,30.0,390.0,0,0,Normal,"[0, 0, 0]"
5,0.0,0.0,5,0.6,34.1,16.0,390.0,0,0,Normal,"[0, 0, 0]"
7,0.0,0.0,7,0.2857142857142857,22.5,4.0,390.0,0,0,Normal,"[0, 0, 0]"
6,0.0,0.0,6,0.16666666666666666,65.0,18.0,390.0,0,0,Normal,"[0, 0, 0]"
9,0.0,0.0,9,0.3333333333333333,7.3,24.0,390.0,0,0,Normal,"[0, 0, 0]"
5,0.0,0.0,5,0.4,70.0,20.0,390.0,0,0,Normal,"[0, 0, 0]"
4,0.0,0.0,4,0.0,10.3,12.0,390.0,0,0,Normal,"[0, 0, 0]"
8,0.0,0.0,8,0.25,20.0,22.0,390.0,0,0,Normal,"[0, 0, 0]"
9,0.0,0.0,9,0.1111111111111111,69.2,24.0,390.0,0,0,Normal,"[0, 0, 0]"
9,0.0,0.0,9,0.5555555555555556,15.0,42.0,390.0,0,0,Normal,"[0, 0, 0]"
4,0.0,0.0,4,0.75,22.0,24.0,390.0,0,0,Normal,"[0, 0, 0]"
5,0.0,0.0,5,0.4,95.0,18.0,390.0,0,0,Normal,"[0, 0, 0]"
7,0.0,0.0,7,0.0,15.8,44.0,390.0,0,0,Normal,"[0, 0, 0]"
10,0.0,0.0,10,0.3,12.5,64.0,0.0,0,0,Normal,"[0, 0, 0]"
5,0.0,0.0,5,0.8,12.5,48.0,0.0,0,0,Normal,"[0, 0, 0]"
8,0.0,0.0,8,0.0,2.6,34.0,0.0,0,0,Normal,"[0, 0, 0]"
11,0.0,0.0,11,0.36363636363636365,7.3,30.0,0.0,0,0,Normal,"[0, 0, 0]"
9,0.0,0.0,9,0.0,25.6,40.0,0.0,0,0,Normal,"[0, 0, 0]"
12,0.0,0.0,12,0.08333333333333333,5.1,92.0,0.0,0,0,Normal,"[0, 0, 0]"
5,0.0,0.0,5,0.4,7.3,52.0,0.0,0,0,Normal,"[0, 0, 0]"
8,0.0,0.0,8,0.25,10.0,54.0,0.0,0,0,Normal,"[0, 0, 0]"
11,0.0,0.0,11,0.18181818181818182,26.8,62.0,0.0,0,0,Normal,"[0, 0, 0]"
7,0.0,0.0,7,0.0,53.7,44.0,0.0,0,0,Normal,"[0, 0, 0]"
11,0.0,0.0,11,0.09090909090909091,22.0,76.0,0.0,0,0,Normal,"[0, 0, 0]"
5,0.0,0.0,5,0.0,17.9,36.0,0.0,0,0,Normal,"[0, 0, 0]"
7,0.0,0.0,7,0.2857142857142857,60.0,52.0,0.0,0,0,Normal,"[0, 0, 0]"
8,0.0,0.0,8,0.25,10.0,40.0,0.0,0,0,Normal,"[0, 0, 0]"
6,0.0,0.0,6,0.0,5.0,20.0,0.0,0,0,Normal,"[0, 0, 0]"
11,0.0,0.0,11,0.36363636363636365,7.7,48.0,0.0,0,0,Normal,"[0, 0, 0]"
5,0.0,0.0,5,0.4,7.7,26.0,0.0,0,0,Normal,"[0, 0, 0]"
8,0.0,0.0,8,0.125,5.0,20.0,0.0,0,0,Normal,"[0, 0, 0]"
11,0.0,0.0,11,0.18181818181818182,5.3,12.0,0.0,0,0,Normal,"[0, 0, 0]"
8,0.0,0.0,8,0.0,12.8,20.0,0.0,0,0,Normal,"[0, 0, 0]"
11,0.0,0.0,11,0.09090909090909091,7.7,48.0,0.0,0,0,Normal,"[0, 0, 0]"
4,0.0,0.0,4,0.0,7.7,28.0,0.0,0,0,Normal,"[0, 0, 0]"
3,0.0,0.0,3,0.3333333333333333,5.1,22.0,0.0,0,0,Normal,"[0, 0, 0]"
5,0.0,0.0,5,0.4,12.2,32.0,0.0,0,0,Normal,"[0, 0, 0]"
10,0.0,0.0,10,0.1,10.3,24.0,0.0,0,0,Normal,"[0, 0, 0]"
10,0.0,0.0,10,0.3,9.8,26.0,0.0,0,0,Normal,"[0, 0, 0]"
5,0.0,0.0,5,1.0,9.8,22.0,0.0,0,0,Normal,"[0, 0, 0]"
9,0.0,0.0,9,0.1111111111111111,7.7,18.0,0.0,0,0,Normal,"[0, 0, 0]"
4,0.0,0.0,4,0.5,5.1,8.0,0.0,0,0,Normal,"[0, 0, 0]"
9,0.0,0.0,9,0.0,97.6,34.0,0.0,0,0,Normal,"[0, 0, 0]"
9,0.0,0.0,9,0.2222222222222222,38.5,46.0,0.0,0,0,Normal,"[0, 0, 0]"
5,0.0,0.0,5,0.2,100.0,26.0,0.0,0,0,Normal,"[0, 0, 0]"
6,0.0,0.0,6,0.5,75.0,22.0,0.0,0,0,Normal,"[0, 0, 0]"
8,0.0,0.0,8,0.125,16.7,16.0,0.0,0,0,Normal,"[0, 0, 0]"
8,0.0,0.0,8,0.125,35.0,30.0,0.0,0,0,Normal,"[0, 0, 0]"
10,0.0,0.0,10,0.1,40.0,42.0,0.0,0,0,Normal,"[0, 0, 0]"
4,0.0,0.0,4,1.0,7.5,34.0,0.0,0,0,Normal,"[0, 0, 0]"
6,0.0,0.0,6,0.16666666666666666,54.8,28.0,0.0,0,0,Normal,"[0, 0, 0]"
9,0.0,0.0,9,0.1111111111111111,12.8,52.0,0.0,0,0,DDOS Slow Rate,"[1, 1, 0]"
10,0.0,0.0,10,0.0,12.5,68.0,0.0,0,0,DDOS Slow Rate,"[1, 1, 0]"
5,0.0,0.0,5,0.2,34.2,32.0,0.0,0,0,DDOS Slow Rate,"[1, 1, 0]"
6,0.0,0.0,6,0.3333333333333333,48.7,44.0,0.0,0,0,DDOS Slow Rate,"[1, 1, 0]"
8,0.0,0.0,8,0.125,7.5,28.0,0.0,0,0,DDOS Slow Rate,"[1, 1, 0]"
9,0.0,0.0,9,0.1111111111111111,12.2,40.0,0.0,0,0,DDOS Slow Rate,"[1, 1, 0]"
11,0.0,0.0,11,0.18181818181818182,15.8,42.0,0.0,0,0,DDOS Slow Rate,"[1, 1, 0]"
4,0.0,0.0,4,0.0,13.2,22.0,0.0,0,0,DDOS Slow Rate,"[1, 1, 0]"
7,0.0,0.0,7,0.5714285714285714,5.1,20.0,0.0,0,0,DDOS Slow Rate,"[1, 1, 0]"
6,0.0,0.0,6,0.16666666666666666,12.5,32.0,0.0,0,0,DDOS Slow Rate,"[1, 1, 0]"
5,0.0,0.0,5,0.2,7.5,18.0,0.0,0,0,DDOS Slow Rate,"[1, 1, 0]"
7,0.0,0.0,7,0.0,7.7,34.0,0.0,0,0,DDOS Slow RateMITM ,"[1, 1, 1]"
4,0.0,0.0,4,0.0,12.8,22.0,0.0,0,0,DDOS Slow RateMITM ,"[1, 1, 1]"
5,0.0,0.0,5,0.4,10.0,6.0,0.0,0,0,DDOS Slow RateMITM ,"[1, 1, 1]"
7,0.0,0.0,7,0.2857142857142857,77.5,20.0,0.0,0,0,DDOS Slow RateMITM ,"[1, 1, 1]"
6,0.0,0.0,6,0.3333333333333333,7.7,12.0,0.0,0,0,DDOS Slow Rate MITM ,"[1, 1, 1]"
8,0.0,0.0,8,0.375,10.3,24.0,0.0,0,0,DDOS Slow Rate MITM ,"[1, 1, 1]"
5,0.0,0.0,5,0.4,7.5,12.0,0.0,0,0,DDOS Slow Rate MITM ,"[1, 1, 1]"
5,0.0,0.0,5,0.0,10.0,22.0,0.0,0,0,DDOS Slow Rate MITM ,"[1, 1, 1]"
9,0.0,0.0,9,0.4444444444444444,10.5,20.0,0.0,0,0,DDOS Slow Rate MITM ,"[1, 1, 1]"
6,0.0,0.0,6,0.3333333333333333,10.0,12.0,0.0,0,0,DDOS Slow Rate MITM ,"[1, 1, 1]"
11,0.0,0.0,11,0.0,15.0,28.0,0.0,0,0,DDOS Slow Rate MITM ,"[1, 1, 1]"
5,0.0,0.0,5,0.8,14.6,12.0,0.0,0,0,DDOS Slow Rate MITM ,"[1, 1, 1]"
8,0.0,0.0,8,0.125,26.8,24.0,0.0,0,0,DDOS Slow Rate MITM ,"[1, 1, 1]"
10,0.0,0.0,10,0.1,23.8,42.0,0.0,0,0,DDOS Slow Rate MITM ,"[1, 1, 1]"
8,0.0,0.0,8,0.125,90.0,26.0,0.0,0,0,DDOS Slow Rate MITM ,"[1, 1, 1]"
9,0.0,0.0,9,0.4444444444444444,55.0,74.0,0.0,0,0,Normal,"[0, 0, 0]"
5,0.0,0.0,5,1.0,17.5,48.0,0.0,0,0,Normal,"[0, 0, 0]"
6,0.0,0.0,6,0.16666666666666666,7.3,42.0,0.0,0,0,Normal,"[0, 0, 0]"
8,0.0,0.0,8,0.25,31.6,32.0,0.0,0,0,Normal,"[0, 0, 0]"
11,0.0,0.0,11,0.18181818181818182,7.7,40.0,0.0,0,0,Normal,"[0, 0, 0]"
11,0.0,0.0,11,0.5454545454545454,9.8,76.0,0.0,0,0,Normal,"[0, 0, 0]"
5,0.0,0.0,5,0.4,12.2,44.0,0.0,0,0,Normal,"[0, 0, 0]"
8,0.0,0.0,8,0.375,12.5,42.0,0.0,0,0,Normal,"[0, 0, 0]"
9,0.0,0.0,9,0.2222222222222222,7.5,36.0,0.0,0,0,Normal,"[0, 0, 0]"
9,0.0,0.0,9,0.4444444444444444,15.0,48.0,0.0,0,0,Normal,"[0, 0, 0]"
10,0.0,0.0,10,0.5,14.6,74.0,0.0,0,0,Normal,"[0, 0, 0]"
5,0.0,0.0,5,1.0,5.1,60.0,0.0,0,0,Normal,"[0, 0, 0]"
6,0.0,0.0,6,0.16666666666666666,95.0,44.0,0.0,0,0,Normal,"[0, 0, 0]"
6,0.0,0.0,6,0.3333333333333333,7.7,20.0,0.0,0,0,Normal,"[0, 0, 0]"
8,0.0,0.0,8,0.0,10.0,40.0,0.0,0,0,Normal,"[0, 0, 0]"
10,0.0,0.0,10,0.2,14.6,60.0,0.0,0,0,Normal,"[0, 0, 0]"
5,0.0,0.0,5,1.2,5.1,4.0,0.0,0,0,Normal,"[0, 0, 0]"
6,0.0,0.0,6,0.16666666666666666,10.0,12.0,0.0,0,0,Normal,"[0, 0, 0]"
7,0.0,0.0,7,0.0,17.5,14.0,0.0,0,0,Normal,"[0, 0, 0]"
7,0.0,0.0,7,0.0,7.7,16.0,0.0,0,0,Normal,"[0, 0, 0]"
10,0.0,0.0,10,0.1,95.0,20.0,0.0,0,0,Normal,"[0, 0, 0]"
5,0.0,0.0,5,0.2,23.7,10.0,0.0,0,0,Normal,"[0, 0, 0]"
