54,
54,
54,
54,
54,
54,
54,
54,
54,
54,
54,
108,
54,
54,
54,
54,
54,
54,
54,
54,
54,
54,
54,
54,
324,
54,
54,
54,
54,
54,
54,
54,
54,
54,
54,
54,
54,
54,
54,
54,
54,
54,
54,
54,
54,
54,
54,
54,
54,
54,
54,
54,
54,
54,
54,
54,
54,
54,
54,
54,
54,
54,
54,
54,
54,
54,
54,
54,
54,
54,
54,
54,
54,
54,
54,
54,
54,
54,
54,
54,
54,
54,
54,
54,
54,
54,
54,
54,
54,
54,
54,
54,
54,
54,
54,
54,
54,
54,
54,
54,
54,
54,
54,
54,
54,
54,
54,
54,
54,
54,
54,
54,
54,
54,
54,
54,
54,
54,
54,
54,
54,
54,
54,
54,
54,
54,
54,
54,
864,
54,
54,
162,
54,
54,
54,
54,
108,
54,
54,
54,
108,
108,
54,
54,
54,
54,
54,
54,
54,
54,
54,
162,
54,
54,
54,
54,
54,
54,
54,
54,
54,
54,
54,
54,
702,
54,
54,
54,
54,
54,
54,
54,
54,
54,
54,
54,
54,
108,
54,
54,
54,
54,
54,
54,
54,
270,
54,
54,
54,
54,
54,
54,
162,
54,
54,
54,
540,
54,
54,
54,
54,
54,
54,
54,
54,
54,
54,
54,
54,
54,
54,
54,
54,
54,
54,
54,
54,
54,
54,
54,
54,
54,
108,
54,
54,
54,
54,
54,
54,
54,
54,
54,
54,
54,
54,
54,
54,
54,
54,
54,
54,
54,
54,
54,
54,
54,
54,
54,
54,
54,
54,
54,
54,
54,
54,
54,
54,
54,
54,
54,
54,
54,
54,
54,
54,
54,
54,
54,
54,
54,
54,
54,
54,
54,
54,
54,
54,
54,
54,
54,
54,
54,
54,
54,
54,
54,
54,
54,
54,
54,
54,
54,
54,
54,
54,
54,
54,
54,
54,
54,
54,
54,
54,
54,
54,
54,
54,
54,
54,
54,
54,
54,
54,
54,
54,
54,
54,
54,
54,
54,
54,
54,
54,
54,
54,
54,
54,
54,
54,
54,
54,
54,
54,
54,
54,
54,
54,
54,
54,
54,
54,
54,
54,
54,
54,
54,
54,
54,
54,
54,
54,
54,
54,
54,
54,
54,
54,
54,
54,
54,
54,
54,
54,
54,
54,
54,
54,
54,
54,
54,
54,
54,
54,
54,
54,
108,
54,
54,
54,
54,
162,
54,
54,
54,
54,
54,
54,
162,
54,
54,
54,
108,
54,
54,
54,
108,
54,
54,
54,
108,
54,
54,
54,
54,
108,
54,
54,
54,
54,
54,
54,
54,
54,
54,
54,
54,
54,
54,
54,
54,
54,
54,
54,
54,
54,
54,
54,
54,
54,
108,
54,
54,
54,
54,
54,
54,
54,
54,
54,
54,
54,
54,
54,
54,
54,
54,
54,
54,
54,
54,
54,
54,
54,
54,
54,
54,
54,
54,
54,
54,
54,
54,
54,
54,
54,
54,
54,
54,
54,
54,
54,
54,
54,
54,
54,
54,
54,
54,
54,
54,
54,
54,
54,
54,
54,
54,
54,
54,
54,
54,
54,
54,
54,
54,
54,
54,
54,
54,
54,
54,
54,
54,
54,
54,
54,
54,
54,
54,
54,
54,
54,
54,
54,
54,
54,
54,
54,
54,
54,
54,
54,
54,
54,
54,
54,
54,
54,
54,
54,
54,
54,
54,
54,
54,
54,
54,
54,
54,
54,
54,
54,
54,
54,
54,
54,
54,
54,
54,
54,
54,
54,
54,
54,
54,
54,
54,
54,
54,
54,
54,
54,
54,
54,
54,
594,
216,
54,
54,
54,
54,
54,
54,
108,
54,
54,
216,
54,
54,
54,
54,
54,
540,
54,
54,
54,
54,
54,
54,
54,
54,
54,
54,
54,
54,
54,
54,
54,
54,
54,
54,
54,
54,
54,
54,
54,
54,
54,
54,
54,
54,
54,
54,
54,
54,
54,
54,
54,
54,
54,
54,
54,
324,
54,
54,
54,
54,
54,
54,
54,
54,
54,
54,
54,
54,
54,
54,
54,
54,
54,
54,
54,
54,
54,
54,
54,
54,
54,
54,
54,
54,
54,
54,
54,
54,
54,
54,
54,
54,
54,
54,
54,
54,
54,
54,
54,
54,
54,
54,
54,
54,
54,
54,
54,
54,
54,
54,
54,
54,
54,
54,
54,
54,
54,
54,
54,
54,
54,
54,
54,
54,
54,
54,
54,
54,
54,
54,
54,
54,
54,
54,
54,
54,
54,
54,
54,
54,
54,
54,
54,
54,
54,
54,
54,
54,
54,
54,
54,
54,
54,
54,
54,
54,
54,
54,
54,
54,
54,
162,
54,
108,
54,
54,
54,
54,
54,
54,
54,
54,
54,
54,
54,
54,
324,
54,
54,
54,
378,
54,
54,
54,
54,
54,
54,
54,
54,
54,
54,
54,
54,
54,
54,
54,
54,
54,
54,
54,
54,
54,
54,
54,
54,
54,
54,
54,
54,
54,
270,
54,
54,
54,
54,
54,
54,
54,
54,
54,
54,
54,
54,
54,
54,
54,
54,
54,
54,
54,
54,
54,
54,
54,
54,
54,
54,
54,
54,
54,
54,
54,
54,
54,
54,
54,
54,
54,
54,
54,
54,
54,
54,
54,
54,
54,
54,
54,
54,
54,
54,
54,
54,
54,
54,
54,
54,
54,
54,
54,
54,
54,
54,
46,
54,
54,
54,
54,
54,
54,
54,
54,
54,
54,
54,
54,
54,
54,
54,
54,
54,
54,
486,
54,
54,
54,
54,
54,
54,
54,
54,
54,
54,
54,
54,
54,
54,
54,
54,
54,
54,
54,
54,
54,
54,
54,
54,
54,
54,
54,
54,
54,
54,
54,
54,
54,
54,
54,
54,
54,
54,
54,
54,
54,
54,
54,
54,
54,
54,
54,
54,
54,
54,
54,
54,
54,
54,
54,
54,
54,
54,
54,
54,
54,
54,
54,
54,
54,
54,
54,
54,
54,
54,
54,
54,
54,
54,
54,
54,
54,
54,
54,
54,
54,
54,
54,
54,
54,
54,
54,
108,
54,
54,
54,
108,
54,
54,
54,
54,
54,
54,
54,
54,
54,
54,
54,
54,
54,
54,
54,
54,
54,
54,
54,
54,
54,
54,
54,
54,
54,
54,
54,
54,
54,
54,
54,
54,
54,
54,
54,
54,
54,
54,
54,
54,
54,
54,
54,
54,
54,
54,
54,
54,
54,
54,
54,
54,
54,
54,
54,
54,
54,
54,
54,
54,
54,
54,
54,
54,
54,
54,
54,
54,
54,
54,
54,
54,
54,
54,
54,
54,
54,
54,
54,
54,
54,
54,
54,
54,
54,
54,
54,
54,
54,
54,
54,
54,
54,
54,
54,
54,
54,
54,
54,
54,
54,
54,
54,
54,
54,
54,
54,
54,
54,
54,
54,
54,
54,
54,
54,
54,
54,
54,
54,
54,
54,
54,
54,
54,
54,
54,
54,
54,
54,
54,
54,
54,
54,
54,
54,
54,
54,
54,
54,
54,
54,
54,
54,
54,
54,
54,
54,
54,
54,
54,
54,
54,
54,
54,
54,
54,
54,
54,
54,
54,
54,
54,
54,
54,
54,
54,
54,
54,
54,
54,
54,
54,
54,
54,
108,
54,
54,
54,
54,
54,
54,
54,
54,
54,
54,
54,
54,
108,
54,
54,
54,
54,
54,
54,
54,
54,
54,
54,
54,
54,
54,
54,
54,
54,
54,
54,
54,
54,
54,
54,
54,
54,
54,
54,
54,
54,
54,
54,
54,
54,
54,
54,
54,
54,
54,
54,
54,
54,
54,
54,
54,
54,
54,
54,
54,
54,
54,
54,
54,
54,
54,
54,
54,
54,
54,
54,
54,
54,
54,
54,
54,
54,
54,
54,
54,
54,
54,
54,
54,
54,
54,
54,
54,
54,
54,
54,
54,
54,
54,
54,
54,
54,
54,
54,
54,
54,
54,
54,
54,
54,
54,
54,
54,
54,
54,
54,
54,
54,
54,
54,
54,
54,
54,
54,
54,
54,
54,
54,
54,
54,
54,
54,
54,
54,
54,
54,
54,
54,
54,
54,
54,
54,
54,
54,
54,
54,
54,
54,
54,
54,
54,
54,
54,
54,
54,
54,
54,
54,
54,
54,
54,
54,
54,
54,
54,
54,
54,
54,
54,
54,
54,
54,
54,
54,
54,
54,
54,
54,
54,
54,
54,
54,
54,
54,
54,
54,
54,
54,
54,
54,
54,
54,
54,
54,
54,
54,
54,
54,
54,
54,
54,
54,
54,
54,
54,
54,
54,
54,
54,
54,
54,
54,
54,
54,
54,
54,
54,
54,
54,
54,
54,
54,
54,
54,
54,
54,
54,
54,
54,
54,
54,
54,
54,
54,
54,
54,
54,
54,
54,
54,
54,
54,
54,
54,
54,
54,
54,
54,
54,
54,
54,
54,
54,
54,
54,
54,
54,
54,
54,
54,
54,
54,
54,
54,
54,
54,
54,
54,
54,
54,
54,
54,
54,
54,
54,
54,
54,
54,
54,
54,
54,
54,
54,
54,
54,
54,
54,
54,
54,
54,
54,
54,
54,
54,
46,
54,
54,
54,
54,
54,
54,
54,
54,
54,
54,
54,
54,
54,
54,
54,
54,
54,
54,
54,
54,
54,
54,
54,
54,
54,
54,
54,
54,
54,
54,
54,
54,
54,
54,
54,
54,
54,
54,
54,
54,
54,
54,
54,
54,
54,
54,
54,
54,
54,
54,
54,
54,
54,
54,
54,
54,
54,
54,
54,
54,
54,
54,
54,
54,
54,
54,
54,
54,
54,
54,
54,
54,
54,
54,
54,
54,
54,
54,
54,
54,
54,
54,
54,
54,
54,
54,
54,
54,
54,
54,
54,
54,
54,
54,
54,
54,
54,
54,
54,
54,
54,
54,
54,
54,
54,
54,
54,
54,
54,
54,
54,
54,
54,
54,
54,
54,
54,
54,
54,
54,
54,
54,
54,
54,
54,
54,
54,
54,
54,
54,
54,
54,
54,
54,
54,
54,
54,
54,
54,
54,
54,
54,
54,
54,
54,
54,
54,
54,
54,
54,
54,
54,
54,
54,
54,
54,
54,
54,
54,
54,
54,
54,
54,
54,
54,
54,
54,
54,
54,
54,
54,
54,
54,
54,
54,
54,
54,
54,
54,
54,
54,
54,
54,
54,
54,
54,
54,
54,
54,
54,
54,
54,
54,
54,
54,
54,
54,
54,
54,
54,
54,
54,
54,
54,
54,
54,
54,
54,
54,
54,
54,
54,
54,
54,
54,
54,
54,
54,
54,
54,
54,
54,
54,
54,
54,
54,
54,
54,
54,
54,
54,
54,
54,
54,
54,
54,
54,
54,
54,
54,
54,
54,
54,
54,
54,
54,
54,
54,
54,
54,
54,
54,
54,
54,
54,
54,
54,
54,
54,
54,
54,
54,
54,
54,
54,
54,
54,
54,
54,
54,
54,
54,
54,
54,
54,
54,
54,
54,
54,
54,
54,
54,
54,
54,
54,
54,
54,
54,
54,
54,
54,
54,
54,
54,
54,
54,
54,
54,
54,
54,
54,
54,
54,
54,
54,
54,
54,
54,
54,
54,
54,
54,
54,
54,
54,
54,
54,
54,
54,
54,
54,
54,
54,
54,
54,
54,
54,
54,
54,
54,
54,
54,
54,
54,
54,
54,
54,
54,
54,
54,
54,
54,
54,
54,
54,
54,
54,
54,
54,
54,
54,
54,
54,
54,
54,
54,
54,
54,
54,
54,
54,
54,
54,
54,
54,
54,
54,
54,
54,
54,
54,
54,
54,
54,
54,
54,
54,
54,
54,
54,
54,
54,
54,
54,
54,
54,
54,
54,
54,
54,
54,
54,
54,
54,
54,
54,
54,
54,
54,
54,
54,
54,
54,
54,
54,
54,
54,
54,
54,
54,
54,
54,
54,
54,
54,
54,
54,
54,
54,
54,
54,
54,
54,
54,
54,
54,
54,
54,
54,
54,
54,
54,
54,
54,
54,
54,
54,
54,
54,
54,
54,
54,
54,
54,
54,
54,
54,
54,
54,
54,
54,
54,
54,
54,
54,
54,
54,
54,
54,
54,
54,
54,
54,
54,
54,
54,
54,
54,
54,
54,
54,
54,
54,
54,
54,
54,
54,
54,
54,
54,
54,
54,
54,
54,
54,
54,
54,
54,
54,
54,
54,
54,
54,
54,
54,
54,
54,
54,
54,
54,
54,
54,
54,
54,
54,
54,
54,
54,
54,
54,
54,
54,
54,
54,
54,
54,
54,
54,
54,
54,
54,
54,
54,
54,
54,
54,
54,
54,
54,
54,
54,
54,
54,
54,
54,
54,
54,
54,
54,
54,
54,
54,
54,
54,
54,
54,
54,
54,
54,
54,
54,
54,
54,
54,
54,
54,
54,
54,
54,
54,
54,
54,
54,
54,
54,
54,
54,
54,
54,
54,
54,
54,
54,
54,
54,
54,
54,
54,
54,
54,
54,
54,
54,
54,
54,
54,
54,
54,
54,
54,
54,
54,
54,
54,
54,
54,
54,
54,
54,
54,
54,
54,
54,
54,
54,
54,
54,
54,
54,
54,
54,
54,
54,
54,
54,
54,
54,
54,
54,
54,
54,
54,
54,
54,
54,
54,
54,
54,
54,
54,
54,
54,
54,
54,
54,
54,
54,
54,
54,
54,
54,
54,
54,
54,
54,
54,
54,
54,
54,
54,
54,
54,
54,
54,
54,
54,
54,
54,
54,
54,
54,
54,
54,
54,
54,
54,
54,
54,
54,
54,
54,
54,
54,
54,
54,
54,
54,
54,
54,
54,
54,
54,
54,
54,
54,
54,
54,
54,
54,
54,
54,
54,
54,
54,
54,
54,
54,
54,
54,
54,
54,
54,
54,
54,
54,
54,
54,
54,
54,
54,
54,
54,
54,
54,
54,
54,
54,
54,
54,
54,
54,
54,
54,
54,
54,
54,
54,
54,
54,
54,
54,
54,
54,
54,
54,
54,
54,
54,
54,
54,
54,
54,
54,
54,
54,
54,
54,
54,
54,
54,
54,
54,
54,
54,
54,
54,
54,
54,
54,
54,
54,
54,
54,
54,
54,
54,
54,
54,
54,
54,
54,
54,
54,
54,
54,
54,
54,
54,
54,
54,
54,
54,
54,
54,
54,
54,
54,
54,
54,
54,
54,
54,
54,
54,
54,
54,
54,
54,
54,
54,
54,
54,
54,
54,
54,
54,
54,
54,
54,
54,
54,
54,
54,
54,
54,
54,
54,
54,
54,
54,
54,
54,
54,
54,
54,
54,
54,
54,
54,
54,
54,
54,
54,
54,
54,
54,
54,
54,
54,
54,
54,
54,
54,
54,
54,
54,
54,
54,
54,
54,
54,
54,
54,
54,
54,
54,
54,
54,
54,
54,
54,
54,
54,
54,
54,
54,
54,
54,
54,
54,
54,
54,
54,
54,
54,
54,
54,
54,
54,
54,
54,
54,
54,
54,
54,
54,
54,
54,
54,
54,
54,
54,
54,
54,
54,
54,
54,
54,
54,
54,
54,
54,
54,
54,
54,
54,
54,
54,
54,
54,
54,
54,
54,
54,
54,
54,
54,
54,
54,
54,
54,
54,
54,
54,
54,
54,
54,
54,
54,
54,
54,
54,
54,
54,
54,
54,
54,
54,
54,
54,
54,
54,
54,
54,
54,
54,
54,
54,
54,
54,
54,
54,
54,
54,
54,
54,
54,
54,
54,
54,
54,
54,
54,
54,
54,
54,
54,
54,
54,
54,
54,
54,
54,
54,
54,
54,
54,
54,
54,
54,
54,
54,
54,
54,
54,
54,
54,
54,
54,
54,
54,
54,
54,
54,
54,
54,
54,
54,
54,
54,
54,
54,
54,
54,
54,
54,
54,
54,
54,
54,
54,
54,
54,
54,
54,
54,
54,
54,
54,
54,
54,
54,
54,
54,
54,
54,
54,
54,
54,
54,
54,
54,
54,
54,
54,
54,
54,
54,
54,
54,
54,
54,
54,
54,
54,
54,
54,
54,
54,
54,
54,
54,
54,
54,
54,
54,
54,
54,
54,
54,
54,
54,
54,
54,
54,
54,
54,
54,
54,
54,
54,
54,
54,
54,
54,
54,
54,
54,
54,
54,
54,
54,
54,
54,
54,
54,
54,
54,
54,
54,
54,
54,
54,
54,
54,
54,
54,
54,
54,
54,
54,
54,
54,
54,
54,
54,
54,
54,
54,
54,
54,
54,
54,
54,
54,
54,
54,
54,
54,
54,
54,
54,
54,
54,
54,
54,
54,
54,
54,
54,
54,
54,
54,
54,
54,
54,
54,
54,
54,
54,
54,
54,
54,
54,
54,
54,
54,
54,
54,
54,
54,
54,
54,
54,
54,
54,
54,
54,
54,
54,
54,
54,
54,
54,
54,
54,
54,
54,
54,
54,
54,
54,
54,
54,
54,
54,
54,
54,
54,
54,
54,
54,
54,
54,
54,
54,
54,
54,
54,
54,
54,
54,
54,
54,
54,
54,
54,
54,
54,
54,
54,
54,
54,
54,
54,
54,
54,
54,
54,
54,
54,
54,
54,
54,
54,
54,
54,
54,
54,
54,
54,
54,
54,
54,
54,
54,
54,
54,
54,
54,
54,
54,
54,
54,
54,
54,
54,
54,
54,
54,
54,
54,
54,
54,
54,
54,
54,
54,
54,
54,
54,
54,
54,
54,
54,
54,
54,
54,
54,
54,
54,
54,
54,
54,
54,
54,
54,
54,
54,
54,
54,
54,
54,
54,
54,
54,
54,
54,
54,
54,
54,
54,
54,
54,
54,
54,
54,
54,
54,
54,
54,
54,
54,
54,
54,
54,
54,
54,
54,
54,
54,
54,
54,
54,
54,
54,
54,
54,
54,
54,
54,
54,
54,
54,
54,
54,
54,
54,
54,
54,
54,
54,
54,
54,
54,
54,
54,
54,
54,
54,
54,
54,
54,
54,
54,
54,
54,
54,
54,
54,
54,
54,
54,
54,
54,
54,
54,
54,
54,
54,
54,
54,
54,
54,
54,
54,
54,
54,
54,
54,
54,
54,
54,
54,
54,
54,
54,
54,
54,
54,
54,
54,
54,
54,
54,
54,
54,
54,
54,
54,
54,
54,
54,
54,
54,
54,
54,
54,
54,
54,
54,
54,
54,
54,
54,
54,
54,
54,
54,
54,
54,
54,
54,
54,
54,
54,
54,
54,
54,
54,
54,
54,
54,
54,
54,
54,
54,
54,
54,
54,
54,
54,
54,
54,
54,
54,
54,
54,
54,
54,
54,
54,
54,
54,
54,
54,
54,
54,
54,
54,
54,
54,
54,
54,
54,
54,
54,
54,
54,
54,
54,
54,
54,
54,
54,
54,
54,
54,
54,
54,
54,
54,
54,
54,
54,
54,
54,
54,
54,
54,
54,
54,
54,
54,
54,
54,
54,
54,
54,
54,
54,
54,
54,
54,
54,
54,
54,
54,
54,
54,
54,
54,
54,
54,
54,
54,
54,
54,
54,
54,
54,
54,
54,
54,
54,
54,
54,
54,
54,
54,
54,
54,
54,
54,
54,
54,
54,
54,
54,
54,
54,
54,
54,
54,
54,
54,
54,
54,
54,
54,
54,
54,
54,
54,
54,
54,
54,
54,
54,
54,
54,
54,
54,
54,
54,
54,
54,
54,
54,
54,
54,
54,
54,
54,
54,
54,
54,
54,
54,
54,
54,
54,
54,
54,
54,
54,
54,
54,
54,
54,
54,
54,
54,
54,
54,
54,
54,
54,
54,
54,
54,
54,
54,
54,
54,
54,
54,
54,
54,
54,
54,
54,
54,
54,
54,
54,
54,
54,
54,
54,
54,
54,
54,
54,
54,
54,
54,
54,
54,
54,
54,
54,
54,
54,
54,
54,
54,
54,
54,
54,
54,
54,
54,
54,
54,
54,
54,
54,
54,
54,
54,
54,
54,
54,
54,
54,
54,
54,
54,
54,
54,
54,
54,
54,
54,
54,
54,
54,
54,
54,
54,
54,
54,
54,
54,
54,
54,
54,
54,
54,
54,
54,
54,
54,
54,
54,
54,
54,
54,
54,
54,
54,
54,
54,
54,
54,
54,
54,
54,
54,
54,
54,
54,
54,
54,
54,
54,
54,
54,
54,
54,
54,
54,
54,
54,
54,
54,
54,
54,
54,
54,
54,
54,
54,
54,
54,
54,
54,
54,
54,
54,
54,
54,
54,
54,
54,
54,
54,
54,
54,
54,
54,
54,
54,
54,
54,
54,
54,
54,
54,
54,
54,
54,
54,
54,
54,
54,
54,
54,
54,
54,
54,
54,
54,
54,
54,
54,
54,
54,
54,
54,
54,
54,
54,
54,
54,
54,
54,
54,
54,
54,
54,
54,
54,
54,
54,
54,
54,
54,
54,
54,
54,
54,
54,
54,
54,
54,
54,
54,
54,
54,
54,
54,
54,
54,
54,
54,
54,
54,
54,
54,
54,
54,
54,
54,
54,
54,
54,
54,
54,
54,
54,
54,
54,
54,
54,
54,
54,
54,
54,
54,
54,
54,
54,
54,
54,
54,
54,
54,
54,
54,
54,
54,
54,
54,
54,
54,
54,
54,
54,
54,
54,
54,
54,
54,
54,
54,
54,
54,
54,
54,
54,
54,
54,
54,
54,
54,
54,
54,
54,
54,
54,
54,
54,
54,
54,
54,
54,
54,
54,
54,
54,
54,
54,
54,
54,
54,
54,
54,
54,
54,
54,
54,
54,
54,
54,
54,
54,
54,
54,
54,
54,
54,
54,
54,
54,
54,
54,
54,
54,
54,
54,
54,
54,
54,
54,
54,
54,
54,
54,
54,
54,
54,
54,
54,
54,
54,
54,
54,
54,
54,
54,
54,
54,
54,
54,
54,
54,
54,
54,
54,
54,
54,
54,
54,
54,
54,
54,
54,
54,
54,
54,
54,
54,
54,
54,
54,
54,
54,
54,
54,
54,
54,
54,
54,
54,
54,
54,
54,
54,
54,
54,
54,
54,
54,
54,
54,
54,
54,
54,
54,
54,
54,
54,
54,
54,
54,
54,
54,
54,
54,
54,
54,
54,
54,
54,
54,
54,
54,
54,
54,
54,
54,
54,
54,
54,
54,
54,
54,
54,
54,
54,
54,
54,
54,
54,
54,
54,
54,
54,
54,
54,
54,
54,
54,
54,
54,
54,
54,
54,
54,
54,
54,
54,
54,
54,
54,
54,
54,
54,
54,
54,
54,
54,
54,
54,
54,
54,
54,
54,
54,
54,
54,
54,
54,
54,
54,
54,
54,
54,
54,
54,
54,
54,
54,
54,
54,
54,
54,
46,
54,
54,
54,
54,
54,
54,
54,
54,
54,
54,
54,
54,
54,
54,
54,
54,
54,
54,
54,
54,
54,
54,
54,
54,
54,
54,
54,
54,
54,
54,
54,
54,
54,
54,
54,
54,
54,
54,
54,
54,
54,
54,
54,
54,
54,
54,
54,
54,
54,
54,
54,
54,
54,
54,
54,
54,
54,
54,
54,
54,
54,
54,
54,
54,
54,
54,
54,
54,
54,
54,
54,
54,
54,
54,
54,
54,
54,
54,
54,
54,
54,
54,
54,
54,
54,
54,
54,
54,
54,
54,
54,
54,
54,
54,
54,
54,
54,
54,
54,
54,
54,
54,
54,
54,
54,
54,
54,
54,
54,
54,
54,
54,
54,
54,
54,
54,
54,
54,
54,
54,
54,
54,
54,
54,
54,
54,
54,
54,
54,
54,
54,
54,
54,
54,
54,
54,
54,
54,
54,
54,
54,
54,
54,
54,
54,
54,
54,
54,
54,
54,
54,
54,
54,
54,
54,
54,
54,
54,
54,
54,
54,
54,
54,
54,
54,
54,
54,
54,
54,
54,
54,
54,
54,
54,
54,
54,
54,
54,
54,
54,
54,
54,
54,
54,
54,
54,
54,
54,
54,
54,
54,
54,
54,
54,
54,
54,
54,
54,
54,
54,
54,
54,
54,
54,
54,
54,
54,
54,
54,
54,
54,
54,
54,
54,
54,
54,
54,
54,
54,
54,
54,
54,
54,
54,
54,
54,
54,
54,
54,
54,
54,
54,
54,
54,
54,
54,
54,
54,
54,
54,
54,
54,
54,
54,
54,
54,
54,
54,
54,
54,
54,
54,
54,
54,
54,
54,
54,
54,
54,
54,
54,
54,
54,
54,
54,
54,
54,
54,
54,
54,
54,
54,
54,
54,
54,
54,
54,
54,
54,
54,
54,
54,
54,
54,
54,
54,
54,
54,
54,
54,
54,
54,
54,
54,
54,
54,
54,
54,
54,
54,
54,
54,
54,
54,
54,
54,
54,
54,
54,
54,
54,
54,
54,
54,
54,
54,
54,
54,
54,
54,
54,
54,
54,
54,
54,
54,
54,
54,
54,
54,
54,
54,
54,
54,
54,
54,
54,
54,
54,
54,
54,
54,
54,
54,
54,
54,
54,
54,
54,
54,
54,
54,
54,
54,
54,
54,
54,
54,
54,
54,
54,
54,
54,
54,
54,
54,
54,
54,
54,
54,
54,
54,
54,
54,
54,
54,
54,
54,
54,
54,
54,
54,
54,
54,
54,
54,
54,
54,
54,
54,
54,
54,
54,
54,
54,
54,
54,
54,
54,
54,
54,
54,
54,
54,
54,
54,
54,
54,
54,
54,
54,
54,
54,
54,
54,
54,
54,
54,
54,
54,
54,
54,
54,
54,
54,
54,
54,
54,
54,
54,
54,
54,
54,
54,
54,
54,
54,
54,
54,
54,
54,
54,
54,
54,
54,
54,
54,
54,
54,
54,
54,
54,
54,
54,
54,
54,
54,
54,
54,
54,
54,
54,
54,
54,
54,
54,
54,
54,
54,
54,
54,
54,
54,
54,
54,
54,
54,
54,
54,
54,
54,
54,
54,
54,
54,
54,
54,
54,
54,
54,
54,
54,
54,
54,
54,
54,
54,
54,
54,
54,
54,
54,
54,
54,
54,
54,
54,
54,
54,
54,
54,
54,
54,
54,
54,
54,
54,
54,
54,
54,
54,
54,
54,
54,
54,
54,
54,
54,
54,
54,
54,
54,
54,
54,
54,
54,
54,
54,
54,
54,
54,
54,
54,
54,
54,
54,
54,
54,
54,
54,
54,
54,
54,
54,
54,
54,
54,
54,
54,
54,
54,
54,
54,
54,
54,
54,
54,
54,
54,
54,
54,
54,
54,
54,
54,
54,
54,
54,
54,
54,
54,
54,
54,
54,
54,
54,
54,
54,
54,
54,
54,
54,
54,
54,
54,
54,
54,
54,
54,
54,
54,
54,
54,
54,
54,
54,
54,
54,
54,
54,
54,
54,
54,
54,
54,
54,
54,
54,
54,
54,
54,
54,
54,
54,
54,
54,
54,
54,
54,
54,
54,
54,
54,
54,
54,
54,
54,
54,
54,
54,
54,
54,
54,
54,
54,
54,
54,
54,
54,
54,
54,
54,
54,
54,
54,
54,
54,
54,
54,
54,
54,
54,
54,
54,
54,
54,
54,
54,
54,
54,
54,
54,
54,
54,
54,
54,
54,
54,
54,
54,
54,
54,
54,
54,
54,
54,
54,
54,
54,
54,
54,
54,
54,
54,
54,
54,
54,
54,
54,
54,
54,
54,
54,
54,
54,
54,
54,
54,
54,
54,
54,
54,
54,
54,
54,
54,
54,
54,
54,
54,
54,
54,
54,
54,
54,
54,
54,
54,
54,
54,
54,
54,
54,
54,
54,
54,
54,
54,
54,
54,
54,
54,
54,
54,
54,
54,
54,
54,
54,
54,
54,
54,
54,
54,
54,
54,
54,
54,
54,
54,
54,
54,
54,
54,
54,
54,
54,
54,
54,
54,
54,
54,
54,
54,
54,
54,
54,
54,
54,
54,
54,
54,
54,
54,
54,
54,
54,
54,
54,
54,
54,
54,
54,
54,
54,
54,
54,
54,
54,
54,
54,
54,
54,
54,
54,
54,
54,
54,
54,
54,
54,
54,
54,
54,
54,
54,
54,
54,
54,
54,
54,
54,
54,
54,
54,
54,
54,
54,
54,
54,
54,
54,
54,
54,
54,
54,
54,
54,
54,
54,
54,
54,
54,
54,
54,
54,
54,
54,
54,
54,
54,
54,
54,
54,
54,
54,
54,
54,
54,
54,
54,
54,
54,
54,
54,
54,
54,
54,
54,
54,
54,
54,
54,
54,
54,
54,
54,
54,
54,
54,
54,
54,
54,
54,
54,
54,
54,
54,
54,
54,
54,
54,
54,
54,
54,
54,
54,
54,
54,
54,
54,
54,
54,
54,
54,
54,
54,
54,
54,
54,
54,
54,
54,
54,
54,
54,
54,
54,
54,
54,
54,
54,
54,
54,
54,
54,
54,
54,
54,
54,
54,
54,
54,
54,
54,
54,
54,
54,
54,
54,
54,
54,
54,
54,
54,
54,
54,
54,
54,
54,
54,
54,
54,
54,
54,
54,
54,
54,
54,
54,
54,
54,
54,
54,
54,
54,
54,
54,
54,
54,
54,
54,
54,
54,
54,
54,
54,
54,
54,
54,
54,
54,
54,
54,
54,
54,
54,
54,
54,
54,
54,
54,
54,
54,
54,
54,
54,
54,
54,
54,
54,
54,
54,
54,
54,
54,
54,
54,
54,
54,
54,
54,
54,
54,
54,
54,
54,
54,
54,
54,
54,
54,
54,
54,
54,
54,
54,
54,
54,
54,
54,
54,
54,
54,
54,
54,
54,
54,
54,
54,
54,
54,
54,
54,
54,
54,
54,
54,
54,
54,
54,
54,
54,
54,
54,
54,
54,
54,
54,
54,
54,
54,
54,
54,
54,
54,
54,
54,
54,
54,
54,
54,
54,
54,
54,
54,
54,
54,
54,
54,
54,
54,
54,
54,
54,
54,
54,
54,
54,
54,
54,
54,
54,
54,
54,
54,
54,
54,
54,
54,
54,
54,
54,
54,
54,
54,
54,
54,
54,
54,
54,
54,
54,
54,
54,
54,
54,
54,
54,
54,
54,
54,
54,
54,
54,
54,
54,
54,
54,
54,
54,
54,
54,
54,
54,
54,
54,
54,
54,
54,
54,
54,
54,
54,
54,
54,
54,
54,
54,
54,
54,
54,
54,
54,
54,
54,
54,
54,
54,
54,
54,
54,
54,
54,
54,
54,
54,
54,
54,
54,
54,
54,
54,
54,
54,
54,
54,
54,
54,
54,
54,
54,
54,
54,
54,
54,
54,
54,
54,
54,
54,
54,
54,
54,
54,
54,
54,
54,
54,
54,
54,
54,
54,
54,
54,
54,
54,
54,
54,
54,
54,
54,
54,
54,
54,
54,
54,
54,
54,
54,
54,
54,
54,
54,
54,
54,
54,
54,
54,
54,
54,
54,
54,
54,
54,
54,
54,
54,
54,
54,
54,
54,
54,
54,
54,
54,
54,
54,
54,
54,
54,
54,
54,
54,
54,
54,
54,
54,
54,
54,
54,
54,
54,
54,
54,
54,
54,
54,
54,
54,
54,
54,
54,
54,
54,
54,
54,
54,
54,
54,
54,
54,
54,
54,
54,
54,
54,
54,
54,
54,
54,
54,
54,
54,
54,
54,
54,
54,
54,
54,
54,
54,
54,
54,
54,
54,
54,
54,
54,
54,
54,
54,
54,
54,
54,
54,
54,
54,
54,
54,
54,
54,
54,
54,
54,
54,
54,
54,
54,
54,
54,
54,
54,
54,
54,
54,
54,
54,
54,
54,
54,
54,
54,
54,
54,
54,
54,
54,
54,
54,
54,
54,
54,
54,
54,
54,
54,
54,
54,
54,
54,
54,
54,
54,
54,
54,
54,
54,
54,
54,
54,
54,
54,
54,
54,
54,
54,
54,
54,
54,
54,
54,
54,
54,
54,
54,
54,
54,
54,
54,
54,
54,
54,
54,
54,
54,
54,
54,
54,
54,
54,
54,
54,
54,
54,
54,
54,
54,
54,
54,
54,
54,
54,
54,
54,
54,
54,
54,
54,
54,
54,
54,
54,
54,
54,
54,
54,
54,
54,
54,
54,
54,
54,
54,
54,
54,
54,
54,
54,
54,
54,
54,
54,
54,
54,
54,
54,
54,
54,
54,
54,
54,
54,
54,
54,
54,
54,
54,
54,
54,
54,
54,
54,
54,
54,
54,
54,
54,
54,
54,
54,
54,
54,
54,
54,
54,
54,
54,
54,
54,
54,
54,
54,
54,
54,
54,
54,
54,
54,
54,
54,
54,
54,
54,
54,
54,
54,
54,
54,
54,
54,
54,
54,
54,
54,
54,
54,
54,
54,
54,
54,
54,
54,
54,
54,
54,
54,
54,
54,
54,
54,
54,
54,
54,
54,
54,
54,
54,
54,
54,
54,
54,
54,
54,
54,
54,
54,
54,
54,
54,
54,
54,
54,
54,
54,
54,
54,
54,
54,
54,
54,
54,
54,
54,
54,
54,
54,
54,
54,
54,
54,
54,
54,
54,
54,
54,
54,
54,
54,
54,
54,
54,
54,
54,
54,
54,
54,
54,
54,
54,
54,
54,
54,
54,
54,
54,
54,
54,
54,
54,
54,
54,
54,
54,
54,
54,
54,
54,
54,
54,
54,
54,
54,
54,
54,
54,
54,
54,
54,
54,
54,
54,
54,
54,
54,
54,
54,
54,
54,
54,
54,
54,
54,
54,
54,
54,
54,
54,
54,
54,
54,
54,
54,
54,
54,
54,
54,
54,
54,
54,
54,
54,
54,
54,
54,
54,
54,
54,
54,
54,
54,
54,
54,
54,
54,
54,
54,
54,
54,
54,
54,
54,
54,
54,
54,
54,
54,
54,
54,
54,
54,
54,
54,
54,
54,
54,
54,
54,
54,
54,
54,
54,
54,
54,
54,
54,
54,
54,
54,
54,
54,
54,
54,
54,
54,
54,
54,
54,
54,
54,
54,
54,
54,
54,
54,
54,
54,
54,
54,
54,
54,
54,
54,
54,
54,
54,
54,
54,
54,
54,
54,
54,
54,
54,
54,
54,
54,
54,
54,
54,
54,
54,
54,
54,
54,
54,
54,
54,
54,
54,
54,
54,
54,
54,
54,
54,
54,
54,
54,
54,
54,
54,
54,
54,
54,
54,
54,
54,
54,
54,
54,
54,
54,
54,
54,
54,
54,
54,
54,
54,
54,
54,
54,
54,
54,
54,
54,
54,
54,
54,
54,
54,
54,
54,
54,
54,
54,
54,
54,
54,
54,
54,
54,
54,
54,
54,
54,
54,
54,
54,
54,
54,
54,
54,
54,
54,
54,
54,
54,
54,
54,
54,
54,
54,
54,
54,
54,
54,
54,
54,
54,
54,
54,
54,
54,
54,
54,
54,
54,
54,
54,
54,
54,
54,
54,
54,
54,
54,
54,
54,
54,
54,
54,
54,
54,
54,
54,
54,
54,
54,
54,
54,
54,
54,
54,
54,
54,
54,
54,
54,
54,
54,
54,
54,
54,
54,
54,
54,
54,
54,
54,
54,
54,
54,
54,
54,
54,
54,
54,
54,
54,
54,
54,
54,
54,
54,
54,
54,
54,
54,
54,
54,
54,
54,
54,
54,
54,
54,
54,
54,
54,
54,
54,
54,
54,
54,
54,
54,
54,
54,
54,
54,
54,
54,
54,
54,
54,
54,
54,
54,
54,
54,
54,
54,
54,
54,
54,
54,
54,
54,
54,
54,
54,
54,
54,
54,
54,
54,
54,
54,
54,
54,
54,
54,
54,
54,
54,
54,
54,
54,
54,
54,
54,
54,
54,
54,
54,
54,
54,
54,
54,
54,
54,
54,
54,
54,
54,
54,
54,
54,
54,
54,
54,
54,
54,
54,
54,
54,
54,
54,
54,
54,
54,
54,
54,
54,
54,
54,
54,
54,
54,
54,
54,
54,
54,
54,
54,
54,
54,
54,
54,
54,
54,
54,
54,
54,
54,
54,
54,
54,
54,
54,
54,
54,
54,
54,
54,
54,
54,
54,
54,
54,
54,
54,
54,
54,
54,
54,
54,
54,
54,
54,
54,
54,
54,
54,
54,
54,
54,
54,
54,
54,
54,
54,
54,
54,
54,
54,
54,
54,
54,
54,
54,
54,
54,
54,
54,
54,
54,
54,
54,
54,
54,
54,
54,
54,
54,
54,
54,
54,
54,
54,
54,
54,
54,
54,
54,
54,
54,
54,
54,
54,
54,
54,
54,
54,
54,
54,
54,
54,
54,
54,
54,
54,
54,
54,
54,
54,
54,
54,
54,
54,
54,
54,
54,
54,
54,
54,
54,
54,
54,
54,
54,
54,
54,
54,
54,
54,
54,
54,
54,
54,
54,
54,
54,
54,
54,
54,
54,
54,
54,
54,
54,
54,
54,
54,
54,
54,
54,
54,
54,
54,
54,
54,
54,
54,
54,
54,
54,
54,
54,
54,
54,
54,
54,
54,
54,
54,
54,
54,
54,
54,
54,
54,
54,
54,
54,
54,
54,
54,
54,
54,
54,
54,
54,
54,
54,
54,
54,
54,
54,
54,
54,
54,
54,
54,
54,
54,
54,
54,
54,
54,
54,
54,
54,
54,
54,
54,
54,
54,
54,
54,
54,
54,
54,
54,
54,
54,
54,
54,
54,
54,
54,
54,
54,
54,
54,
54,
54,
54,
54,
54,
54,
54,
54,
54,
54,
54,
54,
54,
54,
54,
54,
54,
54,
54,
54,
54,
54,
54,
54,
54,
54,
54,
54,
54,
54,
54,
54,
54,
54,
54,
54,
54,
54,
54,
54,
54,
54,
54,
54,
54,
54,
54,
54,
54,
54,
54,
54,
54,
54,
54,
54,
54,
54,
54,
54,
54,
54,
54,
54,
54,
54,
54,
54,
54,
54,
54,
54,
54,
54,
54,
54,
54,
54,
54,
54,
54,
54,
54,
54,
54,
54,
54,
54,
54,
54,
54,
54,
54,
54,
54,
54,
54,
54,
54,
54,
54,
54,
54,
54,
54,
54,
54,
54,
54,
54,
54,
54,
54,
54,
54,
54,
54,
54,
54,
54,
54,
54,
54,
54,
54,
54,
54,
54,
54,
54,
54,
54,
54,
54,
54,
54,
54,
54,
54,
54,
54,
54,
54,
54,
54,
54,
54,
54,
54,
54,
54,
54,
54,
54,
54,
54,
54,
54,
54,
54,
54,
54,
54,
54,
54,
54,
54,
54,
54,
54,
54,
54,
54,
54,
54,
54,
54,
54,
54,
54,
54,
54,
54,
54,
54,
54,
54,
54,
54,
54,
54,
54,
54,
54,
54,
54,
54,
54,
54,
54,
54,
54,
54,
54,
54,
54,
54,
54,
54,
54,
54,
54,
54,
54,
54,
54,
54,
54,
54,
54,
54,
54,
54,
54,
54,
54,
54,
54,
54,
54,
54,
54,
54,
54,
54,
54,
54,
54,
54,
54,
54,
54,
54,
54,
54,
54,
54,
54,
54,
54,
54,
54,
54,
54,
54,
54,
54,
54,
54,
54,
54,
54,
54,
54,
54,
54,
54,
54,
54,
54,
54,
54,
54,
54,
54,
54,
54,
54,
54,
54,
54,
54,
54,
54,
54,
54,
54,
54,
54,
54,
54,
54,
54,
54,
54,
54,
54,
46,
46,
54,
54,
54,
54,
54,
54,
54,
54,
54,
54,
54,
54,
54,
54,
54,
54,
54,
54,
54,
54,
54,
54,
54,
54,
54,
54,
54,
54,
54,
54,
54,
54,
54,
54,
54,
54,
54,
54,
54,
54,
54,
54,
54,
54,
54,
54,
54,
54,
54,
54,
54,
54,
54,
54,
54,
54,
54,
54,
54,
54,
54,
54,
54,
54,
54,
54,
54,
54,
54,
54,
54,
54,
54,
54,
54,
54,
54,
54,
54,
54,
54,
54,
54,
54,
54,
54,
54,
54,
54,
54,
54,
54,
54,
54,
54,
54,
54,
54,
54,
54,
54,
54,
54,
54,
54,
54,
54,
54,
54,
54,
54,
54,
54,
54,
54,
54,
54,
54,
54,
54,
54,
54,
54,
54,
54,
54,
46,
54,
54,
54,
54,
54,
54,
54,
54,
54,
54,
54,
54,
54,
54,
54,
54,
54,
54,
54,
54,
54,
54,
54,
54,
54,
54,
54,
54,
54,
54,
54,
54,
54,
54,
54,
54,
54,
54,
54,
54,
54,
54,
54,
54,
54,
54,
54,
54,
54,
54,
54,
54,
54,
54,
54,
54,
54,
54,
54,
54,
54,
54,
54,
54,
54,
54,
54,
54,
54,
54,
54,
54,
54,
54,
54,
54,
54,
54,
54,
54,
54,
54,
54,
54,
54,
54,
54,
54,
54,
54,
54,
54,
54,
54,
54,
54,
54,
54,
54,
54,
54,
54,
54,
54,
54,
54,
54,
54,
54,
54,
54,
54,
54,
54,
54,
54,
54,
54,
54,
54,
54,
54,
54,
54,
54,
54,
54,
54,
54,
54,
54,
54,
54,
54,
54,
54,
54,
54,
54,
54,
54,
54,
54,
54,
54,
54,
54,
54,
54,
54,
54,
54,
54,
54,
54,
54,
54,
54,
54,
54,
54,
54,
54,
54,
54,
54,
54,
54,
54,
54,
54,
54,
54,
54,
54,
54,
54,
54,
54,
54,
54,
54,
54,
54,
54,
54,
54,
54,
54,
54,
54,
54,
54,
54,
54,
54,
54,
54,
54,
54,
54,
54,
54,
54,
54,
54,
54,
54,
54,
54,
54,
54,
54,
54,
54,
54,
54,
54,
54,
54,
54,
54,
54,
54,
54,
54,
54,
54,
54,
54,
54,
54,
54,
54,
54,
54,
54,
54,
54,
54,
54,
54,
54,
54,
54,
54,
54,
54,
54,
54,
54,
54,
54,
54,
54,
54,
54,
54,
54,
54,
54,
54,
54,
54,
54,
54,
54,
54,
54,
54,
54,
54,
54,
54,
54,
54,
54,
54,
54,
54,
54,
54,
54,
54,
54,
54,
54,
54,
54,
54,
54,
54,
54,
54,
54,
54,
54,
54,
54,
54,
54,
54,
54,
54,
54,
54,
54,
54,
54,
54,
54,
54,
54,
54,
54,
54,
54,
54,
54,
54,
54,
54,
54,
54,
54,
54,
54,
54,
54,
54,
54,
54,
54,
54,
54,
54,
54,
54,
54,
54,
54,
54,
54,
54,
54,
54,
54,
54,
54,
54,
54,
54,
54,
54,
54,
54,
54,
54,
54,
54,
54,
54,
54,
54,
54,
54,
54,
54,
54,
54,
54,
54,
54,
54,
54,
54,
54,
54,
54,
54,
54,
54,
54,
54,
54,
54,
54,
54,
54,
54,
54,
54,
54,
54,
54,
54,
54,
54,
54,
54,
54,
54,
54,
54,
54,
54,
54,
54,
54,
54,
54,
54,
54,
54,
54,
54,
54,
54,
54,
54,
54,
54,
54,
54,
54,
54,
54,
54,
54,
54,
54,
54,
54,
54,
54,
54,
54,
54,
54,
54,
54,
54,
54,
54,
54,
54,
54,
54,
54,
54,
54,
54,
54,
54,
54,
54,
54,
54,
54,
54,
54,
54,
54,
54,
54,
54,
54,
54,
54,
54,
54,
54,
54,
54,
54,
54,
54,
54,
54,
54,
54,
54,
54,
54,
54,
54,
54,
54,
54,
54,
54,
54,
54,
54,
54,
54,
54,
54,
54,
54,
54,
54,
54,
54,
54,
54,
54,
54,
54,
54,
54,
54,
54,
54,
54,
54,
54,
54,
54,
54,
54,
54,
54,
54,
54,
54,
54,
54,
54,
54,
54,
54,
54,
54,
54,
54,
54,
54,
54,
54,
54,
54,
54,
54,
54,
54,
54,
54,
54,
54,
54,
54,
54,
54,
54,
54,
54,
54,
54,
54,
54,
54,
54,
54,
54,
54,
54,
54,
54,
54,
54,
54,
54,
54,
54,
54,
54,
54,
54,
54,
54,
54,
54,
54,
54,
54,
54,
54,
54,
54,
54,
54,
54,
54,
54,
54,
54,
54,
54,
54,
54,
54,
54,
54,
54,
54,
54,
54,
54,
54,
54,
54,
54,
54,
54,
54,
54,
54,
54,
54,
54,
54,
54,
54,
54,
54,
54,
54,
54,
54,
54,
54,
54,
54,
54,
54,
54,
54,
54,
54,
54,
54,
54,
54,
54,
54,
54,
54,
54,
54,
54,
54,
54,
54,
54,
54,
54,
54,
54,
54,
54,
54,
54,
54,
54,
54,
54,
54,
54,
54,
54,
54,
54,
54,
54,
54,
54,
54,
54,
54,
54,
54,
54,
54,
54,
54,
54,
54,
54,
54,
54,
54,
54,
54,
54,
54,
54,
54,
54,
54,
54,
54,
54,
54,
54,
54,
54,
54,
54,
54,
54,
54,
54,
54,
54,
54,
54,
54,
54,
54,
54,
54,
54,
54,
54,
54,
54,
54,
54,
54,
54,
54,
54,
54,
54,
54,
54,
54,
54,
54,
54,
54,
54,
54,
54,
54,
54,
54,
54,
54,
54,
54,
54,
54,
54,
54,
54,
54,
54,
54,
54,
54,
54,
54,
54,
54,
54,
54,
54,
54,
54,
54,
54,
54,
54,
54,
54,
54,
54,
54,
54,
54,
54,
54,
54,
54,
54,
54,
54,
54,
54,
54,
54,
54,
54,
54,
54,
54,
54,
54,
54,
54,
54,
54,
54,
54,
54,
54,
54,
54,
54,
54,
54,
54,
54,
54,
54,
54,
54,
54,
54,
54,
54,
54,
54,
54,
54,
54,
54,
54,
54,
54,
54,
54,
54,
54,
54,
54,
54,
54,
54,
54,
54,
54,
54,
54,
54,
54,
54,
54,
54,
54,
54,
54,
54,
54,
54,
54,
54,
54,
54,
54,
54,
54,
54,
54,
54,
54,
54,
54,
54,
54,
54,
54,
54,
54,
54,
54,
54,
54,
54,
54,
54,
54,
54,
54,
54,
54,
54,
54,
54,
54,
54,
54,
54,
54,
46,
54,
54,
54,
54,
54,
54,
54,
54,
54,
54,
54,
54,
54,
54,
54,
54,
54,
54,
54,
54,
54,
54,
54,
54,
54,
54,
54,
54,
54,
54,
54,
54,
54,
54,
54,
54,
54,
54,
54,
54,
54,
54,
54,
54,
54,
54,
54,
54,
54,
54,
54,
54,
54,
54,
54,
54,
54,
54,
54,
54,
54,
54,
54,
54,
54,
54,
54,
54,
54,
54,
54,
54,
54,
54,
54,
54,
54,
54,
54,
54,
54,
54,
54,
54,
54,
54,
54,
54,
54,
54,
54,
54,
54,
54,
54,
54,
54,
54,
54,
54,
54,
54,
54,
54,
54,
54,
54,
54,
54,
54,
54,
54,
54,
54,
54,
54,
54,
54,
54,
54,
54,
54,
54,
54,
54,
54,
54,
54,
54,
54,
54,
54,
54,
54,
54,
54,
54,
54,
54,
54,
54,
54,
54,
54,
54,
54,
54,
54,
54,
54,
54,
54,
54,
54,
54,
54,
54,
54,
54,
54,
54,
54,
54,
54,
54,
54,
54,
54,
54,
54,
54,
54,
54,
54,
54,
54,
54,
54,
54,
54,
54,
54,
54,
54,
54,
54,
54,
54,
54,
54,
54,
54,
54,
54,
54,
54,
54,
54,
54,
54,
54,
54,
54,
54,
54,
54,
54,
54,
54,
54,
54,
54,
54,
54,
54,
54,
54,
54,
54,
54,
54,
54,
54,
54,
54,
54,
54,
54,
54,
54,
54,
54,
54,
54,
54,
54,
54,
54,
54,
54,
54,
54,
54,
54,
54,
54,
54,
54,
54,
54,
54,
54,
54,
54,
54,
54,
54,
54,
54,
54,
54,
54,
54,
54,
54,
54,
54,
54,
54,
54,
54,
54,
54,
54,
54,
54,
54,
54,
54,
54,
54,
54,
54,
54,
54,
54,
54,
54,
54,
54,
54,
54,
54,
54,
54,
54,
54,
54,
54,
54,
54,
54,
54,
46,
54,
54,
54,
54,
54,
54,
54,
54,
54,
54,
54,
54,
54,
54,
54,
54,
54,
54,
54,
54,
54,
54,
54,
54,
54,
54,
54,
54,
54,
54,
54,
54,
54,
54,
54,
54,
54,
54,
54,
54,
54,
54,
54,
54,
54,
54,
54,
54,
54,
54,
54,
54,
54,
54,
54,
54,
54,
54,
54,
54,
54,
54,
54,
54,
54,
54,
54,
54,
54,
54,
54,
54,
54,
54,
54,
54,
54,
54,
54,
54,
54,
54,
54,
54,
54,
54,
54,
54,
54,
54,
54,
54,
54,
54,
54,
54,
54,
54,
54,
54,
54,
54,
54,
54,
54,
54,
54,
54,
54,
54,
54,
54,
54,
54,
54,
54,
54,
54,
54,
54,
54,
54,
54,
54,
54,
54,
54,
54,
54,
54,
54,
54,
54,
54,
54,
54,
54,
54,
54,
54,
54,
54,
54,
54,
54,
54,
54,
54,
54,
54,
54,
54,
54,
54,
54,
54,
54,
54,
54,
54,
54,
54,
54,
54,
54,
54,
54,
54,
54,
54,
54,
54,
54,
54,
54,
54,
54,
54,
54,
54,
54,
54,
54,
54,
54,
54,
54,
54,
54,
54,
54,
54,
54,
54,
54,
54,
54,
54,
54,
54,
54,
54,
54,
54,
54,
54,
54,
54,
54,
54,
54,
54,
54,
54,
54,
54,
54,
54,
54,
54,
54,
54,
54,
54,
54,
54,
54,
54,
54,
54,
54,
54,
54,
54,
54,
54,
54,
54,
54,
54,
54,
54,
54,
54,
54,
54,
54,
54,
54,
54,
54,
54,
54,
54,
54,
54,
54,
54,
54,
54,
54,
54,
54,
54,
54,
54,
54,
54,
54,
54,
54,
54,
54,
54,
54,
54,
54,
54,
54,
54,
54,
54,
54,
54,
54,
54,
54,
54,
54,
54,
54,
54,
54,
54,
54,
54,
54,
54,
54,
54,
54,
54,
54,
54,
54,
54,
54,
54,
54,
54,
54,
54,
54,
54,
54,
54,
54,
54,
54,
54,
54,
54,
54,
54,
54,
54,
54,
54,
54,
54,
54,
54,
54,
54,
54,
54,
54,
54,
54,
54,
54,
54,
54,
54,
54,
54,
54,
54,
54,
54,
54,
54,
54,
54,
54,
54,
54,
54,
54,
54,
54,
54,
54,
54,
54,
54,
54,
54,
54,
54,
54,
54,
54,
54,
54,
54,
54,
54,
54,
54,
54,
54,
54,
54,
54,
54,
54,
54,
54,
54,
54,
54,
54,
54,
54,
54,
54,
54,
54,
54,
54,
54,
54,
54,
54,
54,
54,
54,
54,
54,
54,
54,
54,
54,
54,
54,
54,
54,
54,
54,
54,
54,
54,
54,
54,
54,
54,
54,
54,
54,
54,
54,
54,
54,
54,
54,
54,
54,
54,
54,
54,
54,
54,
54,
54,
54,
54,
54,
54,
54,
54,
54,
54,
54,
54,
54,
54,
54,
54,
54,
54,
54,
54,
54,
54,
54,
54,
54,
54,
54,
54,
54,
54,
54,
54,
54,
54,
54,
54,
54,
54,
54,
54,
54,
54,
54,
54,
54,
54,
54,
54,
54,
54,
54,
54,
54,
54,
54,
54,
54,
54,
54,
54,
54,
54,
54,
54,
54,
54,
54,
54,
54,
54,
54,
54,
54,
54,
54,
54,
54,
54,
54,
54,
54,
54,
54,
54,
54,
54,
54,
54,
54,
54,
54,
54,
54,
54,
54,
54,
54,
54,
54,
54,
54,
54,
54,
54,
54,
54,
54,
54,
54,
54,
54,
54,
54,
54,
54,
54,
54,
54,
54,
54,
54,
54,
54,
54,
54,
54,
54,
54,
54,
54,
54,
54,
54,
54,
54,
54,
54,
54,
54,
54,
54,
54,
54,
54,
54,
54,
54,
54,
54,
54,
54,
54,
54,
54,
54,
54,
54,
54,
54,
54,
54,
54,
54,
54,
54,
54,
54,
54,
54,
54,
54,
54,
54,
54,
54,
54,
54,
54,
54,
54,
54,
54,
54,
54,
54,
54,
54,
54,
54,
54,
54,
54,
54,
54,
54,
54,
54,
54,
54,
54,
54,
54,
54,
54,
54,
54,
54,
54,
54,
54,
54,
54,
54,
54,
54,
54,
54,
54,
54,
54,
54,
54,
54,
54,
54,
54,
54,
54,
54,
54,
54,
54,
54,
54,
54,
54,
54,
54,
54,
54,
54,
54,
54,
54,
54,
54,
54,
54,
54,
54,
54,
54,
54,
54,
54,
54,
54,
54,
54,
54,
54,
54,
54,
54,
54,
54,
54,
54,
54,
54,
54,
54,
54,
54,
54,
54,
54,
54,
54,
54,
54,
54,
54,
54,
54,
54,
54,
54,
54,
54,
54,
54,
54,
54,
54,
54,
54,
54,
54,
54,
54,
54,
54,
54,
54,
54,
54,
54,
54,
54,
54,
54,
54,
54,
54,
54,
54,
54,
54,
54,
54,
54,
54,
54,
54,
54,
54,
54,
54,
54,
54,
54,
54,
54,
54,
54,
54,
54,
54,
54,
54,
54,
54,
54,
54,
54,
54,
54,
54,
54,
54,
54,
54,
54,
54,
54,
54,
54,
54,
54,
54,
54,
54,
54,
54,
54,
54,
54,
54,
54,
54,
54,
54,
54,
54,
54,
54,
54,
54,
54,
54,
54,
54,
54,
54,
54,
54,
54,
54,
54,
54,
54,
54,
54,
54,
54,
54,
54,
54,
54,
54,
54,
54,
54,
54,
54,
54,
54,
54,
54,
54,
54,
54,
54,
54,
54,
54,
54,
54,
54,
54,
54,
54,
54,
54,
54,
54,
54,
54,
54,
54,
54,
54,
54,
54,
54,
54,
54,
54,
54,
54,
54,
54,
54,
54,
54,
54,
54,
54,
54,
54,
54,
54,
54,
54,
54,
54,
54,
54,
54,
54,
54,
54,
54,
54,
54,
54,
54,
54,
54,
54,
54,
54,
54,
54,
54,
54,
54,
54,
54,
54,
54,
54,
54,
54,
54,
54,
54,
54,
54,
54,
54,
54,
54,
54,
54,
54,
54,
54,
54,
54,
54,
54,
54,
54,
54,
54,
54,
54,
54,
54,
54,
54,
54,
54,
54,
54,
54,
54,
54,
54,
54,
54,
54,
54,
54,
54,
54,
54,
54,
54,
54,
54,
54,
54,
54,
54,
54,
54,
54,
54,
54,
54,
54,
54,
54,
54,
54,
54,
54,
54,
54,
54,
54,
54,
54,
54,
54,
54,
54,
54,
54,
54,
54,
54,
54,
54,
54,
54,
54,
54,
54,
54,
54,
54,
54,
54,
54,
54,
54,
54,
54,
54,
54,
54,
54,
54,
54,
54,
54,
54,
54,
54,
54,
54,
54,
54,
54,
54,
54,
54,
54,
54,
54,
54,
54,
54,
54,
54,
54,
54,
54,
54,
54,
54,
54,
54,
54,
54,
54,
54,
54,
54,
54,
54,
54,
54,
54,
54,
54,
54,
54,
54,
54,
54,
54,
54,
54,
54,
54,
54,
54,
54,
54,
54,
54,
54,
54,
54,
54,
54,
54,
54,
54,
54,
54,
54,
54,
54,
54,
54,
54,
54,
54,
54,
54,
54,
54,
54,
54,
54,
54,
54,
54,
54,
54,
54,
54,
54,
54,
54,
54,
54,
54,
54,
54,
54,
54,
54,
54,
54,
54,
54,
54,
54,
54,
54,
54,
54,
54,
54,
54,
54,
54,
54,
54,
54,
54,
54,
54,
54,
54,
54,
54,
54,
54,
54,
54,
54,
54,
54,
54,
54,
54,
54,
54,
54,
54,
54,
54,
54,
54,
54,
54,
54,
54,
54,
54,
54,
54,
54,
54,
54,
54,
54,
54,
54,
54,
54,
54,
54,
54,
54,
54,
54,
54,
54,
54,
54,
54,
54,
54,
54,
54,
54,
54,
54,
54,
54,
54,
54,
54,
54,
54,
54,
54,
54,
54,
54,
54,
54,
54,
54,
54,
54,
54,
54,
54,
54,
54,
54,
54,
54,
54,
54,
54,
54,
54,
54,
54,
54,
54,
54,
54,
54,
54,
54,
54,
54,
54,
54,
54,
54,
54,
54,
54,
54,
54,
54,
54,
54,
54,
54,
54,
54,
54,
54,
54,
54,
54,
54,
54,
54,
54,
54,
54,
54,
54,
54,
54,
54,
54,
54,
54,
54,
54,
54,
54,
54,
54,
54,
54,
54,
54,
54,
54,
54,
54,
54,
54,
54,
54,
54,
54,
54,
54,
54,
54,
54,
54,
54,
54,
54,
54,
54,
54,
54,
54,
54,
54,
54,
54,
54,
54,
54,
54,
54,
54,
54,
54,
54,
54,
54,
54,
54,
54,
54,
54,
54,
54,
54,
54,
54,
54,
54,
54,
54,
54,
54,
54,
54,
54,
54,
54,
54,
54,
54,
54,
54,
54,
54,
54,
54,
54,
54,
54,
54,
54,
54,
54,
54,
54,
54,
54,
54,
54,
54,
54,
54,
54,
54,
54,
54,
54,
54,
54,
54,
54,
54,
54,
54,
54,
54,
54,
54,
54,
54,
54,
54,
54,
54,
54,
54,
54,
54,
54,
54,
54,
54,
54,
54,
54,
54,
54,
54,
54,
54,
54,
54,
54,
54,
54,
54,
54,
54,
54,
54,
54,
54,
54,
54,
54,
54,
54,
54,
54,
54,
54,
54,
54,
54,
54,
54,
54,
54,
54,
54,
54,
54,
54,
54,
54,
54,
54,
54,
54,
54,
54,
54,
54,
54,
54,
54,
54,
54,
54,
54,
54,
54,
54,
54,
54,
54,
54,
54,
54,
54,
54,
54,
54,
54,
54,
54,
54,
54,
54,
54,
54,
54,
54,
54,
54,
54,
54,
54,
54,
54,
54,
54,
54,
54,
54,
54,
54,
54,
54,
54,
54,
54,
54,
54,
54,
54,
54,
54,
54,
54,
54,
54,
54,
54,
54,
54,
54,
54,
54,
54,
54,
54,
54,
54,
54,
54,
54,
54,
54,
54,
54,
54,
54,
54,
54,
54,
54,
54,
54,
54,
54,
54,
54,
54,
54,
54,
54,
54,
54,
54,
54,
54,
54,
54,
54,
54,
54,
54,
54,
54,
54,
54,
54,
54,
54,
54,
54,
54,
54,
54,
54,
54,
54,
54,
54,
54,
54,
54,
54,
54,
54,
54,
54,
54,
54,
54,
54,
54,
54,
54,
54,
54,
54,
54,
54,
54,
54,
54,
54,
54,
54,
54,
54,
54,
54,
54,
54,
54,
54,
54,
54,
54,
54,
54,
54,
54,
54,
54,
54,
54,
54,
54,
54,
54,
54,
54,
54,
54,
54,
54,
54,
54,
54,
54,
54,
54,
54,
54,
54,
54,
54,
54,
54,
54,
54,
54,
54,
54,
54,
54,
54,
54,
54,
54,
54,
54,
54,
54,
54,
54,
54,
54,
54,
54,
54,
54,
54,
54,
54,
54,
54,
54,
54,
54,
54,
54,
54,
54,
54,
54,
54,
54,
54,
54,
54,
54,
54,
54,
54,
54,
54,
54,
54,
54,
54,
54,
54,
54,
54,
54,
54,
54,
54,
54,
54,
54,
54,
54,
54,
54,
54,
54,
54,
54,
54,
54,
54,
54,
54,
54,
54,
54,
54,
54,
54,
54,
54,
54,
54,
54,
54,
54,
54,
54,
54,
54,
54,
54,
54,
54,
54,
54,
54,
54,
54,
54,
54,
54,
54,
54,
54,
54,
54,
54,
54,
54,
54,
54,
54,
54,
54,
54,
54,
54,
54,
54,
54,
54,
54,
54,
54,
54,
54,
54,
54,
54,
54,
54,
54,
54,
54,
54,
54,
54,
54,
54,
54,
54,
54,
54,
54,
54,
54,
54,
54,
54,
54,
54,
54,
54,
54,
54,
54,
54,
54,
54,
54,
54,
54,
54,
54,
54,
54,
54,
54,
54,
54,
54,
54,
54,
54,
54,
54,
54,
54,
54,
54,
54,
54,
54,
54,
54,
54,
54,
54,
54,
54,
54,
54,
54,
54,
54,
54,
54,
54,
54,
54,
54,
54,
54,
54,
54,
54,
54,
54,
54,
54,
54,
54,
54,
54,
54,
54,
54,
54,
54,
54,
54,
54,
54,
54,
54,
54,
54,
54,
54,
54,
54,
54,
54,
54,
54,
54,
54,
54,
54,
54,
54,
54,
54,
54,
54,
54,
54,
54,
54,
54,
54,
54,
54,
54,
54,
54,
54,
54,
54,
54,
54,
54,
54,
54,
54,
54,
54,
54,
54,
54,
54,
54,
54,
54,
54,
54,
54,
54,
54,
54,
54,
54,
54,
54,
54,
54,
54,
54,
54,
54,
54,
54,
54,
54,
54,
54,
54,
54,
54,
54,
54,
54,
54,
54,
54,
54,
54,
54,
54,
54,
54,
54,
54,
54,
54,
54,
54,
54,
54,
54,
54,
54,
54,
54,
54,
54,
54,
54,
54,
54,
54,
54,
54,
54,
54,
54,
54,
54,
54,
54,
54,
54,
54,
54,
54,
54,
54,
54,
54,
54,
54,
54,
54,
54,
54,
54,
54,
54,
54,
54,
54,
54,
54,
54,
54,
54,
54,
54,
54,
54,
54,
54,
54,
54,
54,
54,
54,
54,
54,
54,
54,
54,
54,
54,
54,
54,
54,
54,
54,
54,
54,
54,
54,
54,
54,
54,
54,
54,
54,
54,
54,
54,
54,
54,
54,
54,
54,
54,
54,
54,
54,
54,
54,
54,
54,
54,
54,
54,
54,
54,
54,
54,
54,
54,
54,
54,
54,
54,
54,
54,
54,
54,
54,
54,
54,
54,
54,
54,
54,
54,
54,
54,
54,
54,
54,
54,
54,
54,
54,
54,
54,
54,
54,
54,
54,
54,
54,
54,
54,
54,
54,
54,
54,
54,
54,
54,
54,
54,
54,
54,
54,
54,
54,
54,
54,
54,
54,
54,
54,
54,
54,
54,
54,
54,
54,
54,
54,
54,
54,
54,
54,
54,
54,
54,
54,
54,
54,
54,
54,
54,
54,
54,
54,
54,
54,
54,
54,
54,
54,
54,
54,
54,
54,
54,
54,
54,
54,
54,
54,
54,
54,
54,
54,
54,
54,
54,
54,
54,
54,
54,
54,
54,
54,
54,
54,
54,
54,
54,
54,
54,
54,
54,
54,
54,
54,
54,
54,
54,
54,
54,
54,
54,
54,
54,
54,
54,
54,
54,
54,
54,
54,
54,
54,
54,
54,
54,
54,
54,
54,
54,
54,
54,
54,
54,
54,
54,
54,
54,
54,
54,
54,
54,
54,
54,
54,
54,
54,
54,
54,
54,
54,
54,
54,
54,
54,
54,
54,
54,
54,
54,
54,
54,
54,
54,
54,
54,
54,
54,
54,
54,
54,
54,
54,
54,
54,
54,
54,
54,
54,
54,
54,
54,
54,
54,
54,
54,
54,
54,
54,
54,
54,
54,
54,
54,
54,
54,
54,
54,
54,
54,
54,
54,
54,
54,
54,
54,
54,
54,
54,
54,
54,
54,
54,
54,
54,
54,
54,
54,
54,
54,
54,
54,
54,
54,
54,
54,
54,
54,
54,
54,
54,
54,
54,
54,
54,
54,
54,
54,
54,
54,
54,
54,
54,
54,
54,
54,
54,
54,
54,
54,
54,
54,
54,
54,
54,
54,
54,
54,
54,
54,
54,
54,
54,
54,
54,
54,
54,
54,
54,
54,
54,
54,
54,
54,
54,
54,
54,
54,
54,
54,
54,
54,
54,
54,
54,
54,
54,
54,
54,
54,
54,
54,
54,
54,
54,
54,
54,
54,
54,
54,
54,
54,
54,
54,
54,
54,
54,
54,
54,
54,
54,
54,
54,
54,
54,
54,
54,
54,
54,
54,
54,
54,
54,
54,
54,
54,
54,
54,
54,
54,
54,
54,
54,
54,
54,
54,
54,
54,
54,
54,
54,
54,
54,
54,
54,
54,
54,
54,
54,
54,
54,
54,
54,
54,
54,
54,
54,
54,
54,
54,
54,
54,
54,
54,
54,
54,
54,
54,
54,
54,
54,
54,
54,
54,
54,
54,
54,
54,
54,
54,
54,
54,
54,
54,
54,
54,
54,
54,
54,
54,
54,
54,
54,
54,
54,
54,
54,
54,
54,
54,
54,
54,
54,
54,
54,
54,
54,
54,
54,
54,
54,
54,
54,
54,
54,
54,
54,
54,
54,
54,
54,
54,
54,
54,
54,
54,
54,
54,
54,
54,
54,
54,
54,
54,
54,
54,
54,
54,
54,
54,
54,
54,
54,
54,
54,
54,
54,
54,
54,
54,
54,
54,
54,
54,
54,
54,
54,
54,
54,
54,
54,
54,
54,
54,
54,
54,
54,
54,
54,
54,
54,
54,
54,
54,
54,
54,
54,
54,
54,
54,
54,
54,
54,
54,
54,
54,
54,
54,
54,
54,
54,
54,
54,
54,
54,
54,
54,
54,
54,
54,
54,
54,
54,
54,
54,
54,
54,
54,
54,
54,
54,
54,
54,
54,
54,
54,
54,
54,
54,
54,
54,
54,
54,
54,
54,
54,
54,
54,
54,
54,
54,
54,
54,
54,
54,
54,
54,
54,
54,
54,
54,
54,
54,
54,
54,
54,
54,
54,
54,
54,
54,
54,
54,
54,
54,
54,
54,
54,
54,
54,
54,
54,
54,
54,
54,
54,
54,
54,
54,
54,
54,
54,
54,
54,
54,
54,
54,
54,
54,
54,
54,
54,
54,
54,
54,
54,
54,
54,
54,
54,
54,
54,
54,
54,
54,
54,
54,
54,
54,
54,
54,
54,
54,
54,
54,
54,
54,
54,
54,
54,
54,
54,
54,
54,
54,
54,
54,
54,
54,
54,
54,
54,
54,
54,
54,
54,
54,
54,
54,
54,
54,
54,
54,
54,
54,
54,
54,
54,
54,
54,
54,
54,
54,
54,
54,
54,
54,
54,
54,
54,
54,
54,
54,
54,
54,
54,
54,
54,
54,
54,
54,
54,
54,
54,
54,
54,
54,
54,
54,
54,
54,
54,
54,
54,
54,
54,
54,
54,
54,
54,
54,
54,
54,
54,
54,
54,
54,
54,
54,
54,
54,
54,
54,
54,
54,
54,
54,
54,
54,
54,
54,
54,
54,
54,
54,
54,
54,
54,
54,
54,
54,
54,
54,
54,
54,
54,
54,
54,
54,
54,
54,
54,
54,
54,
54,
54,
54,
54,
54,
54,
54,
54,
54,
54,
54,
54,
54,
54,
54,
54,
54,
54,
54,
54,
54,
54,
54,
54,
54,
54,
54,
54,
54,
54,
54,
54,
54,
54,
54,
54,
54,
54,
54,
54,
54,
54,
54,
54,
54,
54,
54,
54,
54,
54,
54,
54,
54,
54,
54,
54,
54,
54,
54,
54,
54,
54,
54,
54,
54,
54,
54,
54,
54,
54,
54,
54,
54,
54,
54,
54,
54,
54,
54,
54,
54,
54,
54,
54,
54,
54,
54,
54,
54,
54,
54,
54,
54,
54,
54,
54,
54,
54,
54,
54,
54,
