63.63.243.3,
53.182.10.45,
5.201.125.69,
10.10.0.8,
3.10.11.178,
10.10.0.3,
10.20.0.15,
151.251.121.88,
10.10.0.5,
10.10.0.1,
129.38.10.131,
10.50.0.35,
10.50.0.35,
10.50.0.35,
201.142.243.191,
34.22.80.142,
10.20.0.13,
194.108.31.242,
199.235.18.189,
108.106.241.170,
156.84.208.40,
111.28.1.107,
10.20.0.16,
10.20.0.16,
10.10.0.4,
239.59.27.196,
164.234.34.50,
53.247.228.143,
4.72.243.211,
132.86.83.99,
105.94.96.197,
10.20.0.15,
10.10.0.6,
10.10.0.6,
72.233.100.115,
10.10.0.5,
10.10.0.1,
10.10.0.1,
10.60.0.44,
10.60.0.44,
134.229.11.116,
28.110.200.22,
208.55.121.49,
10.20.0.13,
10.20.0.13,
10.20.0.11,
249.111.44.252,
45.100.94.31,
11.20.140.250,
56.46.144.230,
57.137.153.8,
10.20.0.9,
10.20.0.16,
10.10.0.2,
10.10.0.4,
245.118.42.23,
217.148.13.206,
25.173.201.13,
47.171.139.215,
87.15.227.136,
100.152.52.121,
10.10.0.3,
10.10.0.3,
10.10.0.6,
10.10.0.6,
10.10.0.6,
10.10.0.6,
154.136.46.223,
10.10.0.5,
10.20.0.12,
10.10.0.7,
161.124.146.144,
10.50.0.35,
10.50.0.35,
153.124.49.138,
10.60.0.46,
219.255.65.184,
10.20.0.13,
10.20.0.13,
10.20.0.11,
177.120.146.188,
132.217.126.221,
125.86.33.14,
171.21.127.35,
162.157.143.227,
10.20.0.16,
10.20.0.16,
10.10.0.4,
97.55.59.14,
113.127.200.136,
8.227.107.166,
96.7.146.159,
167.134.239.92,
228.251.10.216,
10.10.0.8,
10.10.0.8,
10.10.0.8,
10.10.0.3,
10.10.0.3,
14.167.165.253,
10.10.0.6,
10.10.0.6,
109.158.140.17,
10.20.0.12,
10.10.0.5,
10.10.0.5,
10.10.0.1,
242.57.14.67,
125.245.19.13,
233.1.48.5,
10.20.0.13,
206.195.93.29,
149.199.196.127,
118.128.72.119,
159.197.102.207,
229.25.175.42,
10.20.0.9,
10.10.0.2,
10.10.0.2,
10.10.0.2,
10.20.0.14,
187.158.224.130,
29.130.168.89,
152.247.239.139,
149.214.180.96,
133.238.251.137,
10.10.0.8,
10.10.0.8,
251.135.237.247,
10.10.0.3,
242.223.226.247,
10.10.0.1,
10.60.0.44,
203.112.102.5,
10.50.0.35,
220.248.82.8,
6.209.230.163,
10.20.0.13,
10.20.0.13,
10.20.0.11,
10.20.0.11,
239.174.117.150,
160.107.34.42,
210.39.3.191,
9.242.61.240,
176.65.85.229,
92.13.133.3,
38.33.50.119,
163.6.229.81,
166.43.208.82,
96.242.48.223,
244.200.117.148,
70.9.71.44,
152.181.239.6,
227.13.15.63,
215.198.13.1,
101.198.85.138,
249.245.158.26,
45.202.7.218,
20.109.184.254,
72.177.219.119,
102.99.194.49,
57.211.200.78,
19.48.160.172,
162.242.108.239,
180.92.53.166,
48.168.91.222,
133.101.197.51,
41.207.101.68,
114.217.235.81,
116.111.189.75,
48.146.128.163,
173.216.237.47,
106.54.39.65,
25.90.2.102,
162.149.231.144,
30.5.41.140,
63.152.189.206,
85.17.29.231,
129.140.15.179,
46.136.120.248,
154.106.26.153,
176.141.162.183,
221.93.81.10,
240.186.87.61,
188.114.160.238,
47.166.129.23,
22.116.208.123,
54.13.201.255,
101.97.85.164,
86.65.106.127,
153.220.64.138,
100.177.12.185,
189.246.20.209,
104.199.96.125,
56.59.247.36,
170.112.159.173,
13.223.204.104,
234.25.217.115,
171.12.138.109,
179.38.31.206,
9.104.16.190,
253.103.28.83,
126.175.52.119,
157.32.177.116,
48.101.218.250,
85.43.56.251,
38.57.193.174,
188.64.28.67,
180.151.115.174,
242.243.121.170,
123.118.49.128,
122.218.180.215,
158.93.241.165,
108.225.25.155,
226.49.54.4,
100.36.35.111,
243.139.133.243,
44.236.235.149,
184.33.17.190,
253.245.206.154,
184.21.197.165,
241.55.253.23,
118.12.110.201,
