10.58.0.6,
10.58.0.6,
10.58.0.6,
10.58.0.6,
10.58.0.6,
10.58.0.6,
10.58.0.6,
10.58.0.6,
10.58.0.6,
10.58.0.6,
10.58.0.6,
10.58.0.6,
10.58.0.6,
10.58.0.6,
10.58.0.6,
10.58.0.6,
10.58.0.6,
10.58.0.6,
10.58.0.6,
10.58.0.6,
10.58.0.6,
10.58.0.6,
10.58.0.6,
10.58.0.6,
10.58.0.6,
10.58.0.6,
10.58.0.6,
10.58.0.6,
10.58.0.6,
10.58.0.6,
10.58.0.6,
10.58.0.6,
10.58.0.6,
10.58.0.6,
10.58.0.6,
10.58.0.6,
10.58.0.6,
10.58.0.6,
10.58.0.6,
10.58.0.6,
10.58.0.6,
10.58.0.6,
10.58.0.6,
10.58.0.6,
10.58.0.6,
10.58.0.6,
10.58.0.6,
10.58.0.7,
10.58.0.6,
10.58.0.6,
10.58.0.6,
10.58.0.6,
10.58.0.6,
10.58.0.6,
10.58.0.6,
10.58.0.6,
10.58.0.6,
10.58.0.6,
10.58.0.6,
10.58.0.6,
10.58.0.6,
10.58.0.6,
10.58.0.6,
10.58.0.6,
10.58.0.6,
10.58.0.6,
10.58.0.6,
10.58.0.6,
10.58.0.6,
10.58.0.6,
10.58.0.6,
10.58.0.6,
10.58.0.6,
10.58.0.6,
10.58.0.6,
10.58.0.6,
10.58.0.6,
10.58.0.6,
10.58.0.6,
10.58.0.6,
10.58.0.6,
10.58.0.6,
10.58.0.6,
10.58.0.6,
10.58.0.6,
10.58.0.6,
10.58.0.6,
10.58.0.6,
10.58.0.6,
10.58.0.6,
10.58.0.6,
10.58.0.6,
10.58.0.6,
10.58.0.6,
10.58.0.6,
10.58.0.6,
10.58.0.6,
10.58.0.6,
10.58.0.6,
10.58.0.6,
10.58.0.6,
10.58.0.6,
10.58.0.6,
10.58.0.6,
10.58.0.6,
10.58.0.6,
10.58.0.6,
10.58.0.6,
10.58.0.6,
10.58.0.6,
10.58.0.6,
10.58.0.6,
10.58.0.6,
10.58.0.6,
10.58.0.6,
10.58.0.6,
10.58.0.6,
10.58.0.6,
10.58.0.6,
10.58.0.6,
10.58.0.6,
10.58.0.6,
10.58.0.6,
10.58.0.6,
10.58.0.6,
10.58.0.6,
10.58.0.6,
10.58.0.6,
10.58.0.6,
10.58.0.6,
10.58.0.6,
10.58.0.6,
10.58.0.6,
10.58.0.6,
10.58.0.6,
10.58.0.6,
10.58.0.6,
10.58.0.6,
10.58.0.6,
10.58.0.6,
10.58.0.6,
10.58.0.6,
10.58.0.6,
10.58.0.6,
10.58.0.6,
10.58.0.6,
10.58.0.6,
10.58.0.6,
10.58.0.6,
10.58.0.6,
10.58.0.6,
10.58.0.6,
10.58.0.6,
10.58.0.6,
10.58.0.6,
10.58.0.6,
10.58.0.6,
10.58.0.6,
10.58.0.6,
10.58.0.6,
10.58.0.6,
10.58.0.6,
10.58.0.6,
10.58.0.6,
10.58.0.6,
10.58.0.6,
10.58.0.6,
10.58.0.6,
10.58.0.6,
10.58.0.6,
10.58.0.6,
10.58.0.6,
10.58.0.6,
10.58.0.6,
10.58.0.6,
10.58.0.6,
10.58.0.6,
10.58.0.6,
10.58.0.6,
10.58.0.6,
10.58.0.6,
10.58.0.6,
10.58.0.6,
10.58.0.6,
10.58.0.6,
10.58.0.6,
10.58.0.6,
10.58.0.6,
10.58.0.6,
10.58.0.6,
10.58.0.6,
10.58.0.6,
10.58.0.6,
10.58.0.6,
10.58.0.6,
10.58.0.6,
10.58.0.6,
10.58.0.6,
10.58.0.6,
10.58.0.6,
10.58.0.6,
10.58.0.6,
10.58.0.6,
10.58.0.6,
10.58.0.6,
10.58.0.6,
10.58.0.6,
10.58.0.6,
10.58.0.6,
10.58.0.6,
10.58.0.6,
10.58.0.6,
10.58.0.6,
10.58.0.6,
10.58.0.6,
10.58.0.6,
10.58.0.6,
10.58.0.6,
10.58.0.6,
10.58.0.6,
10.58.0.6,
10.58.0.6,
10.58.0.6,
10.58.0.6,
10.58.0.6,
10.58.0.6,
10.58.0.6,
10.58.0.6,
10.58.0.6,
10.58.0.6,
10.58.0.6,
10.58.0.6,
10.58.0.6,
10.58.0.6,
10.58.0.6,
10.58.0.6,
10.58.0.6,
10.58.0.6,
10.58.0.6,
10.58.0.6,
10.58.0.6,
10.58.0.6,
10.58.0.6,
10.58.0.6,
10.58.0.6,
10.58.0.6,
10.58.0.6,
10.58.0.6,
10.58.0.6,
10.58.0.6,
10.58.0.6,
10.58.0.6,
10.58.0.6,
10.58.0.6,
10.58.0.6,
10.58.0.6,
10.58.0.6,
10.58.0.6,
10.58.0.6,
10.58.0.6,
10.58.0.6,
10.58.0.6,
10.58.0.6,
10.58.0.6,
10.58.0.6,
10.58.0.6,
10.58.0.6,
10.58.0.6,
10.58.0.6,
10.58.0.6,
10.58.0.6,
10.58.0.6,
10.58.0.6,
10.58.0.6,
10.58.0.6,
10.58.0.6,
10.58.0.6,
10.58.0.6,
10.58.0.6,
10.58.0.6,
10.58.0.6,
10.58.0.6,
10.58.0.6,
10.58.0.6,
10.58.0.6,
10.58.0.6,
10.58.0.6,
10.58.0.7,
10.58.0.6,
10.58.0.6,
10.58.0.6,
10.58.0.6,
10.58.0.6,
10.58.0.6,
10.58.0.6,
10.58.0.6,
10.58.0.6,
10.58.0.6,
10.58.0.6,
10.58.0.6,
10.58.0.6,
10.58.0.6,
10.58.0.6,
10.58.0.6,
10.58.0.6,
10.58.0.6,
10.58.0.6,
10.58.0.6,
10.58.0.6,
10.58.0.6,
10.58.0.6,
10.58.0.6,
10.58.0.6,
10.58.0.6,
10.58.0.7,
10.58.0.6,
10.58.0.6,
10.58.0.6,
10.58.0.6,
10.58.0.6,
10.58.0.6,
10.58.0.6,
10.58.0.6,
10.58.0.6,
10.58.0.6,
10.58.0.6,
10.58.0.6,
10.58.0.6,
10.58.0.6,
10.58.0.6,
10.58.0.6,
10.58.0.6,
10.58.0.6,
10.58.0.6,
10.58.0.6,
10.58.0.6,
10.58.0.6,
10.58.0.6,
10.58.0.6,
10.58.0.6,
10.58.0.6,
10.58.0.6,
10.58.0.6,
10.58.0.6,
10.58.0.6,
10.58.0.6,
10.58.0.6,
10.58.0.6,
10.58.0.6,
10.58.0.6,
10.58.0.6,
10.58.0.6,
10.58.0.6,
10.58.0.6,
10.58.0.6,
10.58.0.6,
10.58.0.6,
10.58.0.6,
10.58.0.6,
10.58.0.6,
10.58.0.6,
10.58.0.6,
10.58.0.6,
10.58.0.6,
10.58.0.6,
10.58.0.6,
10.58.0.6,
10.58.0.6,
10.58.0.6,
10.58.0.6,
10.58.0.6,
10.58.0.6,
10.58.0.6,
10.58.0.6,
10.58.0.6,
10.58.0.6,
10.58.0.6,
10.58.0.6,
10.58.0.6,
10.58.0.6,
10.58.0.6,
10.58.0.6,
10.58.0.6,
10.58.0.6,
10.58.0.6,
10.58.0.6,
10.58.0.6,
10.58.0.6,
10.58.0.6,
10.58.0.6,
10.58.0.6,
10.58.0.6,
10.58.0.6,
10.58.0.6,
10.58.0.6,
10.58.0.6,
10.58.0.6,
10.58.0.6,
10.58.0.6,
10.58.0.6,
10.58.0.6,
10.58.0.6,
10.58.0.6,
10.58.0.6,
10.58.0.6,
10.58.0.6,
10.58.0.6,
10.58.0.6,
10.58.0.6,
10.58.0.6,
10.58.0.6,
10.58.0.6,
10.58.0.6,
10.58.0.6,
10.58.0.6,
10.58.0.6,
10.58.0.6,
10.58.0.6,
10.58.0.6,
10.58.0.6,
10.58.0.6,
10.58.0.6,
10.58.0.6,
10.58.0.6,
10.58.0.6,
10.58.0.6,
10.58.0.6,
10.58.0.6,
10.58.0.6,
10.58.0.6,
10.58.0.6,
10.58.0.6,
10.58.0.6,
10.58.0.6,
10.58.0.6,
10.58.0.6,
10.58.0.6,
10.58.0.6,
10.58.0.6,
10.58.0.6,
10.58.0.6,
10.58.0.6,
10.58.0.6,
10.58.0.6,
10.58.0.6,
10.58.0.6,
10.58.0.6,
10.58.0.6,
10.58.0.6,
10.58.0.6,
10.58.0.6,
10.58.0.7,
10.58.0.6,
10.58.0.6,
10.58.0.6,
10.58.0.6,
10.58.0.6,
10.58.0.6,
10.58.0.6,
10.58.0.6,
10.58.0.6,
10.58.0.6,
10.58.0.6,
10.58.0.6,
10.58.0.6,
10.58.0.6,
10.58.0.6,
10.58.0.6,
10.58.0.6,
10.58.0.6,
10.58.0.6,
10.58.0.6,
10.58.0.6,
10.58.0.6,
10.58.0.6,
10.58.0.6,
10.58.0.6,
10.58.0.6,
10.58.0.6,
10.58.0.6,
10.58.0.6,
10.58.0.6,
10.58.0.6,
10.58.0.6,
10.58.0.6,
10.58.0.6,
10.58.0.6,
10.58.0.6,
10.58.0.6,
10.58.0.6,
10.58.0.6,
10.58.0.6,
10.58.0.6,
10.58.0.6,
10.58.0.6,
10.58.0.6,
10.58.0.6,
10.58.0.6,
10.58.0.6,
10.58.0.6,
10.58.0.6,
10.58.0.6,
10.58.0.6,
10.58.0.6,
10.58.0.6,
10.58.0.6,
10.58.0.6,
10.58.0.6,
10.58.0.6,
10.58.0.6,
10.58.0.6,
10.58.0.6,
10.58.0.6,
10.58.0.6,
10.58.0.6,
10.58.0.6,
10.58.0.6,
10.58.0.6,
10.58.0.6,
10.58.0.6,
10.58.0.6,
10.58.0.6,
10.58.0.6,
10.58.0.6,
10.58.0.6,
10.58.0.6,
10.58.0.6,
10.58.0.6,
10.58.0.6,
10.58.0.6,
10.58.0.6,
10.58.0.6,
10.58.0.6,
10.58.0.6,
10.58.0.6,
10.58.0.6,
10.58.0.6,
10.58.0.6,
10.58.0.6,
10.58.0.6,
10.58.0.6,
10.58.0.6,
10.58.0.6,
10.58.0.6,
10.58.0.6,
10.58.0.6,
10.58.0.6,
10.58.0.6,
10.58.0.6,
10.58.0.6,
10.58.0.6,
10.58.0.6,
10.58.0.6,
10.58.0.6,
10.58.0.6,
10.58.0.6,
10.58.0.6,
10.58.0.6,
10.58.0.6,
10.58.0.6,
10.58.0.6,
10.58.0.6,
10.58.0.6,
10.58.0.6,
10.58.0.7,
10.58.0.6,
10.58.0.6,
10.58.0.6,
10.58.0.6,
10.58.0.6,
10.58.0.6,
10.58.0.6,
10.58.0.6,
10.58.0.6,
10.58.0.6,
10.58.0.6,
10.58.0.6,
10.58.0.6,
10.58.0.6,
10.58.0.6,
10.58.0.6,
10.58.0.6,
10.58.0.6,
10.58.0.6,
10.58.0.6,
10.58.0.6,
10.58.0.6,
10.58.0.6,
10.58.0.6,
10.58.0.6,
10.58.0.6,
10.58.0.6,
10.58.0.6,
10.58.0.6,
10.58.0.6,
10.58.0.6,
10.58.0.6,
10.58.0.6,
10.58.0.6,
10.58.0.6,
10.58.0.6,
10.58.0.6,
10.58.0.6,
10.58.0.6,
10.58.0.6,
10.58.0.6,
10.58.0.6,
10.58.0.6,
10.58.0.6,
10.58.0.6,
10.58.0.6,
10.58.0.6,
10.58.0.6,
10.58.0.6,
10.58.0.6,
10.58.0.6,
10.58.0.6,
10.58.0.6,
10.58.0.6,
10.58.0.6,
10.58.0.6,
10.58.0.6,
10.58.0.6,
10.58.0.6,
10.58.0.6,
10.58.0.6,
10.58.0.6,
10.58.0.6,
10.58.0.6,
10.58.0.6,
10.58.0.6,
10.58.0.6,
10.58.0.6,
10.58.0.6,
10.58.0.6,
10.58.0.6,
10.58.0.6,
10.58.0.6,
10.58.0.6,
10.58.0.6,
10.58.0.6,
10.58.0.6,
10.58.0.6,
10.58.0.6,
10.58.0.6,
10.58.0.6,
10.58.0.6,
10.58.0.6,
10.58.0.6,
10.58.0.6,
10.58.0.6,
10.58.0.6,
10.58.0.6,
10.58.0.6,
10.58.0.6,
10.58.0.6,
10.58.0.6,
10.58.0.6,
10.58.0.6,
10.58.0.6,
10.58.0.6,
10.58.0.6,
10.58.0.6,
10.58.0.6,
10.58.0.6,
10.58.0.6,
10.58.0.6,
10.58.0.6,
10.58.0.6,
10.58.0.6,
10.58.0.6,
10.58.0.6,
10.58.0.7,
10.58.0.6,
10.58.0.6,
10.58.0.6,
10.58.0.6,
10.58.0.6,
10.58.0.6,
10.58.0.6,
10.58.0.6,
10.58.0.6,
10.58.0.6,
10.58.0.6,
10.58.0.6,
10.58.0.6,
10.58.0.6,
10.58.0.6,
10.58.0.6,
10.58.0.6,
10.58.0.6,
10.58.0.6,
10.58.0.6,
10.58.0.6,
10.58.0.6,
10.58.0.6,
10.58.0.6,
10.58.0.6,
10.58.0.6,
10.58.0.6,
10.58.0.6,
10.58.0.6,
10.58.0.6,
10.58.0.6,
10.58.0.6,
10.58.0.6,
10.58.0.6,
10.58.0.6,
10.58.0.6,
10.58.0.6,
10.58.0.6,
10.58.0.6,
10.58.0.6,
10.58.0.6,
10.58.0.6,
10.58.0.6,
10.58.0.6,
10.58.0.6,
10.58.0.6,
10.58.0.6,
10.58.0.6,
10.58.0.6,
10.58.0.6,
10.58.0.6,
10.58.0.6,
10.58.0.6,
10.58.0.6,
10.58.0.6,
10.58.0.6,
10.58.0.6,
10.58.0.6,
10.58.0.6,
10.58.0.6,
10.58.0.7,
10.58.0.6,
10.58.0.6,
10.58.0.7,
10.58.0.6,
10.58.0.6,
10.58.0.6,
10.58.0.6,
10.58.0.6,
10.58.0.6,
10.58.0.6,
10.58.0.6,
10.58.0.6,
10.58.0.6,
10.58.0.6,
10.58.0.6,
10.58.0.6,
10.58.0.6,
10.58.0.6,
10.58.0.6,
10.58.0.6,
10.58.0.6,
10.58.0.6,
10.58.0.6,
10.58.0.6,
10.58.0.6,
10.58.0.6,
10.58.0.6,
10.58.0.6,
10.58.0.6,
10.58.0.6,
10.58.0.6,
10.58.0.6,
10.58.0.7,
10.58.0.6,
10.58.0.6,
10.58.0.6,
10.58.0.6,
10.58.0.6,
10.58.0.6,
10.58.0.6,
10.58.0.6,
10.58.0.6,
10.58.0.6,
10.58.0.6,
10.58.0.6,
10.58.0.6,
10.58.0.6,
10.58.0.6,
10.58.0.6,
10.58.0.6,
10.58.0.6,
10.58.0.6,
10.58.0.6,
10.58.0.6,
10.58.0.6,
10.58.0.6,
10.58.0.6,
10.58.0.6,
10.58.0.6,
10.58.0.6,
10.58.0.6,
10.58.0.6,
10.58.0.6,
10.58.0.6,
10.58.0.6,
10.58.0.6,
10.58.0.6,
10.58.0.6,
10.58.0.6,
10.58.0.6,
10.58.0.6,
10.58.0.6,
10.58.0.6,
10.58.0.6,
10.58.0.6,
10.58.0.6,
10.58.0.6,
10.58.0.6,
10.58.0.6,
10.58.0.6,
10.58.0.6,
10.58.0.6,
10.58.0.6,
10.58.0.6,
10.58.0.6,
10.58.0.6,
10.58.0.6,
10.58.0.6,
10.58.0.6,
10.58.0.6,
10.58.0.6,
10.58.0.6,
10.58.0.6,
10.58.0.6,
10.58.0.7,
10.58.0.6,
10.58.0.6,
10.58.0.6,
10.58.0.6,
10.58.0.6,
10.58.0.6,
10.58.0.6,
10.58.0.6,
10.58.0.6,
10.58.0.6,
10.58.0.6,
10.58.0.6,
10.58.0.6,
10.58.0.6,
10.58.0.6,
10.58.0.6,
10.58.0.6,
10.58.0.6,
10.58.0.6,
10.58.0.6,
10.58.0.6,
10.58.0.6,
10.58.0.6,
10.58.0.6,
10.58.0.6,
10.58.0.6,
10.58.0.6,
10.58.0.6,
10.58.0.6,
10.58.0.6,
10.58.0.6,
10.58.0.6,
10.58.0.6,
10.58.0.6,
10.58.0.6,
10.58.0.7,
10.58.0.6,
10.58.0.6,
10.58.0.6,
10.58.0.6,
10.58.0.6,
10.58.0.6,
10.58.0.6,
10.58.0.6,
10.58.0.6,
10.58.0.6,
10.58.0.6,
10.58.0.6,
10.58.0.6,
10.58.0.6,
10.58.0.6,
10.58.0.6,
10.58.0.6,
10.58.0.6,
10.58.0.6,
10.58.0.6,
10.58.0.6,
10.58.0.6,
10.58.0.6,
10.58.0.6,
10.58.0.6,
10.58.0.6,
10.58.0.6,
10.58.0.6,
10.58.0.6,
10.58.0.6,
10.58.0.6,
10.58.0.6,
10.58.0.6,
10.58.0.6,
10.58.0.6,
10.58.0.6,
10.58.0.6,
10.58.0.6,
10.58.0.6,
10.58.0.6,
10.58.0.6,
10.58.0.6,
10.58.0.6,
10.58.0.6,
10.58.0.6,
10.58.0.6,
10.58.0.6,
10.58.0.6,
10.58.0.6,
10.58.0.6,
10.58.0.6,
10.58.0.6,
10.58.0.6,
10.58.0.6,
10.58.0.6,
10.58.0.6,
10.58.0.6,
10.58.0.6,
10.58.0.6,
10.58.0.6,
10.58.0.6,
10.58.0.6,
10.58.0.6,
10.58.0.6,
10.58.0.6,
10.58.0.6,
10.58.0.6,
10.58.0.6,
10.58.0.6,
10.58.0.6,
10.58.0.6,
10.58.0.6,
10.58.0.6,
10.58.0.6,
10.58.0.6,
10.58.0.6,
10.58.0.6,
10.58.0.6,
10.58.0.6,
10.58.0.6,
10.58.0.6,
10.58.0.6,
10.58.0.6,
10.58.0.6,
10.58.0.6,
10.58.0.6,
10.58.0.6,
10.58.0.6,
10.58.0.6,
10.58.0.6,
10.58.0.6,
10.58.0.6,
10.58.0.6,
10.58.0.6,
10.58.0.6,
10.58.0.6,
10.58.0.6,
10.58.0.6,
10.58.0.6,
10.58.0.6,
10.58.0.6,
10.58.0.6,
10.58.0.6,
10.58.0.6,
10.58.0.6,
10.58.0.6,
10.58.0.6,
10.58.0.6,
10.58.0.6,
10.58.0.6,
10.58.0.6,
10.58.0.6,
10.58.0.6,
10.58.0.6,
10.58.0.6,
10.58.0.6,
10.58.0.6,
10.58.0.6,
10.58.0.6,
10.58.0.6,
10.58.0.6,
10.58.0.6,
10.58.0.6,
10.58.0.6,
10.58.0.6,
10.58.0.6,
10.58.0.6,
10.58.0.6,
10.58.0.6,
10.58.0.6,
10.58.0.6,
10.58.0.6,
10.58.0.6,
10.58.0.6,
10.58.0.6,
10.58.0.6,
10.58.0.6,
10.58.0.6,
10.58.0.6,
10.58.0.6,
