191.219.108.139,
157.133.168.86,
45.119.92.9,
192.127.103.35,
5.63.100.47,
250.22.214.139,
77.77.81.61,
250.243.213.72,
213.83.245.43,
204.49.30.242,
205.71.135.146,
133.9.9.158,
132.91.150.9,
169.75.77.237,
133.93.22.12,
49.203.22.82,
41.35.88.112,
161.22.49.207,
236.233.17.177,
65.104.115.250,
5.237.99.239,
250.119.156.179,
91.206.116.203,
61.21.176.83,
9.83.245.219,
9.84.77.22,
132.12.230.50,
81.125.147.1,
127.5.88.205,
22.110.6.89,
51.29.18.168,
79.116.83.84,
243.83.131.30,
206.146.22.219,
11.45.139.169,
192.157.185.174,
22.207.1.17,
46.131.204.4,
243.132.247.17,
131.242.141.5,
79.243.251.158,
86.244.127.254,
81.192.33.221,
127.119.47.237,
45.131.119.33,
158.190.156.245,
93.177.201.81,
150.177.235.33,
17.23.125.239,
22.33.169.208,
83.230.191.94,
244.89.139.120,
123.131.34.255,
125.108.240.120,
239.18.101.199,
255.45.33.15,
213.51.43.218,
161.81.157.9,
68.176.81.6,
99.199.17.68,
250.239.32.139,
33.127.129.119,
160.1.33.51,
125.245.82.25,
121.254.123.72,
160.33.254.231,
176.103.199.192,
101.43.67.34,
161.4.243.75,
146.25.243.97,
22.245.205.61,
141.11.155.93,
139.6.208.33,
25.155.177.231,
83.159.65.141,
254.5.11.65,
140.129.108.250,
36.239.250.40,
78.206.112.49,
192.81.33.125,
195.60.118.249,
204.51.6.21,
160.223.101.113,
50.33.241.129,
249.118.160.220,
133.80.6.65,
133.65.132.96,
141.72.40.254,
175.4.203.133,
112.22.141.45,
158.110.46.171,
65.33.71.140,
213.238.84.203,
45.22.230.132,
71.188.5.161,
110.185.72.33,
115.201.81.93,
230.141.225.81,
192.110.46.71,
128.138.51.9,
11.108.208.221,
23.34.161.163,
250.191.192.1,
9.226.51.240,
169.127.6.159,
113.213.33.51,
146.231.238.9,
133.88.244.15,
4.108.84.122,
103.22.140.150,
240.75.122.213,
119.139.132.71,
198.50.163.150,
25.132.127.207,
45.135.175.139,
101.129.21.79,
192.12.93.53,
138.96.50.83,
72.205.64.189,
245.103.138.146,
5.67.123.50,
64.192.32.9,
204.96.33.5,
122.34.239.205,
189.33.188.203,
221.22.77.146,
213.178.195.157,
127.179.132.83,
160.83.33.121,
250.78.36.11,
30.33.53.233,
116.138.22.89,
77.230.133.17,
22.131.1.233,
163.33.249.104,
195.226.124.41,
179.203.22.17,
29.226.230.159,
250.189.176.82,
33.155.47.250,
34.126.219.245,
82.251.147.63,
238.25.75.163,
120.249.236.235,
161.171.206.81,
208.223.133.123,
198.67.79.72,
190.138.130.60,
160.53.141.139,
238.64.198.161,
81.245.244.155,
1.166.64.93,
233.100.49.94,
239.30.205.213,
129.161.42.185,
189.245.138.128,
195.235.130.174,
119.171.236.157,
236.169.201.118,
88.160.198.139,
130.247.92.147,
37.207.171.139,
207.139.4.8,
9.251.203.93,
233.77.7.11,
35.194.100.42,
8.195.93.226,
146.138.120.203,
93.146.245.226,
37.103.159.236,
9.108.169.18,
190.139.46.242,
185.53.243.213,
23.103.6.9,
146.213.239.1,
9.77.239.125,
161.93.245.50,
125.138.233.138,
233.255.9.146,
93.47.176.203,
166.169.1.255,
233.225.72.22,
223.120.12.155,
219.250.72.51,
236.161.93.249,
135.233.247.103,
122.17.37.222,
33.205.141.45,
160.1.23.255,
103.33.89.208,
175.166.204.185,
203.206.33.88,
169.146.122.238,
141.5.203.251,
174.86.1.116,
35.139.128.192,
239.233.49.9,
113.169.222.92,
75.175.139.155,
9.178.122.23,
100.21.10.80,
211.89.189.38,
83.115.5.5,
84.65.53.51,
88.9.247.127,
42.23.33.130,
169.158.158.93,
119.130.22.251,
219.141.230.60,
160.50.174.239,
93.233.77.239,
250.150.9.88,
65.203.175.100,
8.157.41.130,
166.4.4.33,
29.213.219.146,
4.82.5.141,
244.74.116.81,
158.75.32.80,
203.169.9.5,
235.108.236.5,
45.239.150.243,
239.160.94.83,
175.127.45.190,
79.10.74.241,
9.77.133.203,
113.138.251.230,
91.11.9.65,
168.158.213.161,
79.213.219.4,
30.192.67.49,
213.230.131.132,
36.247.139.132,
3.103.233.86,
42.50.23.109,
133.51.240.43,
129.191.233.211,
206.18.33.189,
51.127.161.135,
240.83.221.239,
81.192.92.237,
9.45.223.68,
17.127.207.43,
67.132.139.92,
161.211.138.231,
65.22.141.17,
86.160.176.37,
127.139.35.190,
115.139.241.65,
81.155.3.33,
205.77.245.50,
8.6.168.94,
50.163.157.34,
9.23.86.161,
235.223.250.82,
22.255.53.130,
253.161.22.37,
93.242.161.71,
155.32.50.1,
129.203.177.245,
25.74.254.175,
10.250.234.198,
22.161.188.249,
65.133.175.46,
34.191.133.166,
194.222.185.25,
93.42.49.174,
214.45.169.230,
33.176.61.1,
161.120.37.131,
233.220.177.61,
198.185.234.116,
112.245.74.129,
22.205.15.53,
17.161.7.53,
42.233.247.11,
104.199.22.157,
11.9.25.206,
103.64.82.91,
17.130.22.93,
150.168.96.244,
78.204.89.239,
99.113.60.51,
21.201.213.219,
11.82.119.219,
36.1.9.119,
115.139.239.83,
64.94.238.131,
161.36.75.9,
63.158.37.33,
207.132.213.205,
38.6.219.127,
253.168.226.61,
4.161.219.255,
75.245.208.49,
112.47.34.251,
171.5.35.89,
75.211.250.78,
238.78.245.8,
141.233.237.77,
113.237.86.36,
93.88.203.245,
119.15.141.132,
123.204.213.125,
86.226.241.185,
231.131.250.25,
201.250.1.171,
234.128.141.4,
195.195.139.53,
240.100.179.36,
195.49.103.45,
113.119.49.96,
81.177.40.247,
74.179.178.247,
51.131.245.199,
219.249.104.235,
68.60.25.23,
11.251.161.4,
65.190.121.47,
81.21.5.94,
168.185.204.139,
9.138.116.185,
132.169.5.119,
201.127.93.45,
179.29.205.6,
121.49.77.239,
33.17.103.11,
129.3.139.104,
219.88.169.254,
205.50.21.27,
206.67.177.120,
92.64.38.133,
92.177.94.22,
53.123.38.77,
161.72.17.223,
159.218.112.45,
254.35.198.127,
139.72.236.116,
188.88.33.191,
8.103.206.88,
5.208.96.119,
77.75.127.204,
249.234.140.6,
206.53.206.122,
226.1.108.9,
9.116.22.129,
133.178.251.139,
100.161.254.92,
77.61.199.96,
96.75.7.135,
123.133.146.65,
207.49.5.49,
222.49.225.126,
250.50.25.120,
77.189.188.75,
139.67.198.45,
139.247.161.110,
222.41.243.234,
83.201.139.226,
203.9.32.53,
195.146.34.77,
80.91.82.89,
163.112.1.168,
60.61.206.15,
50.22.129.33,
33.240.185.71,
49.63.204.150,
49.178.45.139,
97.198.11.5,
161.77.131.110,
249.171.244.131,
177.161.214.177,
43.88.171.130,
35.124.63.115,
29.128.64.185,
220.6.23.236,
123.11.27.121,
49.198.11.120,
133.92.101.131,
190.17.141.130,
25.32.157.10,
124.171.255.97,
33.96.160.11,
29.6.60.121,
245.30.63.225,
37.233.29.129,
32.146.81.241,
77.3.218.241,
223.128.33.205,
86.92.163.166,
190.50.185.72,
139.72.12.235,
225.38.163.49,
255.38.65.204,
81.81.40.254,
32.120.122.185,
96.123.94.92,
110.155.158.33,
128.178.47.30,
219.231.203.84,
77.65.80.17,
225.86.237.161,
131.65.141.8,
139.135.101.130,
161.29.220.12,
60.206.203.36,
249.155.94.22,
240.160.92.225,
49.88.131.122,
94.139.49.126,
12.130.125.92,
32.231.163.3,
203.77.65.9,
74.159.61.119,
22.128.185.178,
218.168.146.64,
242.33.4.92,
206.160.169.160,
195.115.81.123,
11.83.40.195,
103.123.168.235,
250.199.245.38,
129.77.158.42,
5.190.45.6,
207.121.88.9,
161.208.191.9,
94.49.94.245,
113.158.10.112,
194.223.190.219,
53.158.47.49,
45.129.207.131,
161.146.125.156,
207.40.10.214,
161.155.17.233,
93.77.71.88,
103.199.103.127,
38.17.129.65,
230.254.35.68,
230.133.116.133,
169.254.159.207,
138.160.203.223,
159.1.80.33,
33.96.33.118,
169.155.231.161,
203.125.49.103,
92.113.25.230,
116.125.88.247,
244.49.65.141,
221.140.138.119,
166.100.203.115,
51.119.213.8,
238.168.207.213,
17.203.96.234,
37.168.23.131,
147.47.179.239,
132.93.81.23,
230.124.116.96,
127.234.141.169,
139.29.157.33,
130.138.72.4,
179.11.82.133,
45.179.233.93,
116.9.1.163,
88.38.203.112,
115.146.203.158,
40.139.49.132,
53.38.22.53,
42.125.92.245,
6.101.60.133,
251.241.79.125,
233.84.50.15,
190.174.6.83,
194.146.247.21,
8.176.11.9,
104.33.60.219,
7.122.86.82,
89.160.81.53,
177.4.124.51,
211.166.33.93,
67.132.255.41,
79.219.239.96,
179.179.191.3,
109.33.120.33,
37.128.139.240,
103.150.146.238,
166.131.86.41,
112.9.242.21,
214.113.177.138,
41.242.43.99,
5.65.51.108,
249.22.160.127,
207.233.195.47,
12.161.101.119,
51.5.71.161,
158.77.97.51,
92.122.140.239,
185.255.125.131,
8.7.247.125,
45.113.50.93,
150.201.77.201,
125.96.126.240,
18.6.198.88,
140.6.6.49,
78.218.211.161,
125.141.75.49,
83.5.245.230,
225.42.123.83,
230.178.21.86,
37.205.195.51,
91.7.109.33,
254.11.60.198,
160.23.231.121,
240.25.60.50,
168.47.221.77,
42.65.241.33,
131.198.150.239,
168.47.146.49,
18.33.208.103,
22.21.129.22,
239.146.132.220,
5.7.51.96,
234.23.133.92,
211.168.194.103,
253.21.64.81,
169.236.130.244,
96.124.146.185,
23.81.101.103,
125.253.251.22,
238.93.220.36,
49.37.51.223,
204.93.6.168,
213.185.18.179,
5.235.9.23,
46.139.30.108,
12.120.15.38,
176.11.185.213,
96.47.213.219,
176.236.96.6,
214.127.141.94,
36.29.3.233,
199.50.37.204,
230.241.133.75,
21.171.33.4,
127.235.241.132,
6.1.255.139,
113.204.81.86,
40.21.254.64,
33.9.207.72,
166.141.126.23,
1.203.47.223,
132.132.49.71,
138.33.51.129,
96.112.82.4,
88.213.88.150,
108.89.84.17,
174.168.79.159,
5.250.233.53,
130.88.190.213,
141.47.201.203,
22.9.161.161,
5.27.128.100,
204.139.96.92,
125.139.147.161,
192.22.123.131,
220.203.201.41,
65.208.188.34,
23.4.240.129,
94.75.239.113,
12.211.18.230,
67.239.205.53,
5.21.223.146,
8.35.68.79,
225.33.17.65,
53.175.21.74,
139.103.120.47,
94.81.175.100,
22.249.253.238,
189.253.9.233,
104.17.112.239,
64.174.141.21,
33.201.233.81,
131.42.140.21,
22.132.240.82,
86.86.236.132,
75.247.185.160,
83.50.4.96,
199.206.103.161,
5.204.41.34,
115.92.213.129,
221.108.178.29,
88.231.121.47,
104.51.203.17,
226.131.51.236,
203.6.177.171,
188.93.179.141,
160.17.218.23,
96.77.50.156,
223.112.91.33,
51.159.35.140,
244.253.169.161,
101.125.110.9,
133.65.254.139,
61.231.112.50,
34.93.141.63,
103.86.141.92,
166.35.22.45,
189.5.158.92,
112.161.122.108,
118.157.89.150,
245.46.168.5,
65.33.127.179,
101.12.29.86,
77.239.38.131,
125.219.63.11,
74.61.4.241,
122.108.1.43,
35.169.84.128,
130.72.233.9,
135.205.233.45,
146.93.190.22,
83.41.116.123,
49.50.8.67,
6.141.22.100,
146.23.239.94,
133.11.22.240,
235.203.139.93,
97.241.12.22,
235.23.119.176,
254.91.108.140,
33.82.198.68,
254.150.245.132,
9.157.17.223,
6.244.201.84,
6.96.207.189,
101.161.163.250,
21.113.77.157,
178.82.156.93,
178.89.6.23,
161.177.22.9,
97.211.10.91,
10.51.77.125,
71.198.206.194,
236.47.75.198,
245.8.96.103,
33.219.88.17,
236.23.83.237,
129.222.129.53,
130.119.22.97,
34.10.139.96,
161.81.43.45,
133.129.45.185,
75.192.250.119,
233.242.239.146,
51.139.22.94,
201.160.96.64,
147.5.132.139,
237.156.17.23,
222.239.3.155,
236.4.138.125,
33.38.239.63,
83.139.239.43,
108.168.125.250,
88.205.6.60,
211.22.206.140,
205.168.123.92,
32.60.86.242,
156.235.179.101,
138.89.27.113,
236.206.127.150,
7.156.125.4,
191.104.132.171,
11.96.68.163,
247.190.174.96,
15.75.132.109,
159.191.250.160,
9.161.30.88,
247.220.127.88,
123.241.141.190,
201.81.17.156,
247.3.6.4,
80.96.138.242,
51.101.140.204,
51.9.115.140,
233.23.158.218,
161.86.35.124,
36.116.82.163,
45.83.67.203,
213.132.22.244,
131.78.116.206,
133.94.1.65,
175.203.239.47,
163.188.158.127,
225.132.38.192,
249.233.244.49,
131.77.47.219,
41.188.250.32,
43.93.158.254,
251.93.4.219,
93.159.1.234,
242.222.9.17,
124.239.207.239,
230.242.171.11,
130.89.121.64,
6.41.121.250,
75.5.166.33,
116.92.127.147,
79.120.61.34,
177.88.61.83,
233.176.7.92,
199.121.41.219,
239.108.230.103,
33.86.60.155,
220.160.129.150,
116.46.17.125,
251.46.235.163,
9.171.9.121,
185.11.231.8,
4.201.65.40,
236.33.6.53,
5.161.88.132,
8.22.3.15,
63.5.139.205,
125.239.45.50,
53.218.213.33,
177.6.213.60,
9.83.45.53,
36.127.110.121,
185.1.65.104,
1.1.11.160,
203.206.72.139,
206.4.110.37,
127.234.5.235,
190.103.23.3,
41.112.208.243,
141.122.61.123,
169.1.128.190,
160.146.4.125,
234.133.84.125,
174.77.67.72,
93.250.169.139,
89.33.125.34,
96.22.214.139,
51.46.60.32,
213.80.23.249,
223.6.125.199,
75.18.131.204,
120.139.255.75,
123.213.119.147,
125.150.83.205,
245.211.204.51,
119.116.138.244,
156.156.166.100,
103.169.133.135,
199.185.194.89,
241.204.68.245,
242.101.157.116,
213.22.191.72,
242.67.161.236,
35.6.7.213,
161.22.11.241,
61.75.226.92,
250.124.63.5,
116.238.242.233,
225.150.141.3,
225.139.123.51,
189.81.65.169,
207.64.219.189,
204.17.46.133,
234.11.221.93,
131.5.88.195,
63.74.72.75,
219.150.237.51,
75.194.127.188,
250.160.41.6,
169.168.7.163,
18.34.45.6,
199.121.131.159,
250.51.236.22,
235.125.131.150,
33.11.75.6,
79.23.225.29,
185.161.125.77,
147.93.96.132,
79.241.97.53,
155.120.185.34,
178.5.67.100,
71.150.15.203,
77.3.8.140,
8.140.147.247,
50.203.166.23,
131.221.194.92,
51.4.203.238,
230.250.199.38,
242.129.45.51,
253.8.125.139,
192.23.230.72,
84.72.168.115,
10.239.33.65,
40.204.174.10,
93.6.4.194,
160.38.34.15,
239.22.109.238,
22.206.33.94,
84.5.10.127,
99.22.160.236,
130.79.83.199,
119.29.92.239,
93.135.34.9,
207.119.86.185,
5.174.236.67,
178.201.23.4,
127.68.203.169,
127.139.253.6,
127.138.33.86,
230.89.71.27,
10.1.81.9,
190.71.53.141,
1.133.45.219,
150.110.198.168,
159.185.191.29,
27.49.138.194,
8.146.96.104,
100.91.27.116,
150.198.192.82,
94.38.5.119,
53.49.168.115,
81.206.169.214,
171.219.233.22,
89.128.33.92,
127.109.100.6,
146.139.51.80,
104.103.83.11,
245.241.126.185,
35.139.10.93,
84.146.203.45,
80.131.206.17,
84.50.81.1,
83.177.236.204,
185.68.190.96,
206.166.45.22,
21.88.96.135,
9.108.169.222,
86.6.126.195,
129.4.230.8,
131.91.128.161,
213.247.30.80,
112.25.36.204,
92.132.88.138,
233.88.132.5,
139.255.109.51,
223.250.53.231,
253.103.129.141,
126.237.139.236,
133.206.218.9,
51.233.188.63,
168.94.127.127,
139.8.29.213,
5.45.230.94,
81.34.96.84,
22.5.125.60,
222.125.29.135,
218.6.250.50,
163.11.236.222,
219.141.27.146,
17.65.113.160,
255.158.88.5,
230.8.123.119,
150.23.161.81,
203.138.242.47,
118.254.47.237,
103.133.33.33,
50.204.53.119,
27.241.174.176,
88.222.219.146,
195.175.6.78,
191.35.188.93,
119.226.157.100,
80.141.223.230,
15.84.233.33,
131.33.4.126,
35.251.204.239,
251.235.207.161,
131.35.71.129,
103.233.139.250,
116.81.100.160,
86.185.199.141,
17.213.161.96,
96.206.33.94,
146.120.4.64,
118.219.195.236,
49.253.12.53,
161.140.22.37,
51.203.203.97,
127.242.51.171,
77.239.116.169,
92.127.204.195,
168.125.218.5,
132.158.34.239,
121.251.135.161,
94.203.220.30,
88.123.250.245,
109.108.188.92,
116.171.49.35,
84.245.38.198,
5.230.22.171,
23.239.3.109,
7.169.96.3,
207.147.161.3,
199.77.199.61,
86.88.50.92,
139.223.97.67,
94.6.116.27,
29.93.123.7,
139.139.241.207,
45.4.245.51,
29.169.231.118,
241.198.67.139,
61.12.161.150,
201.11.93.9,
225.161.78.4,
128.65.1.161,
222.235.121.188,
194.22.11.25,
171.179.185.205,
169.25.201.37,
10.20.0.14,
34.139.75.41,
239.11.139.51,
133.116.213.103,
9.250.168.108,
213.220.133.51,
211.250.233.249,
35.161.50.239,
7.96.125.223,
240.213.71.34,
5.118.243.89,
207.29.22.79,
116.219.17.133,
43.185.65.253,
174.43.75.168,
119.9.25.6,
161.203.1.244,
244.179.160.64,
109.77.253.139,
94.150.53.45,
225.168.15.65,
72.23.203.206,
18.159.82.9,
135.6.163.1,
5.230.132.158,
146.133.150.86,
126.83.239.198,
38.92.218.159,
254.123.6.86,
116.208.255.22,
49.123.119.88,
29.220.132.81,
32.157.230.15,
101.138.84.127,
33.132.3.199,
94.141.92.60,
40.189.118.60,
226.194.47.203,
72.27.155.49,
133.72.42.237,
125.35.185.21,
65.68.116.177,
129.103.131.53,
93.17.240.4,
254.88.161.125,
119.121.43.33,
60.198.233.192,
4.120.131.250,
211.185.231.161,
92.9.189.150,
243.127.29.84,
185.247.92.242,
115.118.177.23,
121.236.5.119,
51.147.255.5,
65.171.41.115,
204.101.243.118,
178.249.5.10,
132.244.219.189,
150.93.131.233,
160.34.185.161,
239.6.135.32,
96.81.135.130,
156.97.9.49,
199.163.68.49,
132.32.250.254,
169.221.146.175,
92.15.231.97,
9.214.33.100,
113.94.130.100,
239.133.206.199,
118.251.207.160,
253.150.113.65,
205.77.147.125,
179.235.198.9,
244.103.236.195,
49.179.32.177,
33.92.79.4,
139.204.22.225,
67.236.213.33,
99.86.47.230,
84.198.150.110,
194.203.112.190,
235.238.238.245,
129.30.236.161,
206.123.94.116,
122.249.213.161,
130.17.254.141,
185.4.126.233,
125.65.223.11,
96.203.96.50,
100.81.83.129,
45.47.17.112,
205.35.91.231,
94.61.201.74,
127.65.194.255,
123.177.135.71,
33.185.163.140,
25.207.8.205,
239.5.201.199,
99.240.240.241,
9.239.139.64,
81.83.141.96,
51.132.45.9,
159.125.133.195,
158.22.8.125,
121.33.21.213,
250.34.43.40,
205.22.150.219,
63.103.131.33,
61.34.112.185,
9.84.225.218,
203.163.5.29,
103.185.190.250,
23.241.156.251,
161.6.33.241,
121.94.192.83,
94.116.189.18,
45.168.179.30,
22.60.130.49,
166.68.251.22,
155.33.213.63,
161.49.27.15,
138.219.245.81,
53.4.79.191,
8.223.194.94,
119.178.185.127,
81.88.125.11,
188.230.37.166,
11.88.94.131,
168.118.123.161,
236.160.190.25,
247.46.17.131,
131.8.237.22,
43.33.29.113,
5.133.120.93,
34.168.122.222,
199.204.157.77,
103.49.130.80,
158.104.60.195,
155.139.17.97,
8.242.251.131,
35.190.67.47,
176.101.86.135,
63.139.201.29,
139.53.213.236,
84.168.128.192,
213.45.78.206,
53.11.254.191,
139.225.112.203,
4.191.135.94,
203.45.81.245,
222.65.230.6,
94.101.63.33,
1.211.206.53,
251.9.226.150,
119.74.86.72,
4.92.241.83,
22.150.174.156,
205.35.101.204,
169.226.203.161,
199.195.159.218,
213.41.179.161,
214.199.21.221,
135.213.250.77,
9.10.208.88,
8.5.75.203,
250.125.86.130,
6.51.104.51,
67.64.10.23,
166.53.214.188,
36.115.84.235,
21.179.168.203,
4.127.33.63,
78.214.160.219,
65.81.131.169,
123.132.23.146,
72.43.178.156,
25.213.74.47,
234.155.99.104,
116.237.161.49,
132.49.8.133,
17.78.22.35,
250.135.49.223,
67.171.65.40,
123.139.234.130,
18.99.45.139,
213.213.9.11,
8.247.179.178,
75.101.236.22,
61.4.127.18,
203.63.79.41,
242.255.226.115,
236.11.139.159,
92.219.139.6,
239.174.22.207,
94.65.119.138,
177.135.130.206,
29.159.115.94,
5.213.50.65,
15.141.249.155,
6.77.139.53,
220.9.22.175,
91.131.103.199,
213.203.139.33,
158.60.49.223,
91.125.29.138,
161.88.236.135,
84.61.203.101,
125.237.146.244,
127.36.22.49,
127.192.112.8,
198.71.230.243,
5.22.51.185,
231.60.125.138,
188.60.132.240,
195.84.206.116,
213.161.8.250,
123.131.36.192,
213.9.79.81,
116.255.35.177,
30.214.68.93,
213.123.36.188,
89.64.9.17,
9.92.236.35,
206.157.243.226,
37.169.175.96,
245.139.161.77,
6.103.17.41,
65.94.244.21,
34.3.101.251,
4.6.4.92,
71.121.92.192,
125.40.61.45,
166.166.253.157,
146.139.79.122,
5.235.123.201,
208.40.22.245,
17.159.78.94,
251.203.205.251,
190.40.168.34,
83.176.53.203,
23.146.1.119,
61.17.119.91,
230.205.112.60,
25.135.93.127,
238.10.110.125,
214.60.41.122,
116.119.166.61,
203.125.226.92,
21.204.233.61,
40.223.110.163,
51.45.213.27,
244.132.242.11,
96.37.191.250,
81.99.177.126,
5.220.18.221,
21.6.250.75,
239.156.61.23,
17.206.53.22,
21.155.81.188,
121.225.207.251,
131.158.100.179,
204.233.250.253,
139.185.230.190,
15.133.22.131,
113.147.83.29,
6.11.219.74,
97.175.128.22,
238.177.205.135,
94.6.103.161,
51.222.23.250,
159.6.125.208,
38.18.77.12,
195.9.226.150,
126.68.245.93,
110.86.211.185,
77.37.190.168,
86.234.22.175,
123.205.245.36,
9.110.207.203,
22.131.103.222,
205.169.45.38,
94.49.51.175,
5.113.109.230,
121.22.238.230,
132.230.233.222,
131.168.32.222,
38.207.146.81,
10.84.127.150,
178.6.185.100,
35.23.225.1,
35.254.47.240,
199.35.146.81,
238.245.6.6,
65.83.64.199,
77.32.33.213,
35.133.94.7,
47.108.244.120,
155.156.204.86,
32.33.93.67,
119.176.100.113,
83.22.129.51,
169.223.72.190,
34.155.255.36,
156.139.247.206,
129.177.51.241,
109.125.161.125,
249.11.160.63,
250.15.84.49,
33.92.41.241,
97.168.120.174,
243.5.9.9,
110.17.126.133,
245.235.125.22,
103.33.161.45,
141.75.17.22,
141.204.204.206,
242.118.17.146,
253.150.132.226,
33.131.157.30,
22.171.206.72,
131.78.159.1,
84.122.92.6,
125.176.37.131,
206.11.238.94,
6.249.132.161,
45.100.17.253,
88.35.115.250,
171.35.96.253,
79.4.97.51,
6.203.72.236,
141.249.84.147,
5.169.147.21,
32.46.4.23,
171.132.247.185,
4.33.91.120,
38.53.208.239,
23.25.11.191,
84.141.168.189,
156.131.11.33,
96.79.61.190,
155.219.124.77,
15.65.171.178,
166.138.211.203,
251.22.49.192,
185.177.86.75,
139.50.75.244,
81.126.208.147,
22.150.5.179,
78.27.176.75,
72.36.236.71,
5.21.96.195,
147.222.249.17,
207.5.40.239,
17.22.115.9,
51.71.133.29,
177.45.169.175,
100.18.82.203,
174.161.92.213,
213.118.81.33,
203.255.9.5,
141.77.1.6,
205.103.253.130,
245.33.21.139,
214.33.189.51,
5.139.211.127,
47.8.21.29,
43.47.5.244,
250.204.211.7,
25.139.120.207,
126.80.40.230,
21.168.96.86,
22.231.177.97,
132.237.221.53,
53.126.120.22,
8.121.22.22,
96.22.171.65,
77.51.21.121,
244.45.96.71,
175.9.6.195,
138.123.190.239,
166.233.5.11,
203.203.25.250,
226.192.91.156,
65.81.4.132,
190.33.65.127,
64.119.23.77,
251.45.235.49,
128.139.150.104,
124.6.138.188,
150.213.121.22,
219.135.77.93,
160.129.240.89,
108.132.255.159,
140.116.237.45,
120.207.22.63,
163.147.199.233,
121.205.195.121,
205.38.84.22,
220.8.34.238,
3.176.169.207,
113.176.51.86,
249.42.94.138,
53.221.32.25,
161.36.72.207,
126.94.72.6,
203.218.171.6,
250.23.5.122,
80.159.231.223,
159.83.150.81,
30.33.72.53,
3.146.158.139,
8.101.40.225,
171.247.83.158,
171.91.204.231,
133.132.128.17,
94.60.213.46,
132.93.250.195,
112.33.139.53,
127.97.133.177,
23.8.80.230,
240.213.205.104,
125.104.190.30,
168.138.109.7,
42.71.88.139,
131.223.236.35,
34.245.247.233,
251.6.203.190,
5.230.194.127,
77.63.60.251,
103.93.1.79,
139.171.51.72,
190.195.122.176,
27.51.140.203,
243.100.35.71,
35.146.207.141,
194.235.207.157,
127.190.127.239,
11.40.190.244,
99.35.233.250,
9.33.118.33,
135.4.233.201,
101.221.213.50,
241.203.128.4,
204.123.230.75,
30.17.60.124,
214.178.199.247,
84.23.94.11,
116.245.35.130,
89.4.1.72,
125.72.226.188,
15.169.94.177,
139.185.205.133,
125.9.17.83,
119.72.84.123,
234.37.51.8,
15.78.22.86,
146.129.219.22,
208.33.104.168,
11.88.61.223,
236.23.77.254,
67.88.214.30,
88.225.189.130,
155.81.12.141,
141.158.34.159,
158.176.129.175,
157.130.188.72,
221.61.35.9,
243.156.198.30,
236.223.45.205,
247.236.161.74,
155.22.78.84,
160.158.45.5,
108.38.244.190,
50.79.119.129,
5.103.157.68,
3.6.93.100,
10.116.104.168,
49.50.207.86,
88.237.6.77,
158.110.128.220,
195.127.126.245,
121.51.208.159,
204.81.17.129,
245.103.251.218,
5.41.150.9,
81.47.45.163,
119.83.127.233,
179.104.35.213,
220.191.3.126,
194.30.80.239,
203.116.112.236,
65.236.204.53,
65.221.194.92,
132.239.81.61,
18.5.37.156,
34.64.211.163,
233.191.100.192,
83.84.199.205,
119.226.226.130,
101.132.244.110,
45.230.18.71,
207.47.33.138,
178.103.213.25,
50.8.29.83,
204.161.147.236,
119.110.140.195,
127.9.113.163,
128.230.49.51,
247.140.178.213,
64.218.146.84,
205.225.194.244,
156.125.50.50,
127.11.177.190,
123.213.65.188,
230.166.124.203,
174.176.169.4,
46.129.9.77,
205.231.171.161,
43.124.123.177,
12.112.245.206,
174.86.77.214,
112.77.4.22,
129.253.161.51,
141.147.239.132,
207.198.221.21,
33.91.81.8,
161.177.75.191,
237.43.122.82,
203.166.11.190,
96.230.251.123,
177.206.47.254,
244.192.185.189,
203.233.77.159,
191.131.236.94,
80.51.78.83,
33.51.160.65,
83.46.33.120,
205.7.211.213,
141.199.141.127,
92.103.189.132,
127.110.250.53,
250.131.43.135,
198.177.53.72,
99.112.47.230,
30.236.207.135,
1.68.116.237,
204.5.239.239,
131.139.64.129,
179.30.36.203,
230.155.86.121,
46.18.207.86,
219.125.17.158,
206.22.68.222,
127.230.4.1,
220.161.201.88,
5.4.25.146,
75.101.205.161,
169.60.207.91,
207.122.166.203,
46.72.161.86,
101.241.65.1,
158.213.141.250,
203.22.99.4,
146.205.11.208,
139.45.168.249,
94.92.230.244,
49.21.94.80,
204.74.11.112,
139.166.139.125,
126.80.100.72,
130.112.104.4,
198.129.25.125,
17.133.213.171,
125.178.204.147,
71.104.177.230,
50.83.84.139,
239.198.160.81,
84.163.188.241,
40.123.4.213,
119.33.115.32,
185.88.245.27,
9.160.208.22,
94.132.63.133,
96.213.109.139,
22.213.51.178,
108.230.77.23,
94.174.43.35,
3.251.67.192,
177.131.42.220,
4.4.127.240,
9.103.122.1,
237.123.33.60,
213.194.119.213,
222.250.160.22,
29.112.147.22,
125.125.135.161,
83.194.207.223,
89.94.128.109,
63.61.233.175,
241.75.94.109,
205.30.60.11,
33.89.157.150,
96.242.22.255,
68.86.238.171,
49.131.108.199,
213.89.218.195,
45.94.33.83,
214.75.30.3,
203.35.88.239,
218.109.72.23,
71.49.93.119,
132.138.175.254,
40.67.42.103,
161.188.150.241,
219.110.78.211,
3.160.33.138,
203.204.100.93,
177.8.120.128,
179.254.94.96,
188.15.211.131,
15.125.230.219,
191.5.199.190,
88.12.91.82,
220.131.178.245,
130.125.86.32,
161.127.81.243,
191.94.176.51,
5.213.68.141,
141.51.127.113,
61.45.72.25,
139.138.132.231,
233.65.218.100,
169.22.6.204,
132.11.203.159,
249.77.61.49,
21.71.101.5,
132.139.139.6,
201.126.222.139,
203.33.238.88,
60.8.110.241,
141.33.23.204,
130.125.77.132,
23.203.116.189,
116.207.146.250,
205.199.11.35,
81.93.110.129,
226.127.25.213,
81.101.6.203,
254.219.22.17,
245.126.169.211,
96.235.92.22,
205.250.100.8,
177.100.177.94,
158.15.237.33,
60.239.199.168,
9.5.250.249,
51.239.84.140,
17.86.17.139,
1.199.92.177,
17.185.129.230,
129.84.206.61,
60.15.211.88,
4.77.84.51,
9.250.12.147,
124.23.41.208,
116.9.161.206,
161.130.50.112,
140.100.205.161,
35.230.138.233,
4.42.75.72,
51.113.74.6,
139.191.5.131,
185.236.205.133,
206.4.230.138,
207.84.204.222,
128.9.243.116,
219.49.34.110,
47.41.35.5,
179.72.161.79,
177.239.250.239,
130.250.150.51,
33.155.118.157,
161.177.23.17,
249.188.177.243,
125.74.41.220,
61.3.4.21,
190.233.161.1,
245.230.244.22,
103.230.174.6,
190.243.53.92,
8.50.157.92,
94.50.141.188,
37.119.191.245,
101.127.204.161,
17.169.177.110,
22.89.4.33,
205.75.240.11,
82.22.125.191,
89.89.38.204,
239.103.53.29,
189.103.138.93,
230.108.1.116,
79.123.139.205,
74.125.1.147,
72.205.92.194,
51.37.3.214,
91.118.235.5,
188.203.27.118,
88.239.127.245,
201.177.236.101,
32.122.206.6,
47.125.239.77,
18.34.125.185,
81.97.168.146,
213.150.177.40,
241.205.99.222,
195.204.146.10,
147.150.11.6,
129.86.5.190,
225.198.109.42,
6.222.103.118,
101.188.223.219,
244.40.99.9,
169.254.223.233,
92.50.49.43,
176.92.93.67,
128.67.168.88,
155.49.157.236,
78.199.139.213,
100.18.18.79,
124.127.255.247,
127.74.9.239,
135.236.250.255,
240.86.155.7,
236.185.82.191,
77.41.77.51,
156.205.250.189,
64.205.88.22,
242.8.8.1,
245.4.198.199,
50.194.38.61,
109.96.205.160,
131.131.30.9,
101.171.205.139,
104.241.206.199,
93.21.6.23,
116.101.47.41,
6.189.126.71,
132.141.41.245,
168.213.203.119,
41.18.150.150,
213.23.203.195,
199.9.64.255,
97.97.159.33,
60.226.161.89,
32.9.103.100,
74.205.96.23,
255.34.255.45,
178.222.35.116,
51.11.132.74,
6.130.239.42,
241.138.157.4,
32.10.88.94,
176.177.218.4,
6.132.189.92,
178.77.150.159,
15.53.168.146,
1.27.8.77,
205.219.247.10,
191.119.80.161,
132.127.33.130,
103.121.8.244,
7.53.249.190,
157.34.86.205,
5.150.205.190,
127.129.240.194,
33.125.141.11,
243.9.77.161,
51.218.7.150,
230.93.169.207,
43.247.199.103,
124.127.139.214,
4.205.23.191,
150.177.195.100,
65.33.33.251,
1.219.77.61,
201.5.115.50,
241.7.131.46,
192.126.60.133,
74.169.123.9,
33.234.115.86,
81.220.158.60,
146.33.244.245,
45.35.250.50,
176.150.179.53,
83.93.64.120,
205.177.157.65,
92.18.41.123,
65.103.93.132,
121.22.84.93,
9.25.169.51,
23.65.22.231,
127.236.139.35,
198.81.198.35,
121.17.206.189,
214.205.116.203,
7.132.239.139,
244.199.203.223,
88.206.203.78,
74.175.156.80,
38.36.188.222,
208.161.146.179,
1.9.155.74,
49.93.17.189,
43.175.171.139,
82.127.247.45,
82.46.223.5,
81.129.185.91,
132.110.12.168,
101.127.118.99,
115.231.101.49,
131.113.83.49,
82.161.245.139,
241.156.243.103,
99.190.5.29,
125.108.15.169,
23.179.132.77,
41.135.243.239,
6.6.100.174,
204.22.116.141,
88.203.127.157,
6.94.138.219,
41.190.158.119,
203.161.33.84,
60.211.150.250,
199.4.128.33,
11.108.103.53,
211.17.9.254,
245.116.141.236,
213.128.131.133,
72.213.61.93,
97.234.47.129,
236.213.75.127,
242.41.150.81,
247.226.86.204,
4.80.108.116,
8.1.8.219,
141.92.133.61,
190.129.82.179,
220.125.205.83,
91.206.103.161,
199.33.250.206,
60.128.77.45,
138.194.22.119,
103.126.119.214,
253.40.233.185,
125.213.115.204,
239.46.231.86,
37.239.4.92,
96.64.123.45,
92.123.249.75,
50.163.203.4,
138.6.94.40,
243.63.163.206,
67.22.22.179,
79.118.4.33,
139.65.158.93,
9.50.40.74,
72.254.168.176,
127.47.42.43,
27.250.115.253,
72.230.100.222,
130.97.122.11,
185.243.15.65,
29.6.119.203,
22.231.132.116,
84.23.88.33,
127.21.89.189,
206.123.9.255,
156.233.72.35,
17.96.35.230,
243.4.194.208,
11.139.35.97,
80.7.113.88,
141.68.33.77,
230.7.242.238,
132.198.10.10,
225.91.177.223,
190.171.99.78,
84.116.6.141,
169.244.247.8,
80.77.155.92,
178.240.130.127,
94.108.192.124,
72.147.33.119,
178.139.11.250,
77.161.50.71,
100.84.23.78,
5.129.119.65,
122.185.174.203,
239.240.6.211,
230.119.41.103,
91.190.199.11,
130.240.233.33,
166.189.189.220,
203.118.242.188,
80.161.127.139,
243.206.113.51,
8.190.161.206,
135.77.83.103,
161.74.123.68,
222.176.30.132,
138.45.75.204,
203.108.65.38,
239.41.60.206,
4.190.84.83,
12.253.41.10,
119.176.199.89,
221.119.225.89,
247.37.42.175,
175.171.40.157,
93.253.255.249,
235.203.133.75,
116.213.219.159,
236.75.236.157,
244.132.240.5,
8.47.146.65,
67.71.160.6,
231.22.50.239,
9.236.77.157,
221.93.125.3,
80.205.159.83,
101.189.205.178,
241.139.206.155,
169.88.77.130,
118.123.4.140,
122.231.37.230,
126.84.17.45,
235.203.72.103,
5.150.77.32,
112.128.18.83,
43.157.125.23,
138.146.50.211,
6.8.150.254,
133.236.94.239,
139.7.78.239,
22.22.203.104,
189.11.36.88,
43.213.185.8,
206.158.127.12,
125.71.177.204,
138.239.33.241,
108.242.161.205,
9.65.205.72,
5.9.119.150,
139.133.11.91,
138.233.220.175,
206.231.25.92,
239.223.75.78,
177.36.230.131,
247.185.9.188,
150.51.156.241,
75.33.116.67,
161.118.77.65,
1.78.93.110,
11.33.68.213,
191.140.251.221,
40.99.194.213,
245.23.139.9,
51.96.221.207,
240.189.22.237,
84.190.100.207,
36.177.33.192,
206.214.125.160,
199.113.84.211,
94.190.239.146,
198.49.231.189,
71.243.23.234,
47.185.94.250,
61.161.29.155,
110.125.138.207,
9.220.36.119,
169.37.204.161,
17.214.177.139,
139.188.1.63,
132.4.199.161,
9.33.68.139,
195.128.226.125,
245.4.129.67,
11.22.22.132,
160.205.75.103,
190.25.168.213,
135.116.175.160,
84.4.49.235,
112.230.5.109,
230.93.199.61,
83.94.3.112,
243.22.10.109,
22.221.116.33,
251.96.46.110,
211.108.158.63,
169.177.230.6,
249.4.40.49,
42.237.236.1,
131.94.131.60,
91.43.9.74,
4.239.218.169,
239.160.36.82,
65.86.72.68,
239.191.22.238,
9.51.109.177,
12.199.161.237,
23.11.218.75,
5.11.51.249,
220.9.129.42,
130.30.155.133,
168.213.130.194,
4.104.63.9,
83.83.91.37,
67.123.245.189,
234.18.235.92,
78.156.75.188,
7.127.206.75,
163.53.93.221,
92.119.104.230,
80.5.168.219,
130.179.147.255,
139.161.198.249,
161.213.79.140,
51.78.220.63,
203.140.139.22,
185.189.245.169,
176.12.146.204,
77.243.81.109,
88.5.11.169,
100.18.5.194,
103.122.179.23,
22.250.190.89,
93.185.133.104,
219.49.161.218,
161.81.51.159,
231.53.33.122,
150.219.60.190,
41.3.185.207,
9.125.159.126,
36.45.92.236,
120.37.230.83,
32.22.155.219,
9.123.129.120,
47.1.235.146,
49.22.131.231,
82.119.119.129,
177.242.81.190,
21.91.81.38,
231.42.83.68,
60.49.179.45,
150.207.4.53,
251.34.5.15,
86.79.75.139,
176.63.225.214,
244.65.3.126,
17.135.220.83,
254.17.34.235,
205.40.40.67,
146.3.239.84,
9.49.139.29,
214.37.245.126,
51.205.38.121,
160.33.119.103,
63.6.239.81,
10.225.161.51,
72.23.177.112,
51.161.243.23,
22.11.233.218,
243.125.124.4,
60.190.132.157,
17.129.230.168,
88.51.207.89,
138.6.45.12,
108.213.233.6,
245.92.126.177,
40.8.139.34,
239.237.235.23,
22.7.94.168,
195.238.126.174,
22.84.86.169,
91.204.22.240,
118.139.177.241,
141.78.213.133,
11.161.206.77,
12.8.120.244,
201.86.116.68,
67.77.84.141,
15.203.155.205,
158.155.22.99,
43.112.5.33,
244.161.203.50,
203.75.33.88,
68.7.6.161,
11.123.83.225,
156.247.201.159,
8.206.179.204,
119.125.110.17,
238.96.37.139,
166.203.72.222,
214.131.178.213,
108.83.147.25,
5.94.5.129,
150.124.238.33,
47.71.115.238,
113.61.21.4,
124.177.103.188,
239.138.8.40,
243.100.195.156,
116.64.237.255,
53.17.218.103,
126.9.96.129,
249.115.155.123,
189.84.15.129,
126.4.123.239,
118.160.185.225,
158.68.130.96,
77.204.175.226,
177.104.75.83,
9.99.139.88,
176.161.94.88,
208.237.177.239,
1.77.168.235,
150.9.60.166,
205.6.112.104,
133.84.207.116,
175.192.50.22,
6.17.125.82,
83.65.96.74,
138.75.244.255,
35.207.253.205,
91.68.9.249,
185.75.9.204,
61.109.109.40,
211.27.176.103,
138.88.1.158,
77.179.201.45,
207.60.8.25,
45.120.27.146,
4.10.93.3,
40.141.65.53,
125.1.79.22,
169.63.238.109,
175.9.160.161,
6.81.150.177,
132.221.53.132,
124.135.71.230,
131.72.158.23,
9.201.64.97,
96.65.131.75,
116.65.93.253,
221.221.161.245,
65.123.60.223,
51.101.138.206,
18.204.231.236,
121.139.74.235,
163.240.230.15,
203.92.49.71,
51.119.83.21,
113.49.63.101,
91.35.63.33,
239.161.231.1,
84.93.161.219,
235.208.53.131,
6.156.179.214,
251.49.157.244,
139.131.214.131,
11.125.33.185,
206.206.122.93,
171.179.205.198,
40.225.156.53,
230.138.4.119,
97.185.147.45,
110.33.237.36,
22.132.199.65,
233.168.33.221,
113.147.93.240,
245.47.205.86,
74.88.12.244,
123.35.150.96,
101.86.77.5,
213.213.163.123,
4.9.159.250,
42.17.112.23,
60.131.226.116,
140.84.168.17,
133.77.72.146,
249.88.65.49,
139.188.17.91,
64.125.129.199,
78.195.179.38,
190.129.233.27,
88.104.156.239,
233.249.118.239,
140.239.191.131,
81.156.204.80,
207.84.245.233,
18.83.238.104,
37.50.233.30,
83.4.238.33,
155.51.219.10,
33.51.230.185,
11.255.18.64,
130.65.245.38,
208.8.190.139,
163.161.132.64,
33.47.10.78,
11.230.113.253,
88.40.156.94,
250.146.205.192,
177.245.75.11,
141.237.46.79,
206.233.207.168,
253.96.243.128,
23.27.138.127,
115.245.38.233,
169.203.218.213,
245.74.1.4,
188.223.219.17,
129.253.234.146,
189.119.201.5,
100.127.139.239,
101.33.203.131,
188.163.113.33,
8.161.115.6,
233.33.82.104,
255.60.206.64,
35.53.132.125,
188.71.130.150,
86.213.116.124,
168.239.116.250,
22.108.22.253,
160.65.119.235,
125.93.88.75,
247.110.123.113,
61.8.23.25,
92.109.191.6,
32.6.78.254,
139.75.206.93,
147.9.123.34,
207.203.207.91,
138.36.3.99,
72.219.37.51,
203.83.221.25,
88.238.88.139,
46.72.253.60,
221.231.68.78,
86.230.64.223,
113.65.115.240,
50.195.5.242,
207.79.49.22,
207.41.46.203,
131.236.5.208,
51.253.6.45,
194.84.157.6,
96.124.219.238,
78.22.122.40,
178.132.22.125,
88.18.42.207,
129.92.163.190,
92.239.138.71,
116.6.29.177,
45.6.47.178,
161.5.60.163,
93.77.163.122,
110.125.96.254,
191.213.21.234,
84.127.64.213,
96.33.156.159,
141.207.43.22,
230.213.166.116,
230.50.214.241,
67.129.190.205,
123.33.3.74,
243.23.22.174,
33.195.84.192,
146.131.88.161,
75.242.91.125,
138.11.45.249,
27.88.51.60,
206.110.113.139,
139.103.129.192,
140.77.65.250,
37.25.83.129,
83.214.112.147,
225.93.207.121,
125.225.253.22,
238.146.63.35,
101.103.6.169,
8.241.64.234,
89.169.160.157,
17.243.5.203,
140.32.199.129,
168.159.33.222,
242.17.65.11,
166.150.74.17,
242.156.104.11,
130.146.146.7,
185.81.177.138,
174.244.49.133,
68.9.79.8,
33.223.139.50,
9.161.128.7,
84.41.23.127,
254.171.199.121,
77.129.22.205,
141.42.253.4,
120.131.190.103,
4.138.42.139,
65.204.160.133,
129.147.138.206,
116.46.131.17,
65.1.214.251,
245.101.36.178,
157.226.131.174,
83.84.88.230,
83.206.88.60,
18.206.78.96,
93.133.219.104,
109.250.72.254,
233.110.188.208,
214.60.168.192,
223.17.4.65,
206.120.93.53,
194.96.132.41,
146.238.133.230,
46.120.83.220,
11.240.35.247,
116.99.92.112,
250.63.51.249,
45.53.206.131,
206.78.240.81,
140.63.8.33,
230.11.208.53,
204.35.236.159,
17.251.94.138,
201.46.236.123,
131.230.126.132,
82.128.40.207,
233.92.206.81,
9.158.92.179,
51.115.207.139,
8.213.91.91,
86.175.206.99,
207.116.166.27,
203.23.84.251,
131.174.1.236,
51.253.18.81,
188.249.238.68,
236.213.35.50,
133.221.4.72,
5.161.33.131,
230.146.27.68,
192.214.33.241,
45.168.49.64,
139.86.101.5,
64.230.250.113,
60.128.219.91,
18.139.250.22,
203.67.6.37,
112.32.86.38,
33.156.236.96,
119.22.7.127,
218.22.205.244,
60.250.201.176,
110.189.51.201,
65.82.213.204,
33.8.72.72,
135.160.22.241,
163.245.169.250,
23.239.203.35,
93.230.190.71,
225.22.91.33,
84.92.219.110,
81.189.5.132,
250.38.101.67,
92.190.22.51,
213.79.132.133,
146.96.11.234,
204.23.220.33,
190.5.139.6,
50.81.237.235,
68.194.10.253,
96.188.174.239,
123.169.133.131,
218.33.177.218,
133.86.9.191,
207.94.104.29,
71.75.245.168,
100.220.86.201,
127.51.233.104,
74.211.67.127,
213.77.168.61,
168.67.249.194,
161.176.60.138,
207.92.22.168,
233.1.213.1,
199.126.123.112,
254.205.241.21,
150.11.27.5,
243.221.135.89,
127.51.36.130,
122.81.37.100,
220.140.6.125,
15.33.168.230,
41.171.199.75,
92.161.176.241,
203.80.191.22,
219.6.141.125,
245.168.30.237,
92.169.163.78,
139.104.86.135,
124.169.53.71,
176.1.93.203,
203.7.68.123,
4.244.100.195,
115.88.138.220,
120.161.169.21,
82.35.45.72,
11.192.190.83,
255.221.43.113,
22.207.81.131,
204.50.103.53,
255.86.35.207,
75.5.67.65,
4.4.9.251,
97.128.120.45,
79.92.32.67,
220.208.192.93,
206.160.128.240,
65.139.84.6,
100.118.49.89,
250.195.161.93,
247.206.9.132,
236.40.219.104,
5.100.175.192,
8.190.99.78,
103.146.146.132,
23.84.96.236,
93.233.128.77,
67.4.50.206,
84.139.65.84,
37.254.125.89,
45.156.175.211,
86.234.45.50,
32.218.178.214,
141.120.49.240,
115.45.250.96,
123.99.88.129,
203.23.175.129,
77.77.141.101,
113.238.140.190,
50.72.63.9,
110.192.108.75,
199.123.74.179,
122.195.245.77,
49.11.6.127,
132.175.5.110,
11.103.119.121,
139.159.72.9,
51.103.203.243,
255.7.116.190,
245.112.29.124,
203.88.40.141,
110.155.119.233,
110.177.45.81,
37.23.160.139,
141.22.201.161,
92.155.234.93,
23.141.194.139,
22.77.81.249,
8.233.133.29,
30.113.192.25,
125.192.67.18,
245.99.60.243,
158.18.238.42,
15.208.92.11,
97.92.218.101,
60.158.35.84,
60.225.74.205,
35.130.219.51,
207.125.207.119,
131.249.46.103,
35.75.126.205,
78.189.37.72,
50.71.4.83,
46.204.86.35,
169.15.245.35,
83.38.12.139,
119.157.168.97,
86.86.123.108,
139.50.249.67,
255.121.141.103,
195.174.194.49,
185.169.221.96,
47.68.203.17,
206.9.81.99,
68.43.82.47,
204.22.45.22,
112.222.92.86,
4.205.127.64,
174.226.110.124,
113.189.133.30,
255.120.188.141,
50.93.206.74,
33.230.219.4,
222.22.34.150,
3.86.36.74,
68.242.128.6,
9.205.4.220,
245.219.40.33,
219.17.6.240,
22.116.141.214,
81.22.6.112,
234.89.169.159,
245.218.130.226,
35.22.17.124,
194.86.9.158,
169.1.116.97,
118.88.88.45,
206.40.93.135,
89.49.100.191,
5.30.22.17,
72.27.22.120,
166.156.199.244,
247.233.9.190,
6.132.150.203,
128.230.236.125,
233.206.190.237,
51.201.53.222,
168.22.43.171,
93.189.139.72,
115.169.75.194,
72.123.203.122,
194.60.34.3,
132.99.35.185,
135.43.132.190,
176.49.112.157,
104.32.206.169,
53.22.92.23,
250.33.204.123,
91.204.199.86,
199.207.5.17,
239.139.194.120,
250.61.5.1,
249.37.236.175,
206.6.195.112,
141.250.71.129,
38.110.161.157,
125.223.124.103,
49.77.133.96,
207.226.133.75,
10.36.141.8,
249.169.124.51,
49.206.156.21,
249.238.138.204,
10.10.0.3,
10.156.125.219,
199.11.239.245,
130.80.176.9,
226.27.241.45,
190.150.211.235,
161.72.189.112,
155.100.40.99,
195.83.30.116,
83.103.213.77,
147.239.238.236,
141.150.239.49,
29.45.157.4,
243.160.99.139,
41.138.194.6,
35.190.198.141,
88.236.46.6,
22.5.8.124,
133.120.33.168,
123.92.218.219,
33.60.72.86,
120.34.203.195,
100.132.239.22,
37.168.213.250,
191.191.93.130,
97.249.122.83,
93.93.74.91,
243.35.177.8,
15.94.8.205,
45.176.11.255,
51.219.33.140,
146.47.103.129,
131.110.207.185,
4.251.65.96,
190.235.103.104,
230.88.168.141,
139.226.9.160,
138.1.250.101,
177.236.230.242,
231.171.146.203,
68.25.242.71,
3.157.150.9,
240.50.171.110,
195.203.108.94,
139.45.65.160,
3.132.161.185,
50.168.81.77,
93.83.194.233,
115.91.49.247,
84.74.45.236,
131.83.92.112,
221.97.138.125,
249.93.45.237,
163.71.237.199,
208.204.178.253,
129.119.161.108,
61.37.23.92,
131.6.40.131,
161.238.93.230,
17.118.213.78,
30.230.213.61,
11.81.104.133,
203.22.161.7,
201.30.125.218,
253.161.120.135,
81.255.239.72,
67.230.104.140,
83.236.191.125,
6.35.80.119,
163.146.43.97,
82.51.139.80,
133.223.125.207,
10.139.17.25,
247.206.108.139,
9.140.191.35,
115.221.61.176,
236.9.133.119,
51.81.150.11,
161.203.40.77,
72.244.3.124,
22.241.185.81,
36.51.9.35,
6.5.4.17,
113.129.203.72,
84.99.37.116,
190.116.156.161,
36.81.72.192,
174.249.53.35,
132.89.194.237,
179.4.60.128,
7.130.50.206,
22.125.213.49,
199.245.83.238,
92.40.190.199,
91.81.255.125,
1.9.97.129,
94.219.190.123,
53.132.177.93,
77.5.89.150,
250.245.4.8,
22.147.139.219,
93.146.199.9,
199.8.92.169,
22.9.185.78,
161.123.67.139,
4.250.79.185,
23.251.233.15,
236.35.140.100,
81.53.96.236,
71.94.50.64,
5.72.213.38,
185.199.242.109,
35.51.179.171,
177.96.185.206,
29.68.83.254,
86.108.88.4,
60.221.255.206,
35.112.36.205,
116.132.75.133,
29.27.75.8,
77.127.138.249,
239.8.86.68,
203.60.91.130,
61.78.138.249,
23.185.131.185,
125.239.241.6,
194.203.94.245,
175.239.23.221,
77.51.40.51,
110.199.132.92,
33.60.75.174,
22.112.175.45,
146.11.75.74,
61.208.239.115,
88.245.230.204,
236.49.177.254,
130.46.150.206,
240.80.194.239,
130.91.125.45,
45.213.243.75,
60.249.112.122,
206.75.113.25,
38.49.125.96,
80.194.49.133,
160.109.119.130,
49.50.168.9,
8.239.78.6,
222.12.185.203,
242.4.83.204,
211.124.60.179,
110.72.218.138,
205.99.33.4,
213.249.221.21,
190.132.92.71,
4.161.141.82,
121.251.201.241,
35.21.38.8,
5.6.22.8,
123.203.18.25,
83.42.33.89,
81.103.72.239,
160.17.60.132,
239.97.29.9,
94.236.177.237,
8.131.239.71,
21.50.213.132,
29.120.133.169,
108.235.179.75,
203.245.169.237,
9.194.22.18,
18.53.218.10,
9.203.255.23,
160.158.206.239,
244.5.82.132,
161.93.60.123,
160.78.214.123,
235.245.72.65,
33.254.128.147,
4.127.159.235,
81.243.234.45,
135.9.91.233,
249.214.80.116,
29.45.203.131,
5.129.158.169,
109.93.11.225,
139.176.130.35,
233.1.206.131,
21.129.201.6,
199.91.146.43,
131.146.131.84,
240.96.160.35,
168.49.18.185,
82.53.77.205,
168.115.41.3,
53.220.18.30,
221.79.78.35,
4.236.80.177,
141.169.235.92,
18.192.206.93,
89.255.163.91,
83.239.75.119,
214.10.213.161,
128.243.17.51,
53.169.203.8,
194.243.245.86,
72.104.179.4,
131.254.51.45,
178.230.128.50,
130.188.203.175,
81.125.118.89,
67.40.6.4,
42.88.65.82,
201.131.160.74,
103.64.64.213,
103.255.204.33,
60.135.64.103,
94.83.7.81,
199.78.219.72,
204.7.51.123,
169.23.96.23,
185.94.33.194,
53.203.67.60,
161.79.75.46,
6.100.243.36,
77.60.213.225,
239.8.81.236,
204.218.67.97,
103.123.22.21,
177.35.214.51,
23.89.147.138,
113.133.125.103,
50.242.150.125,
177.33.83.199,
203.121.150.171,
93.65.22.30,
138.6.242.83,
3.239.222.121,
60.71.178.158,
4.188.35.50,
133.213.130.83,
206.130.221.51,
163.5.86.125,
110.97.40.213,
239.138.132.118,
127.50.94.49,
115.245.141.160,
119.146.84.9,
38.244.94.81,
150.139.231.104,
3.206.192.125,
130.237.23.161,
161.122.185.50,
237.213.161.245,
51.88.9.65,
34.213.3.120,
168.51.239.150,
33.247.185.8,
126.195.208.119,
161.198.23.141,
199.195.127.9,
159.225.201.213,
45.35.150.53,
127.168.139.38,
213.80.249.22,
80.88.128.205,
188.146.33.119,
51.127.50.8,
190.241.147.53,
133.88.33.86,
103.17.206.45,
240.6.211.225,
230.91.50.46,
11.231.123.213,
139.119.77.96,
67.185.178.120,
161.236.18.110,
88.75.5.9,
169.36.47.47,
190.132.78.6,
25.163.74.75,
50.240.65.245,
163.213.33.161,
233.245.161.237,
189.185.18.174,
81.108.109.68,
247.93.192.6,
17.8.225.191,
138.231.6.83,
88.86.120.207,
205.4.250.75,
41.11.27.45,
214.101.50.150,
169.41.118.50,
247.86.18.254,
41.125.96.221,
74.239.255.123,
199.41.163.61,
174.65.219.131,
4.33.51.92,
9.127.75.116,
1.245.132.150,
65.250.34.63,
29.163.175.161,
160.218.30.130,
30.235.190.41,
109.125.250.11,
96.65.190.88,
9.4.33.33,
234.120.189.140,
75.110.45.189,
74.213.125.161,
158.249.251.64,
23.72.206.204,
22.83.220.127,
207.158.1.82,
103.125.108.255,
86.86.68.194,
